# Blender 4.1.1
# www.blender.org
mtllib DungeonOBJ.mtl
o S_Stairs_Middle
v 2.500000 6.000000 -3.000000
v 2.500000 6.000000 3.000000
v 2.500000 0.000000 3.000000
v 2.500000 0.000000 -3.000000
v -2.500000 6.000000 -3.000000
v -2.500000 6.000000 3.000000
v -2.500000 0.000000 3.000000
v -2.500000 0.000000 -3.000000
v 2.121025 0.000000 -2.500001
v 2.500000 0.000000 -2.500001
v 2.121025 0.000000 -3.000001
v 2.500000 6.000000 -2.500001
v 2.121025 6.000000 -2.500001
v 2.121025 6.000000 -3.000001
v -2.121027 0.000000 -2.500000
v -2.500002 0.000000 -2.500000
v -2.121027 0.000000 -3.000000
v -2.500002 6.000000 -2.500000
v -2.121027 6.000000 -2.500000
v -2.121027 6.000000 -3.000000
v 2.121025 0.000000 2.500001
v 2.500000 0.000000 2.500001
v 2.121025 0.000000 3.000001
v 2.500000 6.000001 2.500001
v 2.121025 6.000001 2.500001
v 2.121025 6.000001 3.000001
v -2.121027 0.000000 2.500001
v -2.500002 0.000000 2.500001
v -2.121027 0.000000 3.000001
v -2.500002 6.000001 2.500001
v -2.121027 6.000001 2.500001
v -2.121027 6.000001 3.000001
v -2.500000 3.000000 -1.500000
v 2.500000 3.000000 -1.500000
v -2.500000 3.000000 -3.000000
v 2.500000 3.000000 -3.000000
v -2.500000 0.000000 1.500000
v 0.000000 3.000000 -1.500000
v 0.000000 3.000000 -3.000000
v 0.000000 0.000000 1.500000
v 2.500000 3.000000 -1.500000
v 0.000000 3.000000 -1.500000
v -2.500000 6.000000 3.000000
v 2.500000 6.000000 3.000000
v -2.500000 6.000000 1.500000
v 2.500000 6.000000 1.500000
v 0.000000 6.000000 3.000000
v 0.000000 6.000000 1.500000
v 2.500000 4.500000 -0.000000
v 0.000000 4.500000 0.000000
v 0.000000 3.750000 -0.750000
v 2.500000 3.750000 -0.750000
v 2.500000 5.250000 0.750000
v 0.000000 5.250000 0.750000
v 2.500000 5.625000 1.125000
v 0.000000 5.625000 1.125000
v 0.000000 4.875000 0.375000
v 2.500000 4.875000 0.375000
v 2.500000 4.125000 -0.375000
v 0.000000 4.125000 -0.375000
v 0.000000 3.375000 -1.125000
v 2.500000 3.375000 -1.125000
v 2.500000 6.000000 1.125000
v 0.000000 6.000000 1.125000
v 0.000000 5.250000 0.375000
v 2.500000 5.250000 0.375000
v 2.500000 4.500000 -0.375000
v 0.000000 4.500000 -0.375000
v 0.000000 3.750000 -1.125000
v 2.500000 3.750000 -1.125000
v 2.500000 3.375000 -1.500000
v 0.000000 3.375000 -1.500000
v 2.500000 4.875000 -0.000000
v 0.000000 4.875000 0.000000
v 0.000000 4.125000 -0.750000
v 2.500000 4.125000 -0.750000
v 2.500000 5.625000 0.750000
v 0.000000 5.625000 0.750000
v -2.500000 1.500000 0.000000
v 0.000000 1.500000 0.000000
v -2.500000 2.250000 -0.750000
v 0.000000 2.250000 -0.750000
v -2.500000 0.750000 0.750000
v 0.000000 0.750000 0.750000
v -2.500000 2.625000 -1.125000
v 0.000000 2.625000 -1.125000
v -2.500000 0.375000 1.125000
v 0.000000 0.375000 1.125000
v -2.500000 1.125000 0.375000
v 0.000000 1.125000 0.375000
v -2.500000 1.875000 -0.375000
v 0.000000 1.875000 -0.375000
v -2.500000 0.375000 1.500000
v 0.000000 0.375000 1.500000
v -2.500000 1.875000 0.000000
v 0.000000 1.875000 0.000000
v -2.500000 2.625000 -0.750000
v 0.000000 2.625000 -0.750000
v -2.500000 1.125000 0.750000
v 0.000000 1.125000 0.750000
v -2.500000 3.000000 -1.125000
v 0.000000 3.000000 -1.125000
v -2.500000 0.750000 1.125000
v 0.000000 0.750000 1.125000
v -2.500000 1.500000 0.375000
v 0.000000 1.500000 0.375000
v -2.500000 2.250000 -0.375000
v 0.000000 2.250000 -0.375000
v -2.500000 6.000000 1.500000
v -2.500000 5.900000 3.000000
v 2.500000 5.900000 3.000000
v -2.500000 5.900000 1.500000
v 2.500000 5.900000 1.500000
v 0.000000 6.000000 1.500000
v 0.000000 5.900000 3.000000
v 0.000000 5.900001 1.500000
v -2.500000 2.900000 -1.500000
v 2.500000 2.900000 -1.500000
v -2.500000 2.900000 -3.000000
v 2.500000 2.900000 -3.000000
v -0.000000 2.900000 -1.500000
v -0.000000 2.900000 -3.000000
v 0.000000 3.000000 -1.500502
v 0.000000 0.000000 1.499498
v 0.000000 -0.099497 1.500000
v -2.500000 -0.099497 1.500000
vn -0.7071 -0.0000 0.7071
vn -0.7071 -0.0000 -0.7071
vn 0.7071 -0.0000 0.7071
vn 0.7071 -0.0000 -0.7071
vn -0.0000 -0.0000 1.0000
vn -1.0000 -0.0000 -0.0000
vn 1.0000 -0.0000 -0.0000
vn -0.0000 -0.0000 -1.0000
vn -0.0000 1.0000 -0.0000
vn 0.1644 0.9864 -0.0000
vn 0.4472 -0.0000 0.8944
vn -0.4472 -0.0000 -0.8944
vn -0.1644 0.9864 -0.0000
vn -0.0000 0.7071 -0.7071
vn -0.5774 0.5773 -0.5773
vn -0.5774 0.5774 -0.5774
vn -0.0000 0.7071 0.7071
vn 0.5774 0.5773 0.5773
vn 0.5774 0.5774 0.5774
vn -0.0000 -1.0000 -0.0000
vn -0.0000 -0.7071 -0.7071
vn -0.0000 -0.9239 0.3827
vn -0.4473 -0.0000 -0.8944
vn -0.4825 -0.8708 -0.0942
vn -0.0000 -0.9239 -0.3826
vn 0.2811 -0.9597 -0.0000
vn 0.4450 -0.6333 -0.6332
vn -0.0000 -0.7072 -0.7070
vt 0.250100 0.968650
vt 0.250100 0.750100
vt 0.499900 0.750100
vt 0.499900 0.968650
vt 0.250100 0.968650
vt 0.250100 0.750100
vt 0.499900 0.750100
vt 0.499900 0.968650
vt 0.043628 0.500039
vt 0.022500 0.500039
vt 0.022500 0.749961
vt 0.043628 0.749961
vt 0.070838 0.500039
vt 0.070838 0.749961
vt 0.004358 0.672535
vt 0.004358 0.596305
vt 0.077472 0.596305
vt 0.077472 0.672535
vt 0.004358 0.748766
vt 0.077472 0.748766
vt 0.135224 0.594389
vt 0.135224 0.609590
vt 0.245864 0.609590
vt 0.245864 0.594389
vt 0.135224 0.715996
vt 0.135224 0.731196
vt 0.245864 0.731196
vt 0.245864 0.715996
vt 0.135224 0.533586
vt 0.135224 0.548787
vt 0.245864 0.548787
vt 0.245864 0.533586
vt 0.135224 0.655192
vt 0.135224 0.670393
vt 0.245864 0.670393
vt 0.245864 0.655192
vt 0.135224 0.746397
vt 0.245864 0.746397
vt 0.245864 0.685594
vt 0.135224 0.685594
vt 0.245864 0.624791
vt 0.135224 0.624791
vt 0.135224 0.563988
vt 0.245864 0.563988
vt 0.135224 0.700795
vt 0.245864 0.700795
vt 0.135224 0.503184
vt 0.135224 0.518385
vt 0.245864 0.518385
vt 0.245864 0.503184
vt 0.135224 0.639992
vt 0.245864 0.639992
vt 0.135224 0.579188
vt 0.245864 0.579188
vt 0.129418 0.625566
vt 0.129418 0.640801
vt 0.245468 0.640801
vt 0.245468 0.625566
vt 0.129418 0.716976
vt 0.129418 0.732211
vt 0.245468 0.732211
vt 0.245468 0.716976
vt 0.129418 0.656036
vt 0.129418 0.671271
vt 0.245468 0.671271
vt 0.245468 0.656036
vt 0.129418 0.686506
vt 0.129418 0.701741
vt 0.245468 0.701741
vt 0.245468 0.686506
vt 0.129418 0.534156
vt 0.129418 0.549391
vt 0.245468 0.549391
vt 0.245468 0.534156
vt 0.129418 0.564626
vt 0.129418 0.579861
vt 0.245468 0.579861
vt 0.245468 0.564626
vt 0.129418 0.595096
vt 0.129418 0.610331
vt 0.245468 0.610331
vt 0.245468 0.595096
vt 0.129418 0.503686
vt 0.129418 0.518921
vt 0.245468 0.518921
vt 0.245468 0.503686
vt 0.129418 0.747446
vt 0.245468 0.747446
vt 0.211160 0.739677
vt 0.211160 0.710315
vt 0.240521 0.739677
vt 0.181798 0.710315
vt 0.181798 0.680953
vt 0.152436 0.680953
vt 0.152436 0.651591
vt 0.123074 0.651591
vt 0.123074 0.622229
vt 0.093712 0.622229
vt 0.093712 0.592868
vt 0.064350 0.592868
vt 0.064350 0.563506
vt 0.034988 0.563506
vt 0.034988 0.534144
vt 0.005626 0.534144
vt 0.005626 0.504782
vt 0.036107 0.734233
vt 0.036107 0.707197
vt 0.009071 0.734233
vt 0.063143 0.707197
vt 0.063143 0.680161
vt 0.090179 0.680161
vt 0.090179 0.653125
vt 0.117215 0.653125
vt 0.117215 0.626089
vt 0.144250 0.626089
vt 0.144250 0.599054
vt 0.171286 0.599054
vt 0.171286 0.572018
vt 0.198322 0.572018
vt 0.198322 0.544982
vt 0.225358 0.544982
vt 0.225358 0.517946
vt 0.047472 0.742399
vt 0.047472 0.503695
vt 0.057020 0.503695
vt 0.057020 0.742399
vt 0.077472 0.748766
vt 0.212980 0.548137
vt 0.246005 0.548137
vt 0.246005 0.743569
vt 0.212980 0.743569
vt 0.037396 0.517962
vt 0.041114 0.514281
vt 0.041096 0.736252
vt 0.037396 0.739951
vt 0.077472 0.672535
vt 0.004358 0.672535
vt 0.004358 0.596305
vt 0.077472 0.596305
vt 0.004358 0.748766
vt 0.246005 0.743556
vt 0.212980 0.743556
vt 0.118100 0.548269
vt 0.118085 0.718412
vt 0.120907 0.721263
vt 0.120907 0.551105
s 1
usemtl M_DungeonEnviro
f 1/1/1 4/2/1 3/3/2 2/4/2
f 6/4/4 7/3/4 8/2/3 5/1/3
f 5/5/3 8/6/3 4/7/1 1/8/1
f 7/2/4 6/1/4 2/4/2 3/3/2
f 9/9/1 10/10/5 12/11/5 13/12/1
f 11/13/6 9/9/1 13/12/1 14/14/6
f 15/9/3 19/12/3 18/11/5 16/10/5
f 17/13/7 20/14/7 19/12/3 15/9/3
f 21/9/2 25/12/2 24/11/8 22/10/8
f 23/13/6 26/14/6 25/12/2 21/9/2
f 27/9/4 28/10/8 30/11/8 31/12/4
f 29/13/7 27/9/4 31/12/4 32/14/7
f 38/15/10 34/16/9 36/17/9 39/18/9
f 33/19/9 38/15/10 39/18/9 35/20/9
f 47/15/9 44/16/9 46/17/9 48/18/13
f 43/19/9 47/15/9 48/18/13 45/20/9
f 60/21/15 68/22/16 67/23/14 59/24/14
f 56/25/15 64/26/16 63/27/14 55/28/14
f 61/29/15 69/30/16 70/31/14 62/32/14
f 57/33/15 65/34/16 66/35/14 58/36/14
f 48/37/13 46/38/9 63/27/14 64/26/16
f 53/39/14 66/35/14 65/34/16 54/40/15
f 49/41/14 67/23/14 68/22/16 50/42/15
f 69/30/16 51/43/15 52/44/14 70/31/14
f 54/40/15 78/45/16 77/46/14 53/39/14
f 42/47/12 72/48/16 71/49/14 41/50/8
f 50/42/15 74/51/16 73/52/14 49/41/14
f 52/44/14 51/43/15 75/53/16 76/54/14
f 55/28/14 77/46/14 78/45/16 56/25/15
f 58/36/14 73/52/14 74/51/16 57/33/15
f 75/53/16 60/21/15 59/24/14 76/54/14
f 61/29/15 62/32/14 71/49/14 72/48/16
f 80/55/18 96/56/19 95/57/17 79/58/17
f 86/59/18 102/60/19 101/61/17 85/62/17
f 92/63/18 108/64/19 107/65/17 91/66/17
f 82/67/18 98/68/19 97/69/17 81/70/17
f 88/71/18 104/72/19 103/73/17 87/74/17
f 84/75/18 100/76/19 99/77/17 83/78/17
f 90/79/18 106/80/19 105/81/17 89/82/17
f 40/83/11 94/84/19 93/85/17 37/86/5
f 101/61/17 102/60/19 38/87/10 33/88/9
f 85/62/17 97/69/17 98/68/19 86/59/18
f 81/70/17 107/65/17 108/64/19 82/67/18
f 91/66/17 95/57/17 96/56/19 92/63/18
f 106/80/19 80/55/18 79/58/17 105/81/17
f 89/82/17 99/77/17 100/76/19 90/79/18
f 83/78/17 103/73/17 104/72/19 84/75/18
f 87/74/17 93/85/17 94/84/19 88/71/18
f 102/89/19 86/90/18 38/91/10
f 98/92/19 82/93/18 86/90/18
f 108/94/19 92/95/18 82/93/18
f 96/96/19 80/97/18 92/95/18
f 106/98/19 90/99/18 80/97/18
f 100/100/19 84/101/18 90/99/18
f 104/102/19 88/103/18 84/101/18
f 94/104/19 40/105/11 88/103/18
f 64/106/16 56/107/15 48/108/13
f 78/109/16 54/110/15 56/107/15
f 65/111/16 57/112/15 54/110/15
f 74/113/16 50/114/15 57/112/15
f 68/115/16 60/116/15 50/114/15
f 75/117/16 51/118/15 60/116/15
f 69/119/16 61/120/15 51/118/15
f 72/121/16 42/122/12 61/120/15
f 115/18/20 116/15/24 113/16/22 111/17/20
f 109/123/8 114/124/23 116/125/24 112/126/21
f 110/127/20 112/19/21 116/15/24 115/18/20
f 121/128/26 118/129/22 113/130/22 116/131/24
f 123/132/6 121/133/26 116/134/24 114/135/23
f 121/136/26 122/137/20 120/138/20 118/139/22
f 117/127/25 119/140/20 122/137/20 121/136/26
f 126/141/28 117/129/25 121/128/26 125/142/27
f 125/143/27 121/144/26 123/145/6 124/146/7
o S_Hall_End_Door
v 3.000000 0.200000 3.000000
v 3.000000 0.200000 -3.000000
v -3.000000 0.200000 3.000000
v -3.000000 0.200000 -3.000000
v 0.000000 0.200000 -3.000000
v 0.000000 0.000000 3.000000
v -2.000000 0.200000 -3.000000
v -2.000000 0.000000 3.000000
v 2.000000 0.000000 3.000000
v 2.000000 0.200000 -3.000000
v 2.200000 0.200000 3.000000
v 2.200000 0.200000 -3.000000
v -2.200000 0.200000 3.000000
v -2.200000 0.200000 -3.000000
v 3.000000 0.200000 -2.000000
v -3.000000 0.200000 -2.000000
v 2.000000 0.000000 -2.000000
v 0.000000 0.000000 -2.000000
v -2.000000 0.000000 -2.000000
v 2.200000 0.200000 -2.000000
v -2.200000 0.200000 -2.000000
v 3.000000 0.200000 -2.200000
v -3.000000 0.200000 -2.200000
v 2.000000 0.200000 -2.200000
v 0.000000 0.200000 -2.200000
v -2.000000 0.200000 -2.200000
v 2.200000 0.200000 -2.200000
v -2.200000 0.200000 -2.200000
v 2.300000 0.000000 2.500000
v 2.200000 4.900000 2.400000
v 2.500000 0.000000 2.500000
v 2.300000 0.000000 3.000000
v 2.200000 4.900000 3.000000
v 2.500000 4.700000 2.500000
v 2.300000 4.700000 2.500000
v 2.300000 4.700000 3.000000
v 2.500000 5.000000 2.400000
v 2.500000 4.900000 2.400000
v -0.000000 5.900001 3.000000
v -0.000000 5.900001 2.400000
v -0.000000 6.000000 2.400000
v 2.200000 5.158579 3.000000
v 2.200000 5.158579 2.400000
v 2.200000 5.300000 2.400000
v 0.940338 5.900000 3.000000
v 1.825030 5.533548 3.000000
v 0.939608 5.900000 2.400000
v 1.825546 5.533032 2.400000
v 1.867572 5.632428 2.400000
v 0.980175 6.000000 2.400000
v -2.300001 0.000000 2.500000
v -2.200001 4.900001 2.400000
v -2.500001 0.000000 2.500000
v -2.300001 0.000000 3.000000
v -2.200001 4.900001 3.000000
v -2.500001 4.700000 2.500000
v -2.300001 4.700000 2.500000
v -2.300001 4.700000 3.000000
v -2.500001 5.000000 2.400000
v -2.500001 4.900001 2.400000
v -2.200000 5.158579 3.000000
v -2.200000 5.158579 2.400000
v -2.200000 5.300001 2.400000
v -0.940338 5.900001 3.000000
v -1.825031 5.533549 3.000000
v -0.939609 5.900001 2.400000
v -1.825547 5.533033 2.400000
v -1.867573 5.632428 2.400000
v -0.980175 6.000001 2.400000
v 2.089601 0.000000 -2.500001
v 1.998749 4.900001 -2.400001
v 2.500000 0.000000 -2.500001
v 2.089601 0.000000 -2.900000
v 1.998749 4.900001 -2.900000
v 2.500000 4.700000 -2.500001
v 2.089601 4.700000 -2.500001
v 2.089601 4.700000 -2.900000
v 2.500000 5.000000 -2.400001
v 2.500000 4.900001 -2.400001
v -0.000001 5.900001 -2.900000
v -0.000001 5.900001 -2.400001
v -0.000001 6.000001 -2.400001
v 1.998748 5.300001 -2.900000
v 1.998748 5.300001 -2.400001
v 2.199999 5.300001 -2.400001
v 0.940337 5.900001 -2.900000
v 1.825030 5.533549 -2.900000
v 0.939608 5.900001 -2.400001
v 1.825546 5.533033 -2.400001
v 1.867572 5.632428 -2.400001
v 0.980174 6.000001 -2.400001
v -2.089603 0.000000 -2.500000
v -1.998751 4.900001 -2.400001
v -2.500002 0.000000 -2.500000
v -2.089603 0.000000 -2.900000
v -1.998751 4.900001 -2.900000
v -2.500002 4.700001 -2.500000
v -2.089603 4.700001 -2.500000
v -2.089603 4.700001 -2.900000
v -2.500002 5.000001 -2.400001
v -2.500002 4.900001 -2.400001
v -1.998750 5.300001 -2.900000
v -1.998750 5.300001 -2.400001
v -2.200001 5.300001 -2.400001
v -0.940339 5.900001 -2.900000
v -1.825032 5.533549 -2.900000
v -0.939610 5.900001 -2.400001
v -1.825548 5.533033 -2.400001
v -1.867574 5.632429 -2.400001
v -0.980176 6.000002 -2.400001
v 2.500000 5.000000 -2.900000
v 2.500000 5.000000 3.000000
v 0.000000 6.000000 3.000000
v 0.000000 6.000000 -2.900000
v 1.000000 6.000000 3.000000
v 1.853553 5.646447 3.000000
v 1.853553 5.646447 -2.900000
v 1.000000 6.000000 -2.900000
v 2.500000 0.500000 -2.900000
v 2.500000 0.500000 3.000000
v 2.400000 0.000000 3.000000
v 2.400000 0.000000 -2.900000
v 2.400000 0.300000 -2.900000
v 2.400000 0.300000 3.000000
v -2.500000 5.000000 -2.900000
v -2.500000 5.000000 3.000000
v -1.000000 6.000000 3.000000
v -1.853553 5.646447 3.000000
v -1.853553 5.646447 -2.900000
v -1.000000 6.000000 -2.900000
v -2.500000 0.500000 -2.900000
v -2.500000 0.500000 3.000000
v -2.400000 0.000000 3.000000
v -2.400000 0.000000 -2.900000
v -2.400000 0.300000 -2.900000
v -2.400000 0.300000 3.000000
v 0.000000 5.646447 -2.900000
v 0.000000 5.000000 -2.900000
v 0.435074 6.000000 -2.900000
v 0.435074 6.000000 3.000000
v 0.806434 5.646447 -2.900000
v 1.087686 5.000000 -2.900000
v 1.044179 0.000000 -2.900000
v 1.087686 0.499999 -2.900000
v 1.044179 0.299993 -2.900000
v -0.451863 6.000000 -2.900000
v -0.451863 6.000000 3.000000
v -1.084471 0.000000 -2.900000
v -0.837552 5.646447 -2.900000
v -1.129657 5.000000 -2.900000
v -1.129657 0.499999 -2.900000
v -1.084471 0.299994 -2.900000
v 2.500000 4.316920 3.000000
v 2.500000 4.316920 -2.900000
v -2.500000 4.316920 3.000000
v -2.500000 4.316920 -2.900000
v 0.000000 4.316920 -2.900000
v 1.087686 4.316920 -2.900000
v -1.129657 4.316920 -2.900000
v -0.934911 4.620000 -2.363570
v -1.274911 4.620000 -2.363570
v -0.934911 0.200000 -2.363570
v -1.274911 0.200000 -2.363570
v -0.854911 0.200000 -3.000000
v -0.934911 4.316920 -2.363570
v -1.274911 4.316920 -2.363570
v -0.854911 4.236920 -3.000000
v 0.000000 4.316920 -2.363570
v 0.000000 4.620001 -2.363570
v -0.000000 4.236920 -3.000000
v -0.854911 0.200000 -2.500000
v -0.854911 4.236920 -2.500000
v 0.000000 4.236920 -2.500000
v -1.354911 4.700000 -2.500000
v -0.934911 4.700000 -2.500000
v -1.354911 0.200000 -2.500000
v -1.354911 4.316920 -2.500000
v 0.000000 4.700001 -2.500000
v 0.934911 4.620001 -2.363570
v 1.274911 4.620001 -2.363570
v 0.934911 0.200000 -2.363570
v 1.274911 0.200000 -2.363570
v 0.854911 0.200000 -3.000000
v 0.934911 4.316920 -2.363570
v 1.274911 4.316920 -2.363570
v 0.854911 4.236920 -3.000000
v 0.854911 0.200000 -2.500000
v 0.854911 4.236920 -2.500000
v 1.354911 4.700001 -2.500000
v 0.934911 4.700001 -2.500000
v 1.354911 0.200000 -2.500000
v 1.354911 4.316920 -2.500000
vn -0.0000 1.0000 -0.0000
vn 0.3827 0.9239 -0.0000
vn -0.3827 0.9239 -0.0000
vn -0.3002 0.9054 0.3002
vn -0.0000 0.9239 0.3827
vn 0.3002 0.9054 0.3002
vn -0.1101 0.9878 0.1101
vn 0.1101 0.9878 0.1101
vn -0.7071 -0.0000 -0.7071
vn -0.6809 -0.2695 -0.6809
vn -0.0000 -0.0000 -1.0000
vn -1.0000 -0.0000 -0.0000
vn -0.9732 -0.2298 -0.0000
vn -0.0000 -0.2298 -0.9732
vn -0.6619 -0.3517 -0.6619
vn -0.0000 -0.2297 -0.9733
vn -0.0000 -1.0000 -0.0000
vn -0.0000 -0.7071 -0.7071
vn -0.9239 -0.3827 -0.0000
vn -0.5491 -0.2275 -0.8042
vn -0.1952 -0.9808 0.0002
vn -0.5554 -0.8316 0.0002
vn -0.1281 -0.6446 -0.7537
vn -0.3652 -0.5464 -0.7537
vn 0.7071 -0.0000 -0.7071
vn 0.6809 -0.2695 -0.6809
vn 1.0000 -0.0000 -0.0000
vn 0.9732 -0.2298 -0.0000
vn 0.6619 -0.3517 -0.6619
vn 0.9239 -0.3827 -0.0000
vn 0.5491 -0.2275 -0.8042
vn 0.1952 -0.9808 0.0002
vn 0.5554 -0.8316 0.0002
vn 0.1281 -0.6446 -0.7537
vn 0.3652 -0.5464 -0.7537
vn -0.7071 -0.0000 0.7071
vn -0.6801 -0.2611 0.6850
vn -0.0000 -0.0000 1.0000
vn -0.9774 -0.2116 -0.0000
vn -0.0000 -0.2298 0.9732
vn -0.6724 -0.3375 0.6587
vn -0.0000 -0.2297 0.9733
vn -0.0000 -0.7071 0.7071
vn -0.9493 -0.3143 0.0001
vn -0.5879 -0.1946 0.7851
vn -0.1953 -0.9808 -0.0003
vn -0.6146 -0.7889 -0.0002
vn -0.1281 -0.6446 0.7537
vn -0.3908 -0.5011 0.7721
vn 0.7071 -0.0000 0.7071
vn 0.6801 -0.2611 0.6850
vn 0.9774 -0.2116 -0.0000
vn 0.6724 -0.3375 0.6587
vn -0.0000 -0.2297 0.9732
vn 0.9493 -0.3143 0.0001
vn 0.5879 -0.1946 0.7851
vn 0.1953 -0.9808 -0.0003
vn 0.6146 -0.7889 -0.0002
vn 0.1281 -0.6446 0.7537
vn 0.3908 -0.5011 0.7721
vn -0.7173 -0.2971 0.6303
vn -0.1951 -0.9808 -0.0000
vn -0.5556 -0.8315 -0.0000
vn -0.4146 -0.6205 0.6657
vn -0.1456 -0.7319 0.6657
vn -0.7321 0.1728 0.6589
vn -0.9732 0.2298 -0.0000
vn -0.6295 0.1486 0.7627
vn 0.7173 -0.2971 0.6303
vn 0.1951 -0.9808 -0.0000
vn 0.5556 -0.8315 -0.0000
vn 0.4146 -0.6205 0.6657
vn 0.1456 -0.7319 0.6657
vn 0.7321 0.1728 0.6589
vn 0.9732 0.2298 -0.0000
vn 0.6295 0.1486 0.7627
vn -0.0000 0.4971 0.8677
vn -0.3994 0.3994 0.8252
vn 0.4971 -0.0000 0.8677
vn -0.4971 -0.0000 0.8677
vn 0.1590 -0.1590 0.9744
vn 0.7071 -0.7071 -0.0000
vn -0.0000 -0.4971 0.8677
vn 0.9650 -0.0000 0.2621
vn 0.6477 -0.6477 0.4013
vn -0.0000 -0.9650 0.2621
vn -0.5443 0.5443 0.6383
vn -0.0000 0.8626 0.5058
vn -0.8626 -0.0000 0.5058
vn 0.3994 0.3994 0.8252
vn -0.1590 -0.1590 0.9744
vn -0.7071 -0.7071 -0.0000
vn -0.9650 -0.0000 0.2621
vn -0.6477 -0.6477 0.4013
vn 0.5443 0.5443 0.6383
vn 0.8626 -0.0000 0.5058
vt 0.033407 0.623694
vt 0.033407 0.706961
vt 0.000100 0.706961
vt 0.000100 0.623694
vt 0.208266 0.791733
vt 0.208267 0.999900
vt 0.125000 0.999900
vt 0.125000 0.791733
vt 0.033407 0.516740
vt 0.000100 0.516740
vt 0.000100 0.500100
vt 0.033407 0.500100
vt 0.041733 0.516740
vt 0.041733 0.500100
vt 0.216593 0.520900
vt 0.216593 0.624900
vt 0.208267 0.624900
vt 0.208266 0.520900
vt 0.249900 0.520900
vt 0.249900 0.624900
vt 0.249900 0.516740
vt 0.216593 0.516740
vt 0.208266 0.516740
vt 0.041733 0.624900
vt 0.033407 0.624900
vt 0.033407 0.520900
vt 0.041733 0.520900
vt 0.000100 0.624900
vt 0.000100 0.520900
vt 0.033407 0.540427
vt 0.041733 0.540427
vt 0.041733 0.623694
vt 0.041733 0.999900
vt 0.041733 0.791733
vt 0.000100 0.540427
vt 0.216593 0.500100
vt 0.208266 0.500100
vt 0.249900 0.500100
vt 0.041733 0.706961
vt 0.084272 0.673426
vt 0.084272 0.685581
vt 0.120737 0.685581
vt 0.114659 0.673426
vt 0.090400 0.673325
vt 0.102656 0.685581
vt 0.102656 0.673325
vt 0.043628 0.500039
vt 0.043628 0.749961
vt 0.022500 0.749961
vt 0.022500 0.500039
vt 0.070838 0.500039
vt 0.070838 0.749961
vt 0.011837 0.741571
vt 0.028200 0.741571
vt 0.028200 0.745543
vt 0.011837 0.745543
vt 0.084272 0.701427
vt 0.084272 0.701296
vt 0.120737 0.701296
vt 0.086805 0.741571
vt 0.124840 0.741571
vt 0.124840 0.745543
vt 0.086805 0.745543
vt 0.048546 0.721513
vt 0.048546 0.741571
vt 0.028200 0.721513
vt 0.048546 0.745543
vt 0.086805 0.721513
vt 0.124840 0.721513
vt 0.237844 0.741571
vt 0.237844 0.745543
vt 0.221480 0.745543
vt 0.221480 0.741571
vt 0.162875 0.741571
vt 0.162875 0.745543
vt 0.201134 0.721513
vt 0.221480 0.721513
vt 0.201134 0.741571
vt 0.201134 0.745543
vt 0.162875 0.721513
vt 0.250100 0.948719
vt 0.499900 0.948720
vt 0.499900 0.968650
vt 0.250100 0.968650
vt 0.500000 0.750000
vt 0.500000 0.500000
vt 0.467678 0.500000
vt 0.467678 0.750000
vt 0.425000 0.500000
vt 0.425000 0.750000
vt 0.396754 0.750000
vt 0.396754 0.500000
vt 0.375000 0.500000
vt 0.375000 0.750000
vt 0.250100 0.763315
vt 0.499900 0.763315
vt 0.499900 0.791330
vt 0.250100 0.791330
vt 0.499900 0.797008
vt 0.250100 0.797008
vt 0.499900 0.948720
vt 0.250000 0.750000
vt 0.282322 0.750000
vt 0.282322 0.500000
vt 0.250000 0.500000
vt 0.325000 0.500000
vt 0.325000 0.750000
vt 0.352407 0.750000
vt 0.352407 0.500000
vt 0.333122 0.985269
vt 0.282322 0.985269
vt 0.250000 0.958333
vt 0.318517 0.958333
vt 0.375000 0.985269
vt 0.375000 1.000000
vt 0.352407 1.000000
vt 0.415322 0.985269
vt 0.375000 0.958333
vt 0.429384 0.958333
vt 0.396754 1.000000
vt 0.467678 0.985269
vt 0.425000 1.000000
vt 0.320776 0.750000
vt 0.320776 0.762500
vt 0.255000 0.762500
vt 0.255000 0.750000
vt 0.318517 0.929872
vt 0.375000 0.929872
vt 0.495000 0.762500
vt 0.427209 0.762500
vt 0.427209 0.750000
vt 0.495000 0.750000
vt 0.500000 0.770833
vt 0.429384 0.770833
vt 0.500000 0.958333
vt 0.500000 0.929872
vt 0.429384 0.929872
vt 0.318517 0.770833
vt 0.250000 0.770833
vt 0.250000 0.929872
vt 0.325000 1.000000
vt 0.250100 0.837352
vt 0.499900 0.837352
vt 0.213047 0.712577
vt 0.213047 0.743041
vt 0.241110 0.743041
vt 0.241110 0.712577
vt 0.208254 0.525464
vt 0.208254 0.707784
vt 0.213047 0.525464
vt 0.213047 0.747835
vt 0.169817 0.743041
vt 0.169817 0.747835
vt 0.245903 0.747835
vt 0.241110 0.525464
vt 0.086574 0.654092
vt 0.100887 0.654092
vt 0.100887 0.686517
vt 0.086574 0.686517
vt 0.169817 0.712577
vt 0.169817 0.707784
vt 0.100887 0.500983
vt 0.086574 0.500983
vt 0.245903 0.712577
vt 0.245903 0.525464
s 1
usemtl M_DungeonEnviro
f 151/147/33 150/148/33 136/149/29 131/150/29
f 145/151/34 134/152/30 132/153/29 144/154/33
f 153/155/35 148/156/29 128/157/29 138/158/29
f 150/159/33 153/155/35 138/158/29 136/160/29
f 147/161/30 139/162/30 134/163/30 145/164/34
f 142/165/29 129/166/29 139/162/30 147/161/30
f 149/167/29 142/165/29 147/161/30 154/168/36
f 154/168/36 145/164/34 152/169/33
f 135/170/31 137/171/31 146/172/31 143/173/32
f 137/171/31 127/174/29 141/175/29 146/172/31
f 152/176/33 145/177/34 144/178/33 151/147/33
f 132/153/29 135/179/31 143/180/32 144/154/33
f 133/181/29 152/176/33 151/147/33 131/150/29
f 140/182/29 154/168/36 152/169/33 133/183/29
f 130/184/29 149/167/29 154/168/36 140/182/29
f 143/173/32 153/155/35 150/159/33
f 146/172/31 141/175/29 148/156/29 153/155/35
f 144/178/33 143/185/32 150/148/33 151/147/33
f 153/155/35 143/173/32 146/172/31
f 145/164/34 154/168/36 147/161/30
f 162/186/41 159/187/41 156/188/38 161/189/43
f 161/190/43 156/187/38 164/191/44 160/192/42
f 155/193/37 161/194/43 160/195/42 157/196/39
f 158/197/40 162/198/41 161/194/43 155/193/37
f 164/199/44 169/200/48 170/201/39 163/202/39
f 164/191/44 156/187/38 169/203/48
f 156/188/38 159/187/41 168/204/47 169/205/48
f 173/206/51 166/207/46 167/208/39 176/209/39
f 172/210/50 174/211/52 169/200/48 168/212/47
f 169/200/48 174/211/52 175/213/39 170/201/39
f 171/214/49 173/206/51 174/211/52 172/210/50
f 173/206/51 176/209/39 175/213/39 174/211/52
f 173/206/51 171/214/49 165/215/45 166/207/46
f 184/186/56 183/189/57 178/188/54 181/187/56
f 183/190/57 182/192/42 186/191/44 178/187/54
f 177/193/53 179/196/39 182/195/42 183/194/57
f 180/197/55 177/193/53 183/194/57 184/198/56
f 186/216/44 185/217/39 189/218/39 188/219/59
f 186/191/44 188/203/59 178/187/54
f 178/188/54 188/205/59 187/204/58 181/187/56
f 192/220/62 195/221/39 167/208/39 166/207/46
f 191/222/61 187/223/58 188/219/59 193/224/63
f 188/219/59 189/218/39 194/225/39 193/224/63
f 190/226/60 191/222/61 193/224/63 192/220/62
f 192/220/62 193/224/63 194/225/39 195/221/39
f 192/220/62 166/207/46 165/215/45 190/226/60
f 203/186/67 202/189/69 197/188/65 200/187/67
f 202/190/69 201/192/68 205/191/70 197/187/65
f 196/193/64 198/196/66 201/195/68 202/194/69
f 199/197/40 196/193/64 202/194/69 203/198/67
f 205/199/70 204/202/66 211/201/66 210/200/73
f 205/191/70 210/203/73 197/187/65
f 197/188/65 210/205/73 209/204/72 200/187/67
f 214/206/76 217/209/66 208/208/66 207/207/71
f 213/210/75 209/212/72 210/200/73 215/211/77
f 210/200/73 211/201/66 216/213/66 215/211/77
f 212/214/74 213/210/75 215/211/77 214/206/76
f 214/206/76 215/211/77 216/213/66 217/209/66
f 214/206/76 207/207/71 206/215/45 212/214/74
f 225/186/80 222/187/80 219/188/79 224/189/81
f 224/190/81 219/187/79 227/191/82 223/192/68
f 218/193/78 224/194/81 223/195/68 220/196/66
f 221/197/55 225/198/80 224/194/81 218/193/78
f 227/216/82 229/219/84 230/218/66 226/217/66
f 227/191/82 219/187/79 229/203/84
f 219/188/79 222/187/80 228/204/83 229/205/84
f 233/220/87 207/207/71 208/208/66 236/221/66
f 232/222/86 234/224/88 229/219/84 228/223/83
f 229/219/84 234/224/88 235/225/66 230/218/66
f 231/226/85 233/220/87 234/224/88 232/222/86
f 233/220/87 236/221/66 235/225/66 234/224/88
f 233/220/87 231/226/85 206/215/45 207/207/71
f 280/227/64 279/228/40 238/229/47 237/230/89
f 237/231/89 238/232/47 242/233/91 243/234/92
f 241/235/90 244/236/93 243/234/92 242/233/91
f 265/237/71 266/238/45 239/239/45 240/240/71
f 248/241/64 247/242/40 250/243/95 249/244/96
f 246/245/95 245/246/94 249/244/96 250/243/95
f 282/227/78 251/230/97 252/229/58 281/247/55
f 251/248/97 255/249/100 254/250/99 252/251/58
f 253/252/98 254/250/99 255/249/100 256/253/101
f 272/254/71 240/240/71 239/239/45 273/255/45
f 260/241/78 261/244/104 262/243/103 259/242/55
f 258/245/103 262/243/103 261/244/104 257/246/102
f 275/256/66 255/257/100 251/258/97 276/259/66
f 275/256/66 263/260/66 240/261/71 272/262/71
f 267/263/66 263/260/66 264/264/66 268/265/66
f 265/266/71 267/263/66 243/267/92 244/268/93
f 274/269/66 278/270/66 261/271/104 260/272/78
f 285/273/66 283/274/66 264/264/66 276/259/66
f 249/275/96 271/276/66 269/277/66 248/278/64
f 245/279/94 270/280/66 271/276/66 249/275/96
f 240/261/71 263/260/66 267/263/66 265/266/71
f 243/267/92 267/263/66 268/265/66 237/281/89
f 280/282/64 284/283/66 270/280/66 245/279/94
f 244/236/93 241/235/90 266/238/45 265/237/71
f 261/271/104 278/270/66 277/284/66 257/285/102
f 282/286/78 285/273/66 276/259/66 251/258/97
f 255/257/100 275/256/66 272/262/71 256/287/101
f 263/260/66 275/256/66 276/259/66 264/264/66
f 256/253/101 272/254/71 273/255/45 253/252/98
f 257/285/102 277/284/66 285/273/66 282/286/78
f 237/281/89 268/265/66 284/283/66 280/282/64
f 268/265/66 264/264/66 283/274/66 284/283/66
f 257/288/102 282/227/78 281/247/55 258/289/103
f 245/288/94 246/289/95 279/228/40 280/227/64
f 291/290/109 286/291/105 287/292/106 292/293/108
f 297/294/112 298/295/113 291/290/109 288/296/107
f 301/297/116 286/291/105 295/298/105 304/299/116
f 300/300/115 287/292/106 286/291/105 301/297/116
f 288/296/107 291/290/109 292/293/108 289/301/108
f 298/302/113 293/303/110 296/304/45 299/305/114
f 286/291/105 291/290/109 294/306/111 295/298/105
f 291/290/109 298/295/113 299/307/114 294/306/111
f 290/308/55 293/303/110 298/302/113 297/309/112
f 289/301/108 292/293/108 303/310/117 302/311/117
f 292/293/108 287/292/106 300/300/115 303/310/117
f 310/290/119 311/293/107 306/292/118 305/291/105
f 313/294/121 307/296/108 310/290/119 314/295/122
f 316/297/116 304/299/116 295/298/105 305/291/105
f 315/300/123 316/297/116 305/291/105 306/292/118
f 307/296/108 308/301/107 311/293/107 310/290/119
f 314/302/122 299/305/114 296/304/45 312/303/120
f 305/291/105 295/298/105 294/306/111 310/290/119
f 310/290/119 294/306/111 299/307/114 314/295/122
f 309/308/40 313/309/121 314/302/122 312/303/120
f 308/301/107 317/311/124 318/310/124 311/293/107
f 311/293/107 318/310/124 315/300/123 306/292/118
o S_Hall_LargeDoor
v 3.000000 0.200000 3.000000
v 3.000000 0.200000 -3.000000
v -3.000000 0.200000 3.000000
v -3.000000 0.200000 -3.000000
v 0.000000 0.000000 -3.000000
v 0.000000 0.000000 3.000000
v -2.000000 0.000000 -3.000000
v -2.000000 0.000000 3.000000
v 2.000000 0.000000 3.000000
v 2.000000 0.000000 -3.000000
v 2.200000 0.200000 3.000000
v 2.200000 0.200000 -3.000000
v -2.200000 0.200000 3.000000
v -2.200000 0.200000 -3.000000
v 2.300000 0.000000 2.500000
v 2.200000 4.900000 2.400000
v 2.500000 0.000000 2.500000
v 2.300000 0.000000 3.000000
v 2.200000 4.900000 3.000000
v 2.500000 4.700000 2.500000
v 2.300000 4.700000 2.500000
v 2.300000 4.700000 3.000000
v 2.500000 5.000000 2.400000
v 2.500000 4.900000 2.400000
v -0.000000 5.900001 3.000000
v -0.000000 5.900001 2.400000
v -0.000000 6.000000 2.400000
v 2.200000 5.158579 3.000000
v 2.200000 5.158579 2.400000
v 2.200000 5.300000 2.400000
v 0.940338 5.900000 3.000000
v 1.825030 5.533548 3.000000
v 0.939608 5.900000 2.400000
v 1.825546 5.533032 2.400000
v 1.867572 5.632428 2.400000
v 0.980175 6.000000 2.400000
v -2.300001 0.000000 2.500000
v -2.200001 4.900001 2.400000
v -2.500001 0.000000 2.500000
v -2.300001 0.000000 3.000000
v -2.200001 4.900001 3.000000
v -2.500001 4.700000 2.500000
v -2.300001 4.700000 2.500000
v -2.300001 4.700000 3.000000
v -2.500001 5.000000 2.400000
v -2.500001 4.900001 2.400000
v -2.200000 5.158579 3.000000
v -2.200000 5.158579 2.400000
v -2.200000 5.300001 2.400000
v -0.940338 5.900001 3.000000
v -1.825031 5.533549 3.000000
v -0.939609 5.900001 2.400000
v -1.825547 5.533033 2.400000
v -1.867573 5.632428 2.400000
v -0.980175 6.000001 2.400000
v 2.300000 0.000000 -2.500001
v 2.200000 4.900001 -2.400001
v 2.500000 0.000000 -2.500001
v 2.300000 0.000000 -3.000001
v 2.200000 4.900001 -3.000001
v 2.500000 4.700000 -2.500001
v 2.300000 4.700000 -2.500001
v 2.300000 4.700000 -3.000001
v 2.500000 5.000000 -2.400001
v 2.500000 4.900001 -2.400001
v -0.000001 5.900001 -3.000001
v -0.000001 5.900001 -2.400001
v -0.000001 6.000001 -2.400001
v 2.199999 5.158579 -3.000001
v 2.199999 5.158579 -2.400001
v 2.199999 5.300001 -2.400001
v 0.940337 5.900001 -3.000001
v 1.825030 5.533549 -3.000001
v 0.939608 5.900001 -2.400001
v 1.825546 5.533033 -2.400001
v 1.867572 5.632428 -2.400001
v 0.980174 6.000001 -2.400001
v -2.300002 0.000000 -2.500000
v -2.200002 4.900001 -2.400001
v -2.500002 0.000000 -2.500000
v -2.300002 0.000000 -3.000000
v -2.200002 4.900001 -3.000000
v -2.500002 4.700001 -2.500000
v -2.300002 4.700001 -2.500000
v -2.300002 4.700001 -3.000000
v -2.500002 5.000001 -2.400001
v -2.500002 4.900001 -2.400001
v -2.200001 5.158580 -3.000000
v -2.200001 5.158580 -2.400001
v -2.200001 5.300001 -2.400001
v -0.940339 5.900001 -3.000000
v -1.825032 5.533549 -3.000000
v -0.939610 5.900001 -2.400001
v -1.825548 5.533033 -2.400001
v -1.867574 5.632429 -2.400001
v -0.980176 6.000002 -2.400001
v 2.500000 5.000000 -3.000000
v 2.500000 5.000000 3.000000
v 0.000000 6.000000 3.000000
v 0.000000 6.000000 -3.000000
v 1.000000 6.000000 3.000000
v 1.853553 5.646447 3.000000
v 1.853553 5.646447 -3.000000
v 1.000000 6.000000 -3.000000
v 2.500000 0.500000 -3.000000
v 2.500000 0.500000 3.000000
v 2.400000 0.000000 3.000000
v 2.400000 0.000000 -3.000000
v 2.400000 0.300000 -3.000000
v 2.400000 0.300000 3.000000
v -2.500000 5.000000 -3.000000
v -2.500000 5.000000 3.000000
v -1.000000 6.000000 3.000000
v -1.853553 5.646447 3.000000
v -1.853553 5.646447 -3.000000
v -1.000000 6.000000 -3.000000
v -2.500000 0.500000 -3.000000
v -2.500000 0.500000 3.000000
v -2.400000 0.000000 3.000000
v -2.400000 0.000000 -3.000000
v -2.400000 0.300000 -3.000000
v -2.400000 0.300000 3.000000
v -0.000000 5.212625 0.000000
v -2.100001 0.000000 0.000000
v -2.100001 4.412624 0.000000
v -0.786965 5.212625 0.000000
v -1.639201 4.859329 0.000000
v -0.000000 5.212626 0.311125
v -0.000000 6.000002 0.311125
v -2.100000 0.000000 0.211126
v -2.500002 0.000000 0.211126
v -2.500002 5.000000 0.211126
v -2.100000 4.412625 0.211126
v -1.853554 5.646447 0.311125
v -0.786235 5.212625 0.311125
v -1.639717 4.858814 0.311125
v -0.826802 6.000002 0.311125
v -0.253547 5.283413 0.426510
v -0.454064 6.000003 0.426510
v -0.304621 5.212625 0.311125
v -0.545528 6.000003 0.311125
v -0.454064 5.713370 0.426510
v -0.545528 5.725775 0.311125
v -0.000000 5.283413 0.426510
v -0.000000 6.000003 0.426510
v -0.000000 5.212626 0.311125
v -0.000000 5.713370 0.426510
v 2.100000 0.000000 0.000000
v 2.100000 4.412625 0.000000
v 0.786964 5.212626 0.000000
v 1.639200 4.859330 0.000000
v 2.100000 0.000000 0.211126
v 2.500001 0.000000 0.211126
v 2.500001 5.000001 0.211126
v 2.100000 4.412625 0.211126
v 1.853553 5.646448 0.311126
v 0.786235 5.212626 0.311126
v 1.639717 4.858814 0.311126
v 0.826801 6.000003 0.311126
v 0.253547 5.283413 0.426510
v 0.454063 6.000004 0.426510
v 0.304621 5.212626 0.311125
v 0.545528 6.000004 0.311125
v 0.454063 5.713371 0.426510
v 0.545528 5.725776 0.311125
v -0.000001 5.212626 -0.311125
v -0.000001 6.000003 -0.311125
v -2.100001 0.000000 -0.211126
v -2.500003 0.000000 -0.211126
v -2.500003 5.000001 -0.211126
v -2.100001 4.412625 -0.211126
v -1.853555 5.646448 -0.311126
v -0.786236 5.212626 -0.311126
v -1.639718 4.858814 -0.311126
v -0.826802 6.000003 -0.311126
v -0.253548 5.283413 -0.426510
v -0.454065 6.000004 -0.426510
v -0.304622 5.212626 -0.311125
v -0.545529 6.000004 -0.311125
v -0.454065 5.713371 -0.426510
v -0.545529 5.725776 -0.311125
v -0.000001 5.283413 -0.426510
v -0.000001 6.000004 -0.426510
v -0.000001 5.212626 -0.311125
v -0.000001 5.713371 -0.426510
v 2.099999 0.000000 -0.211126
v 2.500001 0.000000 -0.211126
v 2.500001 5.000001 -0.211126
v 2.099999 4.412626 -0.211126
v 1.853553 5.646448 -0.311126
v 0.786234 5.212626 -0.311126
v 1.639716 4.858815 -0.311126
v 0.826801 6.000004 -0.311126
v 0.253546 5.283414 -0.426510
v 0.454063 6.000005 -0.426510
v 0.304620 5.212626 -0.311125
v 0.545527 6.000005 -0.311125
v 0.454063 5.713371 -0.426510
v 0.545527 5.725776 -0.311125
vn -0.0000 1.0000 -0.0000
vn 0.3827 0.9239 -0.0000
vn -0.3827 0.9239 -0.0000
vn -0.7071 -0.0000 -0.7071
vn -0.6809 -0.2695 -0.6809
vn -0.0000 -0.0000 -1.0000
vn -1.0000 -0.0000 -0.0000
vn -0.9732 -0.2298 -0.0000
vn -0.0000 -0.2298 -0.9732
vn -0.6619 -0.3517 -0.6619
vn -0.0000 -0.2297 -0.9733
vn -0.0000 -1.0000 -0.0000
vn -0.0000 -0.7071 -0.7071
vn -0.9239 -0.3827 -0.0000
vn -0.5491 -0.2275 -0.8042
vn -0.1952 -0.9808 0.0002
vn -0.5554 -0.8316 0.0002
vn -0.1281 -0.6446 -0.7537
vn -0.3652 -0.5464 -0.7537
vn 0.7071 -0.0000 -0.7071
vn 0.6809 -0.2695 -0.6809
vn 1.0000 -0.0000 -0.0000
vn 0.9732 -0.2298 -0.0000
vn 0.6619 -0.3517 -0.6619
vn 0.9239 -0.3827 -0.0000
vn 0.5491 -0.2275 -0.8042
vn 0.1952 -0.9808 0.0002
vn 0.5554 -0.8316 0.0002
vn 0.1281 -0.6446 -0.7537
vn 0.3652 -0.5464 -0.7537
vn -0.7071 -0.0000 0.7071
vn -0.6809 -0.2695 0.6809
vn -0.0000 -0.0000 1.0000
vn -0.0000 -0.2298 0.9732
vn -0.6619 -0.3517 0.6619
vn -0.0000 -0.2297 0.9733
vn -0.0000 -0.7071 0.7071
vn -0.5491 -0.2275 0.8042
vn -0.1952 -0.9808 -0.0002
vn -0.5554 -0.8316 -0.0002
vn -0.1281 -0.6446 0.7537
vn -0.3652 -0.5464 0.7537
vn 0.7071 -0.0000 0.7071
vn 0.6809 -0.2695 0.6809
vn 0.6619 -0.3517 0.6619
vn 0.5491 -0.2275 0.8042
vn 0.1952 -0.9808 -0.0002
vn 0.5554 -0.8316 -0.0002
vn 0.1281 -0.6446 0.7537
vn 0.3652 -0.5464 0.7537
vn -0.1951 -0.9808 -0.0000
vn -0.5556 -0.8315 -0.0000
vn -0.9732 0.2298 -0.0000
vn 0.1951 -0.9808 -0.0000
vn 0.5556 -0.8315 -0.0000
vn 0.9732 0.2298 -0.0000
vn 0.9209 -0.3898 -0.0000
vn 0.1955 -0.9807 -0.0000
vn 0.5490 -0.8358 -0.0000
vn -0.0929 -0.0415 0.9948
vn 0.5309 -0.2691 0.8035
vn -0.0488 -0.0218 0.9986
vn 0.1281 -0.6447 0.7537
vn 0.2930 -0.5686 0.7687
vn -0.2891 -0.4733 0.8321
vn -0.4352 -0.0000 0.9003
vn -0.4333 -0.6684 0.6046
vn -0.7837 -0.0000 0.6212
vn -0.4822 -0.1249 0.8671
vn -0.7834 -0.1525 0.6025
vn -0.0000 -0.4884 0.8726
vn -0.0000 -0.8524 0.5229
vn -0.9209 -0.3898 -0.0000
vn -0.1955 -0.9807 -0.0000
vn -0.5490 -0.8358 -0.0000
vn 0.0929 -0.0415 0.9948
vn -0.5309 -0.2691 0.8035
vn 0.0488 -0.0218 0.9986
vn -0.1281 -0.6447 0.7537
vn -0.2930 -0.5686 0.7687
vn 0.2891 -0.4733 0.8321
vn 0.4352 -0.0000 0.9003
vn 0.4333 -0.6684 0.6046
vn 0.7837 -0.0000 0.6212
vn 0.4822 -0.1249 0.8671
vn 0.7834 -0.1525 0.6025
vn -0.0929 -0.0415 -0.9948
vn 0.5309 -0.2691 -0.8035
vn -0.0488 -0.0218 -0.9986
vn 0.1281 -0.6447 -0.7537
vn 0.2930 -0.5686 -0.7687
vn -0.2891 -0.4733 -0.8321
vn -0.4352 -0.0000 -0.9003
vn -0.4333 -0.6684 -0.6046
vn -0.7837 -0.0000 -0.6212
vn -0.4822 -0.1249 -0.8671
vn -0.7834 -0.1525 -0.6025
vn -0.0000 -0.4884 -0.8726
vn -0.0000 -0.8524 -0.5229
vn 0.0929 -0.0415 -0.9948
vn -0.5309 -0.2691 -0.8035
vn 0.0488 -0.0218 -0.9986
vn -0.1281 -0.6447 -0.7537
vn -0.2930 -0.5686 -0.7687
vn 0.2891 -0.4733 -0.8321
vn 0.4352 -0.0000 -0.9003
vn 0.4333 -0.6684 -0.6046
vn 0.7837 -0.0000 -0.6212
vn 0.4822 -0.1249 -0.8671
vn 0.7834 -0.1525 -0.6025
vt 0.125000 0.999900
vt 0.041733 0.999900
vt 0.041733 0.750100
vt 0.125000 0.750100
vt 0.208266 0.750100
vt 0.208267 0.999900
vt 0.033407 0.624900
vt 0.000100 0.624900
vt 0.000100 0.500100
vt 0.033407 0.500100
vt 0.041733 0.624900
vt 0.041733 0.500100
vt 0.216593 0.500100
vt 0.216593 0.624900
vt 0.208267 0.624900
vt 0.208266 0.500100
vt 0.249900 0.500100
vt 0.249900 0.624900
vt 0.084272 0.673426
vt 0.084272 0.685581
vt 0.120737 0.685581
vt 0.114659 0.673426
vt 0.090400 0.673325
vt 0.102656 0.685581
vt 0.102656 0.673325
vt 0.043628 0.500039
vt 0.043628 0.749961
vt 0.022500 0.749961
vt 0.022500 0.500039
vt 0.070838 0.500039
vt 0.070838 0.749961
vt 0.011837 0.741571
vt 0.028200 0.741571
vt 0.028200 0.745543
vt 0.011837 0.745543
vt 0.084272 0.701427
vt 0.084272 0.701296
vt 0.120737 0.701296
vt 0.086805 0.741571
vt 0.124840 0.741571
vt 0.124840 0.745543
vt 0.086805 0.745543
vt 0.048546 0.721513
vt 0.048546 0.741571
vt 0.028200 0.721513
vt 0.048546 0.745543
vt 0.086805 0.721513
vt 0.124840 0.721513
vt 0.237844 0.741571
vt 0.237844 0.745543
vt 0.221480 0.745543
vt 0.221480 0.741571
vt 0.162875 0.741571
vt 0.162875 0.745543
vt 0.201134 0.721513
vt 0.221480 0.721513
vt 0.201134 0.741571
vt 0.201134 0.745543
vt 0.162875 0.721513
vt 0.250100 0.837352
vt 0.499900 0.837352
vt 0.499900 0.968650
vt 0.250100 0.968650
vt 0.500000 0.750000
vt 0.500000 0.500000
vt 0.467678 0.500000
vt 0.467678 0.750000
vt 0.425000 0.500000
vt 0.425000 0.750000
vt 0.375000 0.500000
vt 0.375000 0.750000
vt 0.250100 0.775531
vt 0.499900 0.775531
vt 0.499900 0.789212
vt 0.250100 0.789212
vt 0.499900 0.794695
vt 0.250100 0.794695
vt 0.250000 0.750000
vt 0.282322 0.750000
vt 0.282322 0.500000
vt 0.250000 0.500000
vt 0.325000 0.500000
vt 0.325000 0.750000
vt 0.054647 0.555097
vt 0.067053 0.555097
vt 0.067124 0.577081
vt 0.054727 0.577075
vt 0.066612 0.500593
vt 0.054146 0.500633
vt 0.005126 0.747970
vt 0.005076 0.714100
vt 0.011819 0.714098
vt 0.011869 0.747967
vt 0.067217 0.606248
vt 0.067294 0.630120
vt 0.054919 0.630098
vt 0.054833 0.606233
vt 0.005069 0.693606
vt 0.015005 0.693626
vt 0.005064 0.664144
vt 0.014999 0.664121
vt 0.005064 0.639014
vt 0.014999 0.639014
vt 0.103059 0.730441
vt 0.103059 0.747378
vt 0.087760 0.747378
vt 0.087760 0.730441
vt 0.084678 0.747378
vt 0.084678 0.731174
vt 0.094516 0.712010
vt 0.092795 0.707827
vt 0.103059 0.712010
vt 0.103059 0.707827
vt 0.055192 0.705098
vt 0.055112 0.683121
vt 0.067464 0.683158
vt 0.067535 0.705142
vt 0.067976 0.747927
vt 0.055693 0.747843
vt 0.005126 0.501758
vt 0.011869 0.501761
vt 0.011819 0.563929
vt 0.005076 0.563927
vt 0.067371 0.653991
vt 0.055006 0.653962
vt 0.015005 0.584401
vt 0.005069 0.584421
vt 0.005064 0.613882
vt 0.014999 0.613906
vt 0.118357 0.730441
vt 0.118357 0.747378
vt 0.121439 0.731174
vt 0.121439 0.747378
vt 0.111601 0.712010
vt 0.113322 0.707827
s 1
usemtl M_DungeonEnviro
f 324/312/125 327/313/127 328/314/127 323/315/125
f 325/316/126 326/317/126 324/312/125 323/315/125
f 329/318/127 319/319/125 320/320/125 330/321/127
f 327/322/127 329/318/127 330/321/127 328/323/127
f 332/324/126 331/325/126 326/326/126 325/327/126
f 322/328/125 321/329/125 331/325/126 332/324/126
f 340/330/132 337/331/132 334/332/129 339/333/134
f 339/334/134 334/331/129 342/335/135 338/336/133
f 333/337/128 339/338/134 338/339/133 335/340/130
f 336/341/131 340/342/132 339/338/134 333/337/128
f 342/343/135 347/344/139 348/345/130 341/346/130
f 342/335/135 334/331/129 347/347/139
f 334/332/129 337/331/132 346/348/138 347/349/139
f 351/350/142 344/351/137 345/352/130 354/353/130
f 350/354/141 352/355/143 347/344/139 346/356/138
f 347/344/139 352/355/143 353/357/130 348/345/130
f 349/358/140 351/350/142 352/355/143 350/354/141
f 351/350/142 354/353/130 353/357/130 352/355/143
f 351/350/142 349/358/140 343/359/136 344/351/137
f 362/330/147 361/333/148 356/332/145 359/331/147
f 361/334/148 360/336/133 364/335/135 356/331/145
f 355/337/144 357/340/130 360/339/133 361/338/148
f 358/341/146 355/337/144 361/338/148 362/342/147
f 364/360/135 363/361/130 367/362/130 366/363/150
f 364/335/135 366/347/150 356/331/145
f 356/332/145 366/349/150 365/348/149 359/331/147
f 370/364/153 373/365/130 345/352/130 344/351/137
f 369/366/152 365/367/149 366/363/150 371/368/154
f 366/363/150 367/362/130 372/369/130 371/368/154
f 368/370/151 369/366/152 371/368/154 370/364/153
f 370/364/153 371/368/154 372/369/130 373/365/130
f 370/364/153 344/351/137 343/359/136 368/370/151
f 381/330/132 380/333/159 375/332/156 378/331/132
f 380/334/159 379/336/158 383/335/160 375/331/156
f 374/337/155 376/340/157 379/339/158 380/338/159
f 377/341/131 374/337/155 380/338/159 381/342/132
f 383/343/160 382/346/157 389/345/157 388/344/162
f 383/335/160 388/347/162 375/331/156
f 375/332/156 388/349/162 387/348/138 378/331/132
f 392/350/165 395/353/157 386/352/157 385/351/161
f 391/354/164 387/356/138 388/344/162 393/355/166
f 388/344/162 389/345/157 394/357/157 393/355/166
f 390/358/163 391/354/164 393/355/166 392/350/165
f 392/350/165 393/355/166 394/357/157 395/353/157
f 392/350/165 385/351/161 384/359/136 390/358/163
f 403/330/147 400/331/147 397/332/168 402/333/169
f 402/334/169 397/331/168 405/335/160 401/336/158
f 396/337/167 402/338/169 401/339/158 398/340/157
f 399/341/146 403/342/147 402/338/169 396/337/167
f 405/360/160 407/363/170 408/362/157 404/361/157
f 405/335/160 397/331/168 407/347/170
f 397/332/168 400/331/147 406/348/149 407/349/170
f 411/364/173 385/351/161 386/352/157 414/365/157
f 410/366/172 412/368/174 407/363/170 406/367/149
f 407/363/170 412/368/174 413/369/157 408/362/157
f 409/370/171 411/364/173 412/368/174 410/366/172
f 411/364/173 414/365/157 413/369/157 412/368/174
f 411/364/173 409/370/171 384/359/136 385/351/161
f 423/371/177 424/372/177 416/373/138 415/374/138
f 415/375/138 416/376/138 420/377/176 421/378/176
f 419/379/175 422/380/175 421/378/176 420/377/176
f 422/380/175 419/379/175 417/381/136 418/382/136
f 426/383/131 425/384/131 428/385/177 427/386/177
f 424/387/177 423/388/177 427/386/177 428/385/177
f 435/371/180 429/374/149 430/373/149 436/372/180
f 429/389/149 433/390/179 432/391/179 430/392/149
f 431/393/178 432/391/179 433/390/179 434/394/178
f 434/394/178 418/382/136 417/381/136 431/393/178
f 438/383/146 439/386/180 440/385/180 437/384/146
f 436/387/180 440/385/180 439/386/180 435/388/180
f 450/395/184 451/396/185 454/397/188 452/398/186
f 448/399/167 451/396/185 450/395/184 449/400/157
f 442/401/146 443/402/181 451/403/185 448/404/167
f 453/405/187 446/406/161 447/407/157 455/408/157
f 443/402/181 445/409/183 454/410/188 451/403/185
f 444/411/182 453/412/187 454/410/188 445/409/183
f 453/405/187 455/408/157 452/398/186 454/397/188
f 453/412/187 444/411/182 441/413/136 446/414/161
f 465/415/157 463/416/157 457/417/190 460/418/193
f 460/418/193 457/417/190 459/419/192 461/420/194
f 456/421/189 460/418/193 461/420/194 458/422/191
f 462/423/195 465/415/157 460/418/193 456/421/189
f 458/422/191 464/424/196 462/423/195 456/421/189
f 472/425/200 474/426/202 476/427/204 473/428/201
f 470/429/155 471/430/157 472/425/200 473/428/201
f 466/431/131 470/432/155 473/433/201 467/434/197
f 475/435/203 477/436/157 447/407/157 446/406/161
f 467/434/197 473/433/201 476/437/204 469/438/199
f 468/439/198 469/438/199 476/437/204 475/440/203
f 475/435/203 476/427/204 474/426/202 477/436/157
f 475/440/203 446/414/161 441/413/136 468/439/198
f 465/415/157 482/441/209 479/442/206 463/416/157
f 482/441/209 483/443/210 481/444/208 479/442/206
f 478/445/205 480/446/207 483/443/210 482/441/209
f 462/423/195 478/445/205 482/441/209 465/415/157
f 480/446/207 478/445/205 462/423/195 464/424/196
f 488/395/211 490/398/213 492/397/215 489/396/212
f 486/399/144 487/400/130 488/395/211 489/396/212
f 442/401/146 486/404/144 489/403/212 443/402/181
f 491/405/214 493/408/130 485/407/130 484/406/137
f 443/402/181 489/403/212 492/410/215 445/409/183
f 444/411/182 445/409/183 492/410/215 491/412/214
f 491/405/214 492/397/215 490/398/213 493/408/130
f 491/412/214 484/414/137 441/413/136 444/411/182
f 503/415/130 498/418/220 495/417/217 501/416/130
f 498/418/220 499/420/221 497/419/219 495/417/217
f 494/421/216 496/422/218 499/420/221 498/418/220
f 500/423/222 494/421/216 498/418/220 503/415/130
f 496/422/218 494/421/216 500/423/222 502/424/223
f 506/425/224 507/428/225 510/427/228 508/426/226
f 504/429/128 507/428/225 506/425/224 505/430/130
f 466/431/131 467/434/197 507/433/225 504/432/128
f 509/435/227 484/406/137 485/407/130 511/436/130
f 467/434/197 469/438/199 510/437/228 507/433/225
f 468/439/198 509/440/227 510/437/228 469/438/199
f 509/435/227 511/436/130 508/426/226 510/427/228
f 509/440/227 468/439/198 441/413/136 484/414/137
f 503/415/130 501/416/130 513/442/230 516/441/233
f 516/441/233 513/442/230 515/444/232 517/443/234
f 512/445/229 516/441/233 517/443/234 514/446/231
f 500/423/222 503/415/130 516/441/233 512/445/229
f 514/446/231 502/424/223 500/423/222 512/445/229
o S_Hall_2Door
v 3.000000 0.200000 3.000000
v 3.000000 0.200000 -3.000000
v -3.000000 0.200000 3.000000
v -3.000000 0.200000 -3.000000
v 0.000000 0.000000 -3.000000
v 0.000000 0.000000 3.000000
v -2.000000 0.000000 -3.000000
v -2.000000 0.000000 3.000000
v 2.000000 0.000000 3.000000
v 2.000000 0.000000 -3.000000
v 2.200000 0.200000 3.000000
v 2.200000 0.200000 -3.000000
v -2.200000 0.200000 3.000000
v -2.200000 0.200000 -3.000000
v 2.363570 4.620000 -0.934911
v 2.363570 4.620000 -1.274911
v 2.363570 0.200000 -0.934911
v 2.363570 0.200000 -1.274911
v 3.000000 0.200000 -0.854911
v 2.363570 4.316920 -0.934911
v 2.363570 4.316920 -1.274911
v 3.000000 4.236920 -0.854911
v 2.363570 4.316920 0.000000
v 2.363570 4.620001 0.000000
v 3.000000 4.236920 0.000000
v 2.500000 0.200000 -0.854911
v 2.500000 4.236920 -0.854911
v 2.500000 4.236920 0.000000
v 2.500000 4.700000 -1.354911
v 2.500000 4.700000 -0.934911
v 2.500000 0.200000 -1.354911
v 2.500000 4.316920 -1.354911
v 2.500000 4.700001 0.000000
v 2.363570 4.620001 0.934911
v 2.363570 4.620001 1.274911
v 2.363570 0.200000 0.934911
v 2.363570 0.200000 1.274911
v 3.000000 0.200000 0.854911
v 2.363570 4.316920 0.934911
v 2.363570 4.316920 1.274911
v 3.000000 4.236920 0.854911
v 2.500000 0.200000 0.854911
v 2.500000 4.236920 0.854911
v 2.500000 4.700001 1.354911
v 2.500000 4.700001 0.934911
v 2.500000 0.200000 1.354911
v 2.500000 4.316920 1.354911
v -2.363571 4.620001 -0.934911
v -2.363571 4.620001 -1.274911
v -2.363571 0.200000 -0.934911
v -2.363571 0.200000 -1.274911
v -3.000000 0.200000 -0.854911
v -2.363571 4.316920 -0.934911
v -2.363571 4.316920 -1.274911
v -3.000000 4.236920 -0.854911
v -2.363571 4.316921 0.000000
v -2.363571 4.620001 0.000000
v -3.000000 4.236921 0.000000
v -2.500000 0.200000 -0.854911
v -2.500000 4.236920 -0.854911
v -2.500000 4.236921 0.000000
v -2.500000 4.700001 -1.354911
v -2.500000 4.700001 -0.934911
v -2.500000 0.200000 -1.354911
v -2.500000 4.316920 -1.354911
v -2.500000 4.700001 0.000000
v -2.363571 4.620001 0.934911
v -2.363571 4.620001 1.274911
v -2.363571 0.200000 0.934911
v -2.363571 0.200000 1.274911
v -3.000000 0.200000 0.854911
v -2.363571 4.316921 0.934911
v -2.363571 4.316921 1.274911
v -3.000000 4.236921 0.854911
v -2.500000 0.200000 0.854911
v -2.500000 4.236921 0.854911
v -2.500000 4.700001 1.354911
v -2.500000 4.700001 0.934911
v -2.500000 0.200000 1.354911
v -2.500000 4.316921 1.354911
v 2.300000 0.000000 2.500000
v 2.200000 4.900000 2.400000
v 2.500000 0.000000 2.500000
v 2.300000 0.000000 3.000000
v 2.200000 4.900000 3.000000
v 2.500000 4.700000 2.500000
v 2.300000 4.700000 2.500000
v 2.300000 4.700000 3.000000
v 2.500000 5.000000 2.400000
v 2.500000 4.900000 2.400000
v -0.000000 5.900001 3.000000
v -0.000000 5.900001 2.400000
v -0.000000 6.000000 2.400000
v 2.200000 5.158579 3.000000
v 2.200000 5.158579 2.400000
v 2.200000 5.300000 2.400000
v 0.940338 5.900000 3.000000
v 1.825030 5.533548 3.000000
v 0.939608 5.900000 2.400000
v 1.825546 5.533032 2.400000
v 1.867572 5.632428 2.400000
v 0.980175 6.000000 2.400000
v -2.300001 0.000000 2.500000
v -2.200001 4.900001 2.400000
v -2.500001 0.000000 2.500000
v -2.300001 0.000000 3.000000
v -2.200001 4.900001 3.000000
v -2.500001 4.700000 2.500000
v -2.300001 4.700000 2.500000
v -2.300001 4.700000 3.000000
v -2.500001 5.000000 2.400000
v -2.500001 4.900001 2.400000
v -2.200000 5.158579 3.000000
v -2.200000 5.158579 2.400000
v -2.200000 5.300001 2.400000
v -0.940338 5.900001 3.000000
v -1.825031 5.533549 3.000000
v -0.939609 5.900001 2.400000
v -1.825547 5.533033 2.400000
v -1.867573 5.632428 2.400000
v -0.980175 6.000001 2.400000
v 2.300000 0.000000 -2.500001
v 2.200000 4.900001 -2.400001
v 2.500000 0.000000 -2.500001
v 2.300000 0.000000 -3.000001
v 2.200000 4.900001 -3.000001
v 2.500000 4.700000 -2.500001
v 2.300000 4.700000 -2.500001
v 2.300000 4.700000 -3.000001
v 2.500000 5.000000 -2.400001
v 2.500000 4.900001 -2.400001
v -0.000001 5.900001 -3.000001
v -0.000001 5.900001 -2.400001
v -0.000001 6.000001 -2.400001
v 2.199999 5.158579 -3.000001
v 2.199999 5.158579 -2.400001
v 2.199999 5.300001 -2.400001
v 0.940337 5.900001 -3.000001
v 1.825030 5.533549 -3.000001
v 0.939608 5.900001 -2.400001
v 1.825546 5.533033 -2.400001
v 1.867572 5.632428 -2.400001
v 0.980174 6.000001 -2.400001
v -2.300002 0.000000 -2.500000
v -2.200002 4.900001 -2.400001
v -2.500002 0.000000 -2.500000
v -2.300002 0.000000 -3.000000
v -2.200002 4.900001 -3.000000
v -2.500002 4.700001 -2.500000
v -2.300002 4.700001 -2.500000
v -2.300002 4.700001 -3.000000
v -2.500002 5.000001 -2.400001
v -2.500002 4.900001 -2.400001
v -2.200001 5.158580 -3.000000
v -2.200001 5.158580 -2.400001
v -2.200001 5.300001 -2.400001
v -0.940339 5.900001 -3.000000
v -1.825032 5.533549 -3.000000
v -0.939610 5.900001 -2.400001
v -1.825548 5.533033 -2.400001
v -1.867574 5.632429 -2.400001
v -0.980176 6.000002 -2.400001
v 2.500000 5.000000 -3.000000
v 2.500000 5.000000 3.000000
v 0.000000 6.000000 3.000000
v 0.000000 6.000000 -3.000000
v 1.000000 6.000000 3.000000
v 1.853553 5.646447 3.000000
v 1.853553 5.646447 -3.000000
v 1.000000 6.000000 -3.000000
v 2.500000 0.500000 -3.000000
v 2.500000 0.500000 3.000000
v 2.400000 0.000000 3.000000
v 2.400000 0.000000 -3.000000
v 2.400000 0.300000 -3.000000
v 2.400000 0.300000 3.000000
v -2.500000 5.000000 -3.000000
v -2.500000 5.000000 3.000000
v -1.000000 6.000000 3.000000
v -1.853553 5.646447 3.000000
v -1.853553 5.646447 -3.000000
v -1.000000 6.000000 -3.000000
v -2.500000 0.500000 -3.000000
v -2.500000 0.500000 3.000000
v -2.400000 0.000000 3.000000
v -2.400000 0.000000 -3.000000
v -2.400000 0.300000 -3.000000
v -2.400000 0.300000 3.000000
v 2.500000 4.411132 3.000000
v 2.500000 4.411132 -3.000000
v 2.500000 5.000000 0.000000
v 0.000000 6.000000 0.000000
v 1.000000 6.000000 0.000000
v 1.853553 5.646447 0.000000
v -2.500000 5.000000 0.000000
v -1.000000 6.000000 0.000000
v -1.853553 5.646447 0.000000
v 2.500000 4.411132 0.000000
v 1.853553 5.646447 1.104911
v -1.853553 5.646447 1.104911
v 2.500000 5.000000 1.104911
v 0.000000 6.000000 1.104911
v 1.000000 6.000000 1.104911
v 2.500000 0.500000 1.104911
v 2.400000 0.000000 1.104911
v 2.400000 0.300000 1.104911
v -2.500000 5.000000 1.104911
v -1.000000 6.000000 1.104911
v -2.500000 0.500000 1.104911
v -2.400000 0.000000 1.104911
v -2.400000 0.300000 1.104911
v 2.500000 4.411132 1.104911
v 2.500000 5.000000 -1.104911
v 0.000000 6.000000 -1.104911
v 1.000000 6.000000 -1.104911
v 2.500000 0.500000 -1.104911
v 2.400000 0.000000 -1.104911
v 2.400000 0.300000 -1.104911
v -2.500000 5.000000 -1.104911
v -1.000000 6.000000 -1.104911
v -2.500000 0.500000 -1.104911
v -2.400000 0.000000 -1.104911
v -2.400000 0.300000 -1.104911
v 2.500000 4.411132 -1.104911
v 1.853553 5.646447 -1.104911
v -1.853553 5.646447 -1.104911
v -2.500000 4.411132 3.000000
v -2.500000 4.411132 -3.000000
v -2.500000 4.411132 0.000000
v -2.500000 4.411132 1.104911
v -2.500000 4.411132 -1.104911
vn -0.0000 1.0000 -0.0000
vn 0.3827 0.9239 -0.0000
vn -0.3827 0.9239 -0.0000
vn -0.8677 0.4971 -0.0000
vn -0.8252 0.3994 -0.3994
vn -0.8677 -0.0000 0.4971
vn -0.8677 -0.0000 -0.4971
vn -0.0000 -0.0000 1.0000
vn -0.9744 -0.1590 0.1590
vn -0.0000 -0.7071 0.7071
vn -0.8677 -0.4971 -0.0000
vn -0.0000 -1.0000 -0.0000
vn -0.2621 -0.0000 0.9650
vn -0.4013 -0.6477 0.6477
vn -0.2621 -0.9650 -0.0000
vn -0.6383 0.5443 -0.5443
vn -0.5058 0.8626 -0.0000
vn -0.5058 -0.0000 -0.8626
vn -0.8252 0.3994 0.3994
vn -0.0000 -0.0000 -1.0000
vn -0.9744 -0.1590 -0.1590
vn -0.0000 -0.7071 -0.7071
vn -0.2621 -0.0000 -0.9650
vn -0.4013 -0.6477 -0.6477
vn -0.6383 0.5443 0.5443
vn -0.5058 -0.0000 0.8626
vn 0.8677 0.4971 -0.0000
vn 0.8252 0.3994 -0.3994
vn 0.8677 -0.0000 0.4971
vn 0.8677 -0.0000 -0.4971
vn 0.9744 -0.1590 0.1590
vn 0.8677 -0.4971 -0.0000
vn 0.2621 -0.0000 0.9650
vn 0.4013 -0.6477 0.6477
vn 0.2621 -0.9650 -0.0000
vn 0.6383 0.5443 -0.5443
vn 0.5058 0.8626 -0.0000
vn 0.5058 -0.0000 -0.8626
vn 0.8252 0.3994 0.3994
vn 0.9744 -0.1590 -0.1590
vn 0.2621 -0.0000 -0.9650
vn 0.4013 -0.6477 -0.6477
vn 0.6383 0.5443 0.5443
vn 0.5058 -0.0000 0.8626
vn -0.7071 -0.0000 -0.7071
vn -0.6809 -0.2695 -0.6809
vn -1.0000 -0.0000 -0.0000
vn -0.9732 -0.2298 -0.0000
vn -0.0000 -0.2298 -0.9732
vn -0.6619 -0.3517 -0.6619
vn -0.0000 -0.2297 -0.9733
vn -0.9239 -0.3827 -0.0000
vn -0.5491 -0.2275 -0.8042
vn -0.1952 -0.9808 0.0002
vn -0.5554 -0.8316 0.0002
vn -0.1281 -0.6446 -0.7537
vn -0.3652 -0.5464 -0.7537
vn 0.7071 -0.0000 -0.7071
vn 0.6809 -0.2695 -0.6809
vn 1.0000 -0.0000 -0.0000
vn 0.9732 -0.2298 -0.0000
vn 0.6619 -0.3517 -0.6619
vn 0.9239 -0.3827 -0.0000
vn 0.5491 -0.2275 -0.8042
vn 0.1952 -0.9808 0.0002
vn 0.5554 -0.8316 0.0002
vn 0.1281 -0.6446 -0.7537
vn 0.3652 -0.5464 -0.7537
vn -0.7071 -0.0000 0.7071
vn -0.6809 -0.2695 0.6809
vn -0.0000 -0.2298 0.9732
vn -0.6619 -0.3517 0.6619
vn -0.0000 -0.2297 0.9733
vn -0.5491 -0.2275 0.8042
vn -0.1952 -0.9808 -0.0002
vn -0.5554 -0.8316 -0.0002
vn -0.1281 -0.6446 0.7537
vn -0.3652 -0.5464 0.7537
vn 0.7071 -0.0000 0.7071
vn 0.6809 -0.2695 0.6809
vn 0.6619 -0.3517 0.6619
vn 0.5491 -0.2275 0.8042
vn 0.1952 -0.9808 -0.0002
vn 0.5554 -0.8316 -0.0002
vn 0.1281 -0.6446 0.7537
vn 0.3652 -0.5464 0.7537
vn -0.1951 -0.9808 -0.0000
vn -0.5556 -0.8315 -0.0000
vn -0.9732 0.2298 -0.0000
vn 0.1951 -0.9808 -0.0000
vn 0.5556 -0.8315 -0.0000
vn 0.9732 0.2298 -0.0000
vt 0.125000 0.999900
vt 0.041733 0.999900
vt 0.041733 0.750100
vt 0.125000 0.750100
vt 0.208266 0.750100
vt 0.208267 0.999900
vt 0.033407 0.624900
vt 0.000100 0.624900
vt 0.000100 0.500100
vt 0.033407 0.500100
vt 0.041733 0.624900
vt 0.041733 0.500100
vt 0.216593 0.500100
vt 0.216593 0.624900
vt 0.208267 0.624900
vt 0.208266 0.500100
vt 0.249900 0.500100
vt 0.249900 0.624900
vt 0.213047 0.712577
vt 0.213047 0.743041
vt 0.241110 0.743041
vt 0.241110 0.712577
vt 0.208254 0.525464
vt 0.208254 0.707784
vt 0.213047 0.525464
vt 0.213047 0.747835
vt 0.169817 0.743041
vt 0.169817 0.747835
vt 0.245903 0.747835
vt 0.241110 0.525464
vt 0.086574 0.654092
vt 0.100887 0.654092
vt 0.100887 0.686517
vt 0.086574 0.686517
vt 0.169817 0.712577
vt 0.169817 0.707784
vt 0.100887 0.500983
vt 0.086574 0.500983
vt 0.245903 0.712577
vt 0.245903 0.525464
vt 0.084272 0.673426
vt 0.084272 0.685581
vt 0.120737 0.685581
vt 0.114659 0.673426
vt 0.090400 0.673325
vt 0.102656 0.685581
vt 0.102656 0.673325
vt 0.043628 0.500039
vt 0.043628 0.749961
vt 0.022500 0.749961
vt 0.022500 0.500039
vt 0.070838 0.500039
vt 0.070838 0.749961
vt 0.011837 0.741571
vt 0.028200 0.741571
vt 0.028200 0.745543
vt 0.011837 0.745543
vt 0.084272 0.701427
vt 0.084272 0.701296
vt 0.120737 0.701296
vt 0.086805 0.741571
vt 0.124840 0.741571
vt 0.124840 0.745543
vt 0.086805 0.745543
vt 0.048546 0.721513
vt 0.048546 0.741571
vt 0.028200 0.721513
vt 0.048546 0.745543
vt 0.086805 0.721513
vt 0.124840 0.721513
vt 0.237844 0.741571
vt 0.237844 0.745543
vt 0.221480 0.745543
vt 0.221480 0.741571
vt 0.162875 0.741571
vt 0.162875 0.745543
vt 0.201134 0.721513
vt 0.221480 0.721513
vt 0.201134 0.741571
vt 0.201134 0.745543
vt 0.162875 0.721513
vt 0.421001 0.951468
vt 0.499900 0.951468
vt 0.499900 0.968650
vt 0.421001 0.968650
vt 0.500000 0.578962
vt 0.500000 0.500000
vt 0.467678 0.500000
vt 0.467678 0.578962
vt 0.425000 0.671038
vt 0.425000 0.750000
vt 0.467678 0.750000
vt 0.467678 0.671038
vt 0.425000 0.578962
vt 0.425000 0.500000
vt 0.375000 0.500000
vt 0.375000 0.578962
vt 0.421001 0.768397
vt 0.499900 0.768397
vt 0.499900 0.792264
vt 0.421001 0.792264
vt 0.328999 0.801830
vt 0.250100 0.801830
vt 0.250100 0.792264
vt 0.328999 0.792264
vt 0.421001 0.951468
vt 0.421001 0.968650
vt 0.499900 0.951468
vt 0.250000 0.578962
vt 0.282322 0.578962
vt 0.282322 0.500000
vt 0.250000 0.500000
vt 0.325000 0.671038
vt 0.282322 0.671038
vt 0.282322 0.750000
vt 0.325000 0.750000
vt 0.325000 0.578962
vt 0.325000 0.500000
vt 0.328999 0.801830
vt 0.421001 0.837352
vt 0.499900 0.837352
vt 0.375000 0.671038
vt 0.375000 0.625000
vt 0.325000 0.625000
vt 0.282322 0.625000
vt 0.250000 0.671038
vt 0.250000 0.625000
vt 0.328999 0.951468
vt 0.328999 0.968650
vt 0.375000 0.968650
vt 0.375000 0.951468
vt 0.425000 0.625000
vt 0.467678 0.625000
vt 0.500000 0.671038
vt 0.500000 0.625000
vt 0.328999 0.951468
vt 0.375000 0.951468
vt 0.328999 0.968650
vt 0.499900 0.801830
vt 0.421001 0.801830
vt 0.421001 0.801830
vt 0.250100 0.951468
vt 0.250100 0.968650
vt 0.500000 0.750000
vt 0.375000 0.750000
vt 0.250100 0.768397
vt 0.328999 0.768397
vt 0.250100 0.951468
vt 0.250000 0.750000
vt 0.250100 0.837352
vt 0.328999 0.837352
vt 0.328999 0.837352
vt 0.421001 0.837352
s 1
usemtl M_DungeonEnviro
f 523/447/235 526/448/237 527/449/237 522/450/235
f 524/451/236 525/452/236 523/447/235 522/450/235
f 528/453/237 518/454/235 519/455/235 529/456/237
f 526/457/237 528/453/237 529/456/237 527/458/237
f 531/459/236 530/460/236 525/461/236 524/462/236
f 521/463/235 520/464/235 530/460/236 531/459/236
f 537/465/243 532/466/238 533/467/239 538/468/241
f 543/469/247 544/470/248 537/465/243 534/471/240
f 547/472/251 532/466/238 541/473/238 550/474/251
f 546/475/250 533/467/239 532/466/238 547/472/251
f 534/471/240 537/465/243 538/468/241 535/476/241
f 544/477/248 539/478/244 542/479/246 545/480/249
f 532/466/238 537/465/243 540/481/245 541/473/238
f 537/465/243 544/470/248 545/482/249 540/481/245
f 536/483/242 539/478/244 544/477/248 543/484/247
f 535/476/241 538/468/241 549/485/252 548/486/252
f 538/468/241 533/467/239 546/475/250 549/485/252
f 556/465/255 557/468/240 552/467/253 551/466/238
f 559/469/257 553/471/241 556/465/255 560/470/258
f 562/472/251 550/474/251 541/473/238 551/466/238
f 561/475/259 562/472/251 551/466/238 552/467/253
f 553/471/241 554/476/240 557/468/240 556/465/255
f 560/477/258 545/480/249 542/479/246 558/478/256
f 551/466/238 541/473/238 540/481/245 556/465/255
f 556/465/255 540/481/245 545/482/249 560/470/258
f 555/483/254 559/484/257 560/477/258 558/478/256
f 554/476/240 563/486/260 564/485/260 557/468/240
f 557/468/240 564/485/260 561/475/259 552/467/253
f 570/465/265 571/468/264 566/467/262 565/466/261
f 576/469/267 567/471/263 570/465/265 577/470/268
f 580/472/271 583/474/271 574/473/261 565/466/261
f 579/475/270 580/472/271 565/466/261 566/467/262
f 567/471/263 568/476/264 571/468/264 570/465/265
f 577/477/268 578/480/269 575/479/246 572/478/244
f 565/466/261 574/473/261 573/481/266 570/465/265
f 570/465/265 573/481/266 578/482/269 577/470/268
f 569/483/242 576/484/267 577/477/268 572/478/244
f 568/476/264 581/486/272 582/485/272 571/468/264
f 571/468/264 582/485/272 579/475/270 566/467/262
f 589/465/274 584/466/261 585/467/273 590/468/263
f 592/469/275 593/470/276 589/465/274 586/471/264
f 595/472/271 584/466/261 574/473/261 583/474/271
f 594/475/277 585/467/273 584/466/261 595/472/271
f 586/471/264 589/465/274 590/468/263 587/476/263
f 593/477/276 591/478/256 575/479/246 578/480/269
f 584/466/261 589/465/274 573/481/266 574/473/261
f 589/465/274 593/470/276 578/482/269 573/481/266
f 588/483/254 591/478/256 593/477/276 592/484/275
f 587/476/263 590/468/263 597/485/278 596/486/278
f 590/468/263 585/467/273 594/475/277 597/485/278
f 605/487/282 602/488/282 599/489/280 604/490/284
f 604/491/284 599/488/280 607/492/285 603/493/283
f 598/494/279 604/495/284 603/496/283 600/497/254
f 601/498/281 605/499/282 604/495/284 598/494/279
f 607/500/285 612/501/287 613/502/254 606/503/254
f 607/492/285 599/488/280 612/504/287
f 599/489/280 602/488/282 611/505/286 612/506/287
f 616/507/290 609/508/256 610/509/254 619/510/254
f 615/511/289 617/512/291 612/501/287 611/513/286
f 612/501/287 617/512/291 618/514/254 613/502/254
f 614/515/288 616/507/290 617/512/291 615/511/289
f 616/507/290 619/510/254 618/514/254 617/512/291
f 616/507/290 614/515/288 608/516/246 609/508/256
f 627/487/295 626/490/296 621/489/293 624/488/295
f 626/491/296 625/493/283 629/492/285 621/488/293
f 620/494/292 622/497/254 625/496/283 626/495/296
f 623/498/294 620/494/292 626/495/296 627/499/295
f 629/517/285 628/518/254 632/519/254 631/520/298
f 629/492/285 631/504/298 621/488/293
f 621/489/293 631/506/298 630/505/297 624/488/295
f 635/521/301 638/522/254 610/509/254 609/508/256
f 634/523/300 630/524/297 631/520/298 636/525/302
f 631/520/298 632/519/254 637/526/254 636/525/302
f 633/527/299 634/523/300 636/525/302 635/521/301
f 635/521/301 636/525/302 637/526/254 638/522/254
f 635/521/301 609/508/256 608/516/246 633/527/299
f 646/487/282 645/490/306 640/489/304 643/488/282
f 645/491/306 644/493/305 648/492/307 640/488/304
f 639/494/303 641/497/242 644/496/305 645/495/306
f 642/498/281 639/494/303 645/495/306 646/499/282
f 648/500/307 647/503/242 654/502/242 653/501/308
f 648/492/307 653/504/308 640/488/304
f 640/489/304 653/506/308 652/505/286 643/488/282
f 657/507/311 660/510/242 651/509/242 650/508/244
f 656/511/310 652/513/286 653/501/308 658/512/312
f 653/501/308 654/502/242 659/514/242 658/512/312
f 655/515/309 656/511/310 658/512/312 657/507/311
f 657/507/311 658/512/312 659/514/242 660/510/242
f 657/507/311 650/508/244 649/516/246 655/515/309
f 668/487/295 665/488/295 662/489/314 667/490/315
f 667/491/315 662/488/314 670/492/307 666/493/305
f 661/494/313 667/495/315 666/496/305 663/497/242
f 664/498/294 668/499/295 667/495/315 661/494/313
f 670/517/307 672/520/316 673/519/242 669/518/242
f 670/492/307 662/488/314 672/504/316
f 662/489/314 665/488/295 671/505/297 672/506/316
f 676/521/319 650/508/244 651/509/242 679/522/242
f 675/523/318 677/525/320 672/520/316 671/524/297
f 672/520/316 677/525/320 678/526/242 673/519/242
f 674/527/317 676/521/319 677/525/320 675/523/318
f 676/521/319 679/522/242 678/526/242 677/525/320
f 676/521/319 674/527/317 649/516/246 650/508/244
f 729/528/281 706/529/281 681/530/286 718/531/286
f 718/532/286 681/533/286 685/534/322 716/535/322
f 732/536/321 687/537/321 686/538/322 742/539/322
f 720/540/321 684/541/321 682/542/246 719/543/246
f 722/544/281 690/545/281 693/546/323 723/547/323
f 733/548/323 688/549/323 692/550/323 735/551/323
f 747/552/294 724/553/297 695/530/297 744/554/294
f 724/555/297 717/556/325 697/557/325 695/558/297
f 737/559/324 743/560/325 698/561/325 699/562/324
f 725/563/324 719/543/246 682/542/246 696/564/324
f 727/544/294 728/547/326 705/546/326 702/545/294
f 738/565/326 740/551/326 704/550/326 700/549/326
f 721/566/323 689/567/323 706/529/281 729/528/281
f 737/559/324 731/568/246 709/569/246 713/570/324
f 725/563/324 717/556/325 714/571/325 713/570/324
f 736/572/297 743/560/325 714/571/325 712/573/297
f 748/574/294 736/575/297 712/576/297 746/577/294
f 732/536/321 710/578/321 709/569/246 731/568/246
f 720/540/321 710/578/321 711/579/322 716/535/322
f 730/580/286 708/581/286 711/579/322 742/539/322
f 741/582/281 715/583/281 708/576/286 730/584/286
f 684/541/321 720/540/321 716/535/322 685/534/322
f 689/585/323 721/586/323 723/547/323 693/546/323
f 696/564/324 697/557/325 717/556/325 725/563/324
f 701/585/326 705/546/326 728/547/326 726/587/326
f 713/570/324 709/569/246 719/543/246 725/563/324
f 712/573/297 714/571/325 717/556/325 724/555/297
f 746/577/294 712/576/297 724/553/297 747/552/294
f 710/578/321 720/540/321 719/543/246 709/569/246
f 708/581/286 718/532/286 716/535/322 711/579/322
f 715/583/281 729/528/281 718/531/286 708/576/286
f 707/588/281 741/582/281 730/584/286 680/589/286
f 680/590/286 730/580/286 742/539/322 686/538/322
f 687/537/321 732/536/321 731/568/246 683/591/246
f 691/592/281 734/593/281 735/551/323 692/550/323
f 745/594/294 694/589/297 736/575/297 748/574/294
f 694/595/297 698/561/325 743/560/325 736/572/297
f 699/562/324 683/591/246 731/568/246 737/559/324
f 703/592/294 704/550/326 740/551/326 739/593/294
f 688/596/323 733/597/323 741/582/281 707/588/281
f 713/570/324 714/571/325 743/560/325 737/559/324
f 710/578/321 732/536/321 742/539/322 711/579/322
f 700/596/326 745/594/294 748/574/294 738/598/326
f 726/599/326 747/552/294 744/554/294 701/567/326
o S_Room_2Door
v -2.999999 0.200000 3.000001
v -2.999999 0.200000 2.000002
v 3.000001 0.200000 2.000000
v 2.000001 0.000000 2.000000
v -2.199999 0.200000 2.000002
v 2.200001 0.200000 2.000000
v -3.000001 0.200000 -2.000000
v 2.999999 0.200000 -2.000002
v 1.999999 0.000000 -2.000002
v -2.200001 0.200000 -2.000000
v 2.199999 0.200000 -2.000002
v -2.200001 0.200000 -2.199999
v 3.000000 0.200000 -3.000000
v -3.000000 0.200000 -3.000000
v 3.000000 0.200000 3.000000
v 2.200001 0.200000 2.200000
v -2.000000 0.200000 -3.000000
v -2.000000 0.200000 3.000000
v -2.000000 0.000000 -2.000000
v -1.999999 0.000000 2.000000
v -2.000000 0.200000 -2.200000
v -2.000000 0.200000 2.200000
v 2.000000 0.200000 -3.000000
v 2.000001 0.200000 3.000000
v 2.000000 0.200000 -2.200000
v 2.000001 0.200000 2.200000
v -2.199999 0.200000 2.200000
v 2.200001 0.200000 -2.200000
v -2.387677 0.000000 -2.147386
v -2.350408 4.900000 -1.987479
v -2.584854 0.000000 -2.344563
v -2.267533 0.000000 -2.267531
v -2.168944 4.900000 -2.168943
v -2.584854 4.700000 -2.344563
v -2.387677 4.700000 -2.147386
v -2.267533 4.700000 -2.267531
v -2.646173 5.000000 -2.283244
v -2.646173 4.900000 -2.283244
v -2.168944 5.075219 -2.168942
v -2.350407 5.075219 -1.987479
v -2.350407 5.300000 -1.987479
v -0.927064 5.900000 -0.927063
v -1.799268 5.450188 -1.799267
v -1.107808 5.900000 -0.744880
v -1.981240 5.449672 -1.618312
v -2.022673 5.632428 -1.659744
v -1.147802 6.000000 -0.784873
v 2.147388 0.000000 2.387679
v 1.987480 4.900001 2.350409
v 2.344564 0.000000 2.584855
v 2.344564 4.700000 2.584855
v 2.147388 4.700000 2.387679
v 2.283245 5.000000 2.646174
v 2.283245 4.900001 2.646174
v 1.987479 5.075219 2.350408
v 1.987479 5.300001 2.350408
v 0.744880 5.900001 1.107809
v 1.618312 5.449673 1.981241
v 1.659745 5.632428 2.022673
v 0.784874 6.000001 1.147803
v -2.147388 0.000000 -2.387676
v -1.987481 4.900001 -2.350407
v -2.344565 0.000000 -2.584853
v -2.344565 4.700000 -2.584853
v -2.147388 4.700000 -2.387676
v -2.283246 5.000000 -2.646172
v -2.283246 4.900001 -2.646172
v -1.987480 5.075219 -2.350406
v -1.987480 5.300001 -2.350406
v -0.744881 5.900001 -1.107807
v -1.618313 5.449673 -1.981239
v -1.659745 5.632428 -2.022671
v -0.784875 6.000001 -1.147801
v 2.387677 0.000000 2.147389
v 2.350407 4.900001 1.987481
v 2.584854 0.000000 2.344566
v 2.267533 0.000000 2.267534
v 2.168943 4.900001 2.168945
v 2.584854 4.700001 2.344566
v 2.387677 4.700001 2.147389
v 2.267533 4.700001 2.267534
v 2.646173 5.000001 2.283247
v 2.646173 4.900001 2.283247
v 2.168943 5.075220 2.168945
v 2.350407 5.075220 1.987481
v 2.350407 5.300001 1.987481
v 0.927063 5.900001 0.927065
v 1.799268 5.450189 1.799269
v 1.107808 5.900001 0.744882
v 1.981240 5.449673 1.618314
v 2.022672 5.632429 1.659746
v 1.147802 6.000002 0.784876
v -0.000001 5.900001 0.362927
v -0.362929 6.000000 0.000000
v -0.000001 6.000000 0.362927
v -0.000002 5.900001 0.000000
v 0.362926 5.900001 0.000000
v 0.362926 6.000001 0.000000
v 2.147386 0.000000 -2.387677
v 1.987479 4.900000 -2.350408
v 2.344563 0.000000 -2.584854
v 2.267531 0.000000 -2.267533
v 2.168943 4.900000 -2.168944
v 2.344563 4.700000 -2.584854
v 2.147386 4.700000 -2.387677
v 2.267531 4.700000 -2.267533
v 2.283244 5.000000 -2.646173
v 2.283244 4.900000 -2.646173
v 2.168942 5.075219 -2.168944
v 1.987479 5.075219 -2.350407
v 1.987479 5.300000 -2.350407
v 0.927063 5.900000 -0.927064
v 1.799267 5.450188 -1.799268
v 0.744880 5.900000 -1.107808
v 1.618312 5.449672 -1.981240
v 1.659744 5.632428 -2.022672
v 0.784873 6.000000 -1.147802
v -2.387679 0.000000 2.147388
v -2.350409 4.900001 1.987480
v -2.584855 0.000000 2.344564
v -2.584855 4.700000 2.344564
v -2.387679 4.700000 2.147388
v -2.646174 5.000000 2.283245
v -2.646174 4.900001 2.283245
v -2.350408 5.075219 1.987479
v -2.350408 5.300001 1.987479
v -1.107809 5.900001 0.744880
v -1.981241 5.449673 1.618312
v -2.022673 5.632428 1.659745
v -1.147803 6.000001 0.784874
v 2.387676 0.000000 -2.147388
v 2.350407 4.900001 -1.987481
v 2.584853 0.000000 -2.344565
v 2.584853 4.700000 -2.344565
v 2.387676 4.700000 -2.147388
v 2.646172 5.000000 -2.283246
v 2.646172 4.900001 -2.283246
v 2.350406 5.075219 -1.987480
v 2.350406 5.300001 -1.987480
v 1.107807 5.900001 -0.744881
v 1.981239 5.449673 -1.618313
v 2.022671 5.632428 -1.659745
v 1.147801 6.000001 -0.784875
v -2.147389 0.000000 2.387677
v -1.987481 4.900001 2.350407
v -2.344566 0.000000 2.584854
v -2.267534 0.000000 2.267533
v -2.168945 4.900001 2.168943
v -2.344566 4.700001 2.584854
v -2.147389 4.700001 2.387677
v -2.267534 4.700001 2.267533
v -2.283247 5.000001 2.646173
v -2.283247 4.900001 2.646173
v -2.168945 5.075220 2.168943
v -1.987481 5.075220 2.350407
v -1.987481 5.300001 2.350407
v -0.927065 5.900001 0.927063
v -1.799269 5.450189 1.799268
v -0.744882 5.900001 1.107808
v -1.618314 5.449673 1.981240
v -1.659746 5.632429 2.022672
v -0.784876 6.000002 1.147802
v -0.000001 5.900001 -0.362927
v -0.362929 5.900001 0.000000
v -0.000001 6.000000 -0.362927
v 2.363570 4.620000 -0.934911
v 2.363570 4.620000 -1.274911
v 2.363570 0.200000 -0.934911
v 2.363570 0.200000 -1.274911
v 3.000000 0.200000 -0.854911
v 2.363570 4.316920 -0.934911
v 2.363570 4.316920 -1.274911
v 3.000000 4.236920 -0.854911
v 2.363570 4.316920 0.000000
v 2.363570 4.620001 0.000000
v 3.000000 4.236920 0.000000
v 2.500000 0.200000 -0.854911
v 2.500000 4.236920 -0.854911
v 2.500000 4.236920 0.000000
v 2.500000 4.700000 -1.354911
v 2.500000 4.700000 -0.934911
v 2.500000 0.200000 -1.354911
v 2.500000 4.316920 -1.354911
v 2.500000 4.700001 0.000000
v 2.363570 4.620001 0.934911
v 2.363570 4.620001 1.274911
v 2.363570 0.200000 0.934911
v 2.363570 0.200000 1.274911
v 3.000000 0.200000 0.854911
v 2.363570 4.316920 0.934911
v 2.363570 4.316920 1.274911
v 3.000000 4.236920 0.854911
v 2.500000 0.200000 0.854911
v 2.500000 4.236920 0.854911
v 2.500000 4.700001 1.354911
v 2.500000 4.700001 0.934911
v 2.500000 0.200000 1.354911
v 2.500000 4.316920 1.354911
v -2.363570 4.620001 -0.934911
v -2.363570 4.620001 -1.274911
v -2.363570 0.200000 -0.934911
v -2.363570 0.200000 -1.274911
v -3.000000 0.200000 -0.854911
v -2.363570 4.316920 -0.934911
v -2.363570 4.316920 -1.274911
v -3.000000 4.236920 -0.854911
v -2.363570 4.316921 0.000000
v -2.363570 4.620001 0.000000
v -3.000000 4.236921 0.000000
v -2.500000 0.200000 -0.854911
v -2.500000 4.236920 -0.854911
v -2.500000 4.236921 0.000000
v -2.500000 4.700001 -1.354911
v -2.500000 4.700001 -0.934911
v -2.500000 0.200000 -1.354911
v -2.500000 4.316920 -1.354911
v -2.500000 4.700001 0.000000
v -2.363570 4.620001 0.934911
v -2.363570 4.620001 1.274911
v -2.363570 0.200000 0.934911
v -2.363570 0.200000 1.274911
v -3.000000 0.200000 0.854911
v -2.363570 4.316921 0.934911
v -2.363570 4.316921 1.274911
v -3.000000 4.236921 0.854911
v -2.500000 0.200000 0.854911
v -2.500000 4.236921 0.854911
v -2.500000 4.700001 1.354911
v -2.500000 4.700001 0.934911
v -2.500000 0.200000 1.354911
v -2.500000 4.316921 1.354911
v 2.500000 5.000000 -2.500000
v 2.400000 0.300000 -2.400000
v 2.500000 0.500000 2.500000
v 2.400000 0.000000 2.400000
v -2.500000 0.500000 -2.500000
v -2.500000 5.000000 2.500000
v -0.000000 5.646447 -1.853553
v 0.000000 5.646447 1.853553
v -0.000000 5.000000 -2.500000
v 0.000000 6.000000 0.000000
v -0.000000 6.000000 -1.000000
v -0.000000 0.500000 -2.500000
v -0.000000 0.000000 -2.400000
v -0.000000 0.300000 -2.400000
v 0.000000 5.000000 2.500000
v 0.000000 6.000000 1.000000
v 0.000000 0.500000 2.500000
v 0.000000 0.000000 2.400000
v 0.000000 0.300000 2.400000
v 1.000000 6.000000 -1.000000
v -1.853553 5.646447 1.853553
v 1.853553 5.646447 -1.853553
v 1.000000 6.000000 1.000000
v -1.853553 5.646447 -1.853553
v 0.000000 4.411132 2.500000
v 2.500000 4.411132 -2.500000
v -2.500000 4.411132 -2.500000
v -0.000000 4.411132 -2.500000
v 2.500000 5.000000 0.000000
v 1.000000 6.000000 0.000000
v 1.853553 5.646447 0.000000
v -2.500000 5.000000 0.000000
v -1.000000 6.000000 0.000000
v -1.853553 5.646447 0.000000
v 2.500000 4.411132 0.000000
v 1.853553 5.646447 1.104911
v -1.853553 5.646447 1.104911
v 2.500000 5.000000 1.104911
v 2.500000 0.500000 1.104911
v 2.400000 0.000000 1.104911
v 2.400000 0.300000 1.104911
v -2.500000 5.000000 1.104911
v -1.000000 6.000000 1.000000
v -2.500000 0.500000 1.104911
v -2.400000 0.000000 1.104911
v -2.400000 0.300000 1.104911
v 2.500000 4.411132 1.104911
v 2.500000 5.000000 -1.104911
v 2.500000 0.500000 -1.104911
v 2.400000 0.000000 -1.104911
v 2.400000 0.300000 -1.104911
v -2.500000 5.000000 -1.104911
v -1.000000 6.000000 -1.000000
v -2.500000 0.500000 -1.104911
v -2.400000 0.000000 -1.104911
v -2.400000 0.300000 -1.104911
v 2.500000 4.411132 -1.104911
v 1.853553 5.646447 -1.104911
v -1.853553 5.646447 -1.104911
v 2.500000 5.000000 2.500000
v 2.400000 0.300000 2.400000
v -2.500000 0.500000 2.500000
v -2.400000 0.000000 2.400000
v -2.400000 0.300000 2.400000
v 2.500000 4.411132 2.500000
v 2.500000 0.500000 -2.500000
v 2.400000 0.000000 -2.400000
v -2.500000 5.000000 -2.500000
v -2.400000 0.000000 -2.400000
v -2.400000 0.300000 -2.400000
v 1.853553 5.646447 1.853554
v -2.500000 4.411132 0.000000
v -2.500000 4.411132 1.104911
v -2.500000 4.411132 -1.104911
v -2.500000 4.411132 2.500000
vn -0.0000 1.0000 -0.0000
vn -0.3002 0.9054 -0.3002
vn 0.3827 0.9239 -0.0000
vn -0.3827 0.9239 -0.0000
vn -0.3002 0.9054 0.3002
vn 0.1101 0.9878 0.1101
vn -0.1101 0.9878 -0.1101
vn 0.3002 0.9054 0.3002
vn 0.3002 0.9054 -0.3002
vn -0.0000 0.9239 0.3827
vn -0.0000 0.9239 -0.3827
vn 0.1101 0.9878 -0.1101
vn -0.1101 0.9878 0.1101
vn -0.0000 -0.0000 1.0000
vn 0.0168 -0.2937 0.9558
vn -0.7071 -0.0000 0.7071
vn 0.7071 -0.0000 0.7071
vn 0.6746 -0.2997 0.6746
vn -0.6924 -0.2031 0.6924
vn -0.0545 -0.3805 0.9232
vn 0.6291 -0.4567 0.6291
vn -0.2289 -0.2577 0.9387
vn 0.1233 -0.9847 0.1233
vn 0.3300 -0.8844 0.3300
vn -0.4477 -0.6534 0.6105
vn -0.2998 -0.5958 0.7451
vn -1.0000 -0.0000 -0.0000
vn -0.9558 -0.2937 -0.0168
vn -0.9232 -0.3805 0.0545
vn -0.9387 -0.2577 0.2289
vn -0.6105 -0.6534 0.4477
vn -0.7451 -0.5958 0.2998
vn 1.0000 -0.0000 -0.0000
vn 0.9558 -0.2937 0.0168
vn 0.7071 -0.0000 -0.7071
vn 0.6924 -0.2031 -0.6924
vn 0.9232 -0.3805 -0.0545
vn 0.9387 -0.2577 -0.2289
vn 0.6105 -0.6534 -0.4477
vn 0.7451 -0.5958 -0.2998
vn -0.0000 -0.0000 -1.0000
vn -0.0168 -0.2937 -0.9558
vn -0.7071 -0.0000 -0.7071
vn -0.6746 -0.2997 -0.6746
vn 0.0545 -0.3805 -0.9232
vn -0.6291 -0.4567 -0.6291
vn 0.2289 -0.2577 -0.9387
vn -0.1233 -0.9847 -0.1233
vn -0.3300 -0.8844 -0.3301
vn 0.4477 -0.6534 -0.6105
vn 0.2998 -0.5958 -0.7451
vn -0.0000 -0.9045 0.4264
vn -0.0000 -1.0000 -0.0000
vn 0.4264 -0.9045 -0.0000
vn -0.9558 -0.2937 0.0168
vn -0.6746 -0.2997 0.6746
vn -0.6924 -0.2031 -0.6924
vn -0.9232 -0.3805 -0.0545
vn -0.6291 -0.4567 0.6291
vn -0.9387 -0.2577 -0.2289
vn -0.1233 -0.9847 0.1233
vn -0.3300 -0.8844 0.3300
vn -0.6105 -0.6534 -0.4477
vn -0.7451 -0.5958 -0.2998
vn 0.0168 -0.2937 -0.9558
vn -0.0545 -0.3805 -0.9232
vn -0.2289 -0.2577 -0.9387
vn -0.4477 -0.6534 -0.6105
vn -0.2998 -0.5958 -0.7451
vn -0.0168 -0.2937 0.9558
vn 0.6924 -0.2031 0.6924
vn 0.0545 -0.3805 0.9232
vn 0.2289 -0.2577 0.9387
vn 0.4477 -0.6534 0.6105
vn 0.2998 -0.5958 0.7451
vn 0.9558 -0.2937 -0.0168
vn 0.6746 -0.2997 -0.6746
vn 0.9232 -0.3805 0.0545
vn 0.6291 -0.4567 -0.6291
vn 0.9387 -0.2577 0.2289
vn 0.1233 -0.9847 -0.1233
vn 0.3301 -0.8844 -0.3300
vn 0.6105 -0.6534 0.4477
vn 0.7451 -0.5958 0.2998
vn -0.0000 -0.9045 -0.4264
vn -0.4264 -0.9045 -0.0000
vn -0.8677 0.4971 -0.0000
vn -0.8252 0.3994 -0.3994
vn -0.8677 -0.0000 0.4971
vn -0.8677 -0.0000 -0.4971
vn -0.9744 -0.1590 0.1590
vn -0.0000 -0.7071 0.7071
vn -0.8677 -0.4971 -0.0000
vn -0.2621 -0.0000 0.9650
vn -0.4013 -0.6477 0.6477
vn -0.2621 -0.9650 -0.0000
vn -0.6383 0.5443 -0.5443
vn -0.5058 0.8626 -0.0000
vn -0.5058 -0.0000 -0.8626
vn -0.8252 0.3994 0.3994
vn -0.9744 -0.1590 -0.1590
vn -0.0000 -0.7071 -0.7071
vn -0.2621 -0.0000 -0.9650
vn -0.4013 -0.6477 -0.6477
vn -0.6383 0.5443 0.5443
vn -0.5058 -0.0000 0.8626
vn 0.8677 0.4971 -0.0000
vn 0.8252 0.3994 -0.3994
vn 0.8677 -0.0000 0.4971
vn 0.8677 -0.0000 -0.4971
vn 0.9744 -0.1590 0.1590
vn 0.8677 -0.4971 -0.0000
vn 0.2621 -0.0000 0.9650
vn 0.4013 -0.6477 0.6477
vn 0.2621 -0.9650 -0.0000
vn 0.6383 0.5443 -0.5443
vn 0.5058 0.8626 -0.0000
vn 0.5058 -0.0000 -0.8626
vn 0.8252 0.3994 0.3994
vn 0.9744 -0.1590 -0.1590
vn 0.2621 -0.0000 -0.9650
vn 0.4013 -0.6477 -0.6477
vn 0.6383 0.5443 0.5443
vn 0.5058 -0.0000 0.8626
vn -0.6507 -0.3914 0.6507
vn -0.6619 0.3517 0.6619
vn -0.6809 0.2695 -0.6809
vn 0.6809 0.2695 0.6809
vn 0.6507 -0.3914 -0.6507
vn -0.0000 -0.8315 0.5556
vn -0.0000 -0.8315 -0.5556
vn -0.0000 -0.3827 0.9239
vn -0.0000 -0.9808 0.1951
vn -0.0000 0.2298 0.9732
vn -0.0000 -0.3827 -0.9239
vn -0.0000 -0.9808 -0.1951
vn -0.0000 0.2298 -0.9732
vn -0.1481 -0.9778 0.1481
vn 0.3503 -0.8687 -0.3503
vn -0.3503 -0.8687 0.3503
vn -0.1481 -0.9778 -0.1481
vn 0.3503 -0.8687 0.3503
vn -0.9239 -0.3827 -0.0000
vn -0.1951 -0.9808 -0.0000
vn -0.5556 -0.8315 -0.0000
vn 0.9239 -0.3827 -0.0000
vn 0.1951 -0.9808 -0.0000
vn 0.5556 -0.8315 -0.0000
vn -0.9732 0.2298 -0.0000
vn 0.1481 -0.9778 -0.1481
vn 0.9732 0.2298 -0.0000
vn 0.1481 -0.9778 0.1481
vn -0.6507 -0.3914 -0.6507
vn -0.6619 0.3517 -0.6619
vn 0.6809 0.2695 -0.6809
vn 0.6619 0.3517 -0.6619
vn -0.6809 0.2695 0.6809
vn 0.6507 -0.3914 0.6507
vn 0.6619 0.3517 0.6619
vn -0.3503 -0.8687 -0.3503
vt 0.033407 0.520900
vt 0.000100 0.520900
vt 0.000100 0.500100
vt 0.033407 0.516740
vt 0.041733 0.520900
vt 0.216593 0.604100
vt 0.216593 0.608260
vt 0.208267 0.604100
vt 0.249900 0.604100
vt 0.249900 0.624900
vt 0.041733 0.604100
vt 0.033407 0.604100
vt 0.000100 0.604100
vt 0.249900 0.520900
vt 0.216593 0.520900
vt 0.208266 0.520900
vt 0.033407 0.608260
vt 0.000100 0.624900
vt 0.216593 0.516740
vt 0.249900 0.500100
vt 0.033407 0.520900
vt 0.000100 0.520900
vt 0.033407 0.516740
vt 0.041733 0.520900
vt 0.216593 0.608260
vt 0.208267 0.604100
vt 0.041733 0.604100
vt 0.033407 0.604100
vt 0.000100 0.604100
vt 0.208266 0.791733
vt 0.208267 0.958267
vt 0.041733 0.958267
vt 0.041733 0.791733
vt 0.084272 0.673426
vt 0.084272 0.685581
vt 0.120737 0.685581
vt 0.114659 0.673426
vt 0.090400 0.673325
vt 0.102656 0.685581
vt 0.102656 0.673325
vt 0.043628 0.500039
vt 0.043628 0.749961
vt 0.022500 0.749961
vt 0.022500 0.500039
vt 0.070838 0.500039
vt 0.070838 0.749961
vt 0.011837 0.741571
vt 0.028200 0.741571
vt 0.028200 0.745543
vt 0.011837 0.745543
vt 0.084272 0.701427
vt 0.084272 0.701296
vt 0.120737 0.701296
vt 0.086805 0.741571
vt 0.086805 0.721513
vt 0.119318 0.721513
vt 0.119314 0.741571
vt 0.048546 0.721513
vt 0.048546 0.741571
vt 0.028200 0.721513
vt 0.048546 0.745543
vt 0.086805 0.745543
vt 0.162875 0.741571
vt 0.162875 0.721513
vt 0.130362 0.721513
vt 0.130366 0.741571
vt 0.237844 0.741571
vt 0.237844 0.745543
vt 0.221480 0.745543
vt 0.221480 0.741571
vt 0.201134 0.721513
vt 0.221480 0.721513
vt 0.201134 0.741571
vt 0.201134 0.745543
vt 0.162875 0.745543
vt 0.119543 0.745543
vt 0.130138 0.745543
vt 0.119543 0.745543
vt 0.119318 0.721513
vt 0.130138 0.745543
vt 0.118960 0.741571
vt 0.118964 0.721513
vt 0.130721 0.741571
vt 0.130716 0.721513
vt 0.119203 0.745543
vt 0.130477 0.745543
vt 0.130721 0.741571
vt 0.213047 0.712577
vt 0.213047 0.743041
vt 0.241110 0.743041
vt 0.241110 0.712577
vt 0.208254 0.525464
vt 0.208254 0.707784
vt 0.213047 0.525464
vt 0.213047 0.747835
vt 0.169817 0.743041
vt 0.169817 0.747835
vt 0.245903 0.747835
vt 0.241110 0.525464
vt 0.086574 0.654092
vt 0.100887 0.654092
vt 0.100887 0.686517
vt 0.086574 0.686517
vt 0.169817 0.712577
vt 0.169817 0.707784
vt 0.100887 0.500983
vt 0.086574 0.500983
vt 0.245903 0.712577
vt 0.245903 0.525464
vt 0.375000 0.773528
vt 0.375000 0.790069
vt 0.474920 0.790069
vt 0.474920 0.773528
vt 0.325000 0.625000
vt 0.375000 0.625000
vt 0.325000 0.583333
vt 0.250000 0.625000
vt 0.282322 0.625000
vt 0.282322 0.547769
vt 0.250000 0.520833
vt 0.375000 0.951468
vt 0.375000 0.968650
vt 0.479083 0.968650
vt 0.479083 0.951468
vt 0.474920 0.790069
vt 0.425000 0.625000
vt 0.425000 0.583333
vt 0.500000 0.625000
vt 0.500000 0.520833
vt 0.467678 0.547769
vt 0.467678 0.625000
vt 0.479083 0.951468
vt 0.479083 0.968650
vt 0.375000 0.968650
vt 0.375000 0.796698
vt 0.275080 0.790069
vt 0.270917 0.796698
vt 0.282322 0.702231
vt 0.325000 0.666667
vt 0.375000 0.796698
vt 0.425000 0.666667
vt 0.467678 0.702231
vt 0.479083 0.796698
vt 0.479083 0.796698
vt 0.270917 0.951468
vt 0.270917 0.968650
vt 0.275080 0.773528
vt 0.270917 0.951468
vt 0.275080 0.773528
vt 0.250000 0.729167
vt 0.500000 0.729167
vt 0.270917 0.837352
vt 0.375000 0.837352
vt 0.479083 0.837352
vt 0.375000 0.837352
vt 0.479083 0.837352
vt 0.325000 0.583333
vt 0.282322 0.578962
vt 0.282322 0.625000
vt 0.325000 0.625000
vt 0.250000 0.671038
vt 0.282322 0.671038
vt 0.328999 0.951468
vt 0.328999 0.968650
vt 0.375000 0.968650
vt 0.425000 0.583333
vt 0.425000 0.625000
vt 0.467678 0.625000
vt 0.467678 0.578962
vt 0.500000 0.671038
vt 0.467678 0.671038
vt 0.328999 0.951468
vt 0.375000 0.951468
vt 0.328999 0.968650
vt 0.421001 0.796698
vt 0.421001 0.790069
vt 0.421001 0.796698
vt 0.250000 0.578962
vt 0.421001 0.968650
vt 0.421001 0.951468
vt 0.500000 0.578962
vt 0.421001 0.951468
vt 0.421001 0.968650
vt 0.270917 0.951468
vt 0.270917 0.968650
vt 0.328999 0.773528
vt 0.328999 0.790069
vt 0.270917 0.951468
vt 0.270917 0.837352
vt 0.328999 0.837352
vt 0.425000 0.666667
vt 0.421001 0.837352
vt 0.479083 0.837352
vt 0.479083 0.951468
vt 0.421001 0.773528
vt 0.282322 0.547769
vt 0.250000 0.520833
vt 0.479083 0.951468
vt 0.474920 0.773528
vt 0.467678 0.547769
vt 0.328999 0.796698
vt 0.270917 0.796698
vt 0.328999 0.796698
vt 0.282322 0.702231
vt 0.250000 0.729167
vt 0.467678 0.702231
vt 0.421001 0.837352
vt 0.328999 0.837352
s 1
usemtl M_DungeonEnviro
f 753/600/329 750/601/327 749/602/327 775/603/338
f 768/604/335 753/600/329 775/603/338
f 759/605/330 776/606/339 757/607/331
f 756/608/327 761/609/327 776/606/339 759/605/330
f 767/610/334 758/611/329 753/600/329 768/604/335
f 758/611/329 755/612/327 750/601/327 753/600/329
f 751/613/327 756/608/327 759/605/330 754/614/330
f 754/614/330 759/605/330 757/607/331 752/615/328
f 760/616/332 762/617/327 755/612/327 758/611/329
f 764/618/333 763/619/327 751/613/327 754/614/330
f 767/610/334 760/616/332 758/611/329
f 752/615/328 764/618/333 754/614/330
f 769/620/336 765/621/327 762/602/327 760/622/332
f 767/623/334 769/620/336 760/622/332
f 774/605/337 764/624/333 752/625/328
f 772/608/327 763/609/327 764/624/333 774/605/337
f 757/626/331 773/627/336 769/620/336 767/623/334
f 773/627/336 771/628/327 765/621/327 769/620/336
f 766/613/327 772/608/327 774/605/337 770/614/337
f 770/614/337 774/605/337 752/625/328 768/615/335
f 768/615/335 775/618/338 770/614/337
f 775/618/338 749/619/327 766/613/327 770/614/337
f 757/626/331 776/616/339 773/627/336
f 776/616/339 761/617/327 771/628/327 773/627/336
f 768/629/335 752/630/328 757/631/331 767/632/334
f 784/633/344 781/634/344 778/635/341 783/636/346
f 783/637/346 778/634/341 786/638/345 782/639/345
f 777/640/340 783/641/346 782/642/345 779/643/342
f 780/644/343 784/645/344 783/641/346 777/640/340
f 786/646/345 788/647/348 789/648/342 785/649/342
f 786/638/345 778/634/341 788/650/348
f 778/635/341 781/634/344 787/651/347 788/652/348
f 792/653/351 790/654/349 844/655/379 912/656/412
f 791/657/350 793/658/352 788/647/348 787/659/347
f 788/647/348 793/658/352 794/660/342 789/648/342
f 790/654/349 792/653/351 793/658/352 791/657/350
f 792/653/351 795/661/342 794/660/342 793/658/352
f 837/662/376 835/663/374 844/664/379 845/665/380
f 829/633/370 800/636/355 797/635/354 826/634/370
f 800/637/355 799/639/345 802/638/345 797/634/354
f 796/640/353 798/643/342 799/642/345 800/641/355
f 825/644/369 796/640/353 800/641/355 829/645/370
f 802/666/345 801/667/342 804/668/342 803/669/356
f 802/638/345 803/650/356 797/634/354
f 797/635/354 803/652/356 832/651/372 826/634/370
f 805/662/357 841/665/378 844/664/379 835/663/374
f 836/670/375 832/671/372 803/669/356 806/672/358
f 803/669/356 804/668/342 807/673/342 806/672/358
f 835/663/374 836/670/375 806/672/358 805/662/357
f 805/662/357 806/672/358 807/673/342 808/674/342
f 792/653/351 912/656/412 842/675/353 795/661/342
f 784/633/344 813/636/363 810/635/360 781/634/344
f 813/637/363 812/639/362 815/638/362 810/634/360
f 809/640/359 811/643/361 812/642/362 813/641/363
f 780/644/343 809/640/359 813/641/363 784/645/344
f 815/646/362 814/649/361 817/648/361 816/647/364
f 815/638/362 816/650/364 810/634/360
f 810/635/360 816/652/364 787/651/347 781/634/344
f 791/657/350 787/659/347 816/647/364 819/658/366
f 816/647/364 817/648/361 820/660/361 819/658/366
f 790/654/349 791/657/350 819/658/366 818/653/365
f 818/653/365 819/658/366 820/660/361 821/661/361
f 837/662/376 845/665/380 846/676/359 840/674/361
f 829/633/370 826/634/370 823/635/368 828/636/371
f 828/637/371 823/634/368 831/638/362 827/639/362
f 822/640/367 828/641/371 827/642/362 824/643/361
f 825/644/369 829/645/370 828/641/371 822/640/367
f 831/666/362 833/669/373 834/668/361 830/667/361
f 831/638/362 823/634/368 833/650/373
f 823/635/368 826/634/370 832/651/372 833/652/373
f 818/653/365 821/661/361 913/677/367 911/656/411
f 836/670/375 838/672/377 833/669/373 832/671/372
f 833/669/373 838/672/377 839/673/361 834/668/361
f 835/663/374 837/662/376 838/672/377 836/670/375
f 837/662/376 840/674/361 839/673/361 838/672/377
f 818/653/365 911/656/411 844/678/379 790/654/349
f 805/662/357 808/674/342 843/679/340 841/665/378
f 854/633/382 851/634/382 848/635/381 853/636/384
f 853/637/384 848/634/381 856/638/383 852/639/383
f 847/640/353 853/641/384 852/642/383 849/643/369
f 850/644/342 854/645/382 853/641/384 847/640/353
f 856/646/383 858/647/386 859/648/369 855/649/369
f 856/638/383 848/634/381 858/650/386
f 848/635/381 851/634/382 857/651/385 858/652/386
f 861/657/388 863/658/390 858/647/386 857/659/385
f 858/647/386 863/658/390 864/660/369 859/648/369
f 860/654/387 862/653/389 863/658/390 861/657/388
f 862/653/389 865/661/369 864/660/369 863/658/390
f 888/653/400 845/680/380 844/681/379 860/654/387
f 899/633/403 870/636/392 867/635/391 896/634/403
f 870/637/392 869/639/383 872/638/383 867/634/391
f 866/640/367 868/643/369 869/642/383 870/641/392
f 895/644/361 866/640/367 870/641/392 899/645/403
f 872/666/383 871/667/369 874/668/369 873/669/393
f 872/638/383 873/650/393 867/634/391
f 867/635/391 873/652/393 902/651/405 896/634/403
f 875/662/394 912/682/412 844/683/379 905/663/407
f 906/670/408 902/671/405 873/669/393 876/672/395
f 873/669/393 874/668/369 877/673/369 876/672/395
f 905/663/407 906/670/408 876/672/395 875/662/394
f 875/662/394 876/672/395 877/673/369 878/674/369
f 862/653/389 860/654/387 844/681/379 911/680/411
f 854/633/382 883/636/398 880/635/396 851/634/382
f 883/637/398 882/639/397 885/638/397 880/634/396
f 879/640/340 881/643/343 882/642/397 883/641/398
f 850/644/342 879/640/340 883/641/398 854/645/382
f 885/646/397 884/649/343 887/648/343 886/647/399
f 885/638/397 886/650/399 880/634/396
f 880/635/396 886/652/399 857/651/385 851/634/382
f 862/653/389 911/680/411 913/684/367 865/661/369
f 861/657/388 857/659/385 886/647/399 889/658/401
f 886/647/399 887/648/343 890/660/343 889/658/401
f 860/654/387 861/657/388 889/658/401 888/653/400
f 888/653/400 889/658/401 890/660/343 891/661/343
f 899/633/403 896/634/403 893/635/402 898/636/404
f 898/637/404 893/634/402 901/638/397 897/639/397
f 892/640/359 898/641/404 897/642/397 894/643/343
f 895/644/361 899/645/403 898/641/404 892/640/359
f 901/666/397 903/669/406 904/668/343 900/667/343
f 901/638/397 893/634/402 903/650/406
f 893/635/402 896/634/403 902/651/405 903/652/406
f 888/653/400 891/661/343 846/684/359 845/680/380
f 906/670/408 908/672/410 903/669/406 902/671/405
f 903/669/406 908/672/410 909/673/343 904/668/343
f 905/663/407 907/662/409 908/672/410 906/670/408
f 907/662/409 910/674/343 909/673/343 908/672/410
f 907/662/409 841/682/378 843/685/340 910/674/343
f 907/662/409 905/663/407 844/683/379 841/682/378
f 875/662/394 878/674/369 842/685/353 912/686/412
f 919/687/417 914/688/413 915/689/414 920/690/416
f 925/691/420 926/692/421 919/687/417 916/693/415
f 929/694/424 914/688/413 923/695/413 932/696/424
f 928/697/423 915/689/414 914/688/413 929/694/424
f 916/693/415 919/687/417 920/690/416 917/698/416
f 926/699/421 921/700/418 924/701/379 927/702/422
f 914/688/413 919/687/417 922/703/419 923/695/413
f 919/687/417 926/692/421 927/704/422 922/703/419
f 918/705/340 921/700/418 926/699/421 925/706/420
f 917/698/416 920/690/416 931/707/425 930/708/425
f 920/690/416 915/689/414 928/697/423 931/707/425
f 938/687/427 939/690/415 934/689/426 933/688/413
f 941/691/429 935/693/416 938/687/427 942/692/430
f 944/694/424 932/696/424 923/695/413 933/688/413
f 943/697/431 944/694/424 933/688/413 934/689/426
f 935/693/416 936/698/415 939/690/415 938/687/427
f 942/699/430 927/702/422 924/701/379 940/700/428
f 933/688/413 923/695/413 922/703/419 938/687/427
f 938/687/427 922/703/419 927/704/422 942/692/430
f 937/705/367 941/706/429 942/699/430 940/700/428
f 936/698/415 945/708/432 946/707/432 939/690/415
f 939/690/415 946/707/432 943/697/431 934/689/426
f 952/687/437 953/690/436 948/689/434 947/688/433
f 958/691/439 949/693/435 952/687/437 959/692/440
f 962/694/443 965/696/443 956/695/433 947/688/433
f 961/697/442 962/694/443 947/688/433 948/689/434
f 949/693/435 950/698/436 953/690/436 952/687/437
f 959/699/440 960/702/441 957/701/379 954/700/418
f 947/688/433 956/695/433 955/703/438 952/687/437
f 952/687/437 955/703/438 960/704/441 959/692/440
f 951/705/340 958/706/439 959/699/440 954/700/418
f 950/698/436 963/708/444 964/707/444 953/690/436
f 953/690/436 964/707/444 961/697/442 948/689/434
f 971/687/446 966/688/433 967/689/445 972/690/435
f 974/691/447 975/692/448 971/687/446 968/693/436
f 977/694/443 966/688/433 956/695/433 965/696/443
f 976/697/449 967/689/445 966/688/433 977/694/443
f 968/693/436 971/687/446 972/690/435 969/698/435
f 975/699/448 973/700/428 957/701/379 960/702/441
f 966/688/433 971/687/446 955/703/438 956/695/433
f 971/687/446 975/692/448 960/704/441 955/703/438
f 970/705/367 973/700/428 975/699/448 974/706/447
f 969/698/435 972/690/435 979/707/450 978/708/450
f 972/690/435 967/689/445 976/697/449 979/707/450
f 997/709/367 998/710/463 1040/711/480 983/712/369
f 995/713/462 989/714/379 1002/715/467
f 994/716/461 987/717/457 1050/718/486 1039/719/479
f 1004/720/367 994/721/461 1039/722/479 1044/723/369
f 992/709/340 1046/712/342 981/724/452 993/710/460
f 990/725/459 999/726/464 989/714/379
f 988/727/458 980/728/451 1001/729/466 986/730/456
f 1007/720/340 1005/731/342 980/732/451 988/733/458
f 996/734/463 998/710/463 1043/735/482 1041/736/481
f 995/713/462 987/717/457 1000/737/465 1022/738/476
f 991/739/460 984/736/454 1049/735/485 993/710/460
f 990/725/459 1032/740/478 1003/741/468 986/730/456
f 1045/742/483 991/739/460 993/710/460 981/724/452
f 982/743/453 1040/711/480 998/710/463 996/734/463
f 1006/744/343 1007/720/340 988/733/458 1047/745/484
f 1048/746/343 992/709/340 993/710/460 1049/735/485
f 1054/747/361 985/745/455 994/721/461 1004/720/367
f 1042/748/361 1043/735/482 998/710/463 997/709/367
f 1000/737/465 987/717/457 994/716/461 985/749/455
f 1001/729/466 999/726/464 990/725/459 986/730/456
f 1022/738/476 989/714/379 995/713/462
f 1003/741/468 1047/750/484 988/727/458 986/730/456
f 989/714/379 1032/740/478 990/725/459
f 1002/715/467 1050/718/486 987/717/457 995/713/462
f 1041/751/481 1054/747/361 1004/720/367 996/752/463
f 996/752/463 1004/720/367 1044/723/369 982/753/453
f 984/751/454 991/754/460 1007/720/340 1006/744/343
f 991/754/460 1045/755/483 1005/731/342 1007/720/340
f 1022/756/476 1016/757/474 1013/758/474 1012/759/473
f 1031/760/472 1038/761/474 1013/758/474 1011/716/472
f 1053/762/359 1031/763/472 1011/764/472 1051/720/359
f 1002/765/467 1009/766/470 1010/767/471 1015/768/471
f 1027/769/469 1008/727/469 1010/767/471 1037/770/471
f 1036/771/353 1014/772/353 1008/764/469 1027/773/469
f 982/742/453 1018/774/475 1020/775/475 1040/711/480
f 1041/742/481 1043/711/482 1025/775/477 1023/776/477
f 1012/759/473 989/714/379 1022/756/476
f 1011/716/472 1013/758/474 1016/757/474 1021/777/472
f 1051/720/359 1011/764/472 1021/778/472 1052/779/359
f 1009/766/470 1002/765/467 989/714/379
f 1008/727/469 1017/780/469 1015/768/471 1010/767/471
f 1014/772/353 1026/781/353 1017/782/469 1008/764/469
f 1005/783/342 1036/771/353 1027/773/469 980/784/451
f 1046/746/342 1029/785/353 1030/786/475 981/735/452
f 1006/787/343 1047/784/484 1031/763/472 1053/762/359
f 1048/748/343 1049/735/485 1035/786/477 1034/785/359
f 1045/788/483 1028/789/475 1036/771/353 1005/783/342
f 1012/759/473 1013/758/474 1038/761/474 1032/738/478
f 1009/766/470 999/790/464 1037/770/471 1010/767/471
f 1018/791/475 982/792/453 1044/793/369 1026/781/353
f 1024/794/359 1025/775/477 1043/711/482 1042/712/361
f 1021/777/472 1016/757/474 1000/795/465 985/796/455
f 1052/779/359 1021/778/472 985/732/455 1054/797/361
f 1019/794/353 983/798/369 1040/711/480 1020/775/475
f 1017/780/469 1039/728/479 1050/799/486 1015/768/471
f 1026/781/353 1044/793/369 1039/732/479 1017/782/469
f 1033/800/477 1035/786/477 1049/735/485 984/801/454
f 1028/802/475 1045/801/483 981/735/452 1030/786/475
f 989/714/379 1012/759/473 1032/738/478
f 1003/803/468 1038/761/474 1031/760/472 1047/804/484
f 1050/799/486 1002/765/467 1015/768/471
f 1003/803/468 1032/738/478 1038/761/474
f 1022/756/476 1000/795/465 1016/757/474
f 1001/805/466 1037/770/471 999/790/464
f 1001/805/466 980/750/451 1027/769/469 1037/770/471
f 989/714/379 999/790/464 1009/766/470
f 1023/806/477 1052/779/359 1054/797/361 1041/792/481
f 984/788/454 1006/787/343 1053/762/359 1033/807/477
o S_Stairs_Up
v 3.000000 0.200000 3.000000
v 3.000000 0.200000 -3.000000
v -3.000000 0.200000 3.000000
v -3.000000 0.200000 -3.000000
v 0.000000 0.000000 -3.000000
v 0.000000 0.000000 3.000000
v -2.000000 0.000000 -3.000000
v -2.000000 0.000000 3.000000
v 2.000000 0.000000 3.000000
v 2.000000 0.000000 -3.000000
v 2.200000 0.200000 3.000000
v 2.200000 0.200000 -3.000000
v -2.200000 0.200000 3.000000
v -2.200000 0.200000 -3.000000
v -2.500000 6.000000 1.500000
v -2.500000 5.900000 2.400000
v 2.500000 5.900000 2.400000
v -2.500000 5.900000 1.500000
v 2.500000 5.900000 1.500000
v 0.000000 6.000000 1.500000
v 0.000000 5.900000 2.400000
v 0.000000 5.900001 1.500000
v 2.500000 2.900000 -1.500000
v -0.000000 2.900000 -1.500000
v 0.000000 3.000000 -1.500502
v 0.000000 0.000000 1.499498
v -0.000000 0.000000 -1.500000
v 2.500000 0.000000 -1.500000
v -2.500000 3.000000 -1.500000
v 2.500000 3.000000 -1.500000
v -2.500000 3.000000 -3.000000
v 2.500000 3.000000 -3.000000
v -2.500000 0.000000 1.500000
v 0.000000 3.000000 -1.500000
v 0.000000 3.000000 -3.000000
v 0.000000 0.000000 1.500000
v 2.500000 3.000000 -1.500000
v 0.000000 3.000000 -1.500000
v -2.500000 6.000000 3.000000
v 2.500000 6.000000 3.000000
v -2.500000 6.000000 1.500000
v 2.500000 6.000000 1.500000
v 0.000000 6.000000 3.000000
v 0.000000 6.000000 1.500000
v 2.500000 4.500000 -0.000000
v 0.000000 4.500000 0.000000
v 0.000000 3.750000 -0.750000
v 2.500000 3.750000 -0.750000
v 2.500000 5.250000 0.750000
v 0.000000 5.250000 0.750000
v 2.500000 5.625000 1.125000
v 0.000000 5.625000 1.125000
v 0.000000 4.875000 0.375000
v 2.500000 4.875000 0.375000
v 2.500000 4.125000 -0.375000
v 0.000000 4.125000 -0.375000
v 0.000000 3.375000 -1.125000
v 2.500000 3.375000 -1.125000
v 2.500000 6.000000 1.125000
v 0.000000 6.000000 1.125000
v 0.000000 5.250000 0.375000
v 2.500000 5.250000 0.375000
v 2.500000 4.500000 -0.375000
v 0.000000 4.500000 -0.375000
v 0.000000 3.750000 -1.125000
v 2.500000 3.750000 -1.125000
v 2.500000 3.375000 -1.500000
v 0.000000 3.375000 -1.500000
v 2.500000 4.875000 -0.000000
v 0.000000 4.875000 0.000000
v 0.000000 4.125000 -0.750000
v 2.500000 4.125000 -0.750000
v 2.500000 5.625000 0.750000
v 0.000000 5.625000 0.750000
v -2.500000 1.500000 0.000000
v 0.000000 1.500000 0.000000
v -2.500000 2.250000 -0.750000
v 0.000000 2.250000 -0.750000
v -2.500000 0.750000 0.750000
v 0.000000 0.750000 0.750000
v -2.500000 2.625000 -1.125000
v 0.000000 2.625000 -1.125000
v -2.500000 0.375000 1.125000
v 0.000000 0.375000 1.125000
v -2.500000 1.125000 0.375000
v 0.000000 1.125000 0.375000
v -2.500000 1.875000 -0.375000
v 0.000000 1.875000 -0.375000
v -2.500000 0.375000 1.500000
v 0.000000 0.375000 1.500000
v -2.500000 1.875000 0.000000
v 0.000000 1.875000 0.000000
v -2.500000 2.625000 -0.750000
v 0.000000 2.625000 -0.750000
v -2.500000 1.125000 0.750000
v 0.000000 1.125000 0.750000
v -2.500000 3.000000 -1.125000
v 0.000000 3.000000 -1.125000
v -2.500000 0.750000 1.125000
v 0.000000 0.750000 1.125000
v -2.500000 1.500000 0.375000
v 0.000000 1.500000 0.375000
v -2.500000 2.250000 -0.375000
v 0.000000 2.250000 -0.375000
v 2.500000 6.000000 -3.000000
v 2.500000 6.000000 3.000000
v 2.500000 0.500000 -3.000000
v 2.500000 0.500000 3.000000
v 2.400000 0.000000 3.000000
v 2.400000 0.000000 -2.900000
v 2.400000 0.300000 -2.900000
v 2.400000 0.300000 3.000000
v -2.500000 6.000000 -3.000000
v -2.500000 6.000000 3.000000
v -2.500000 0.500000 -3.000000
v -2.500000 0.500000 3.000000
v -2.400000 0.000000 3.000000
v -2.400000 0.000000 -2.900000
v -2.400000 0.300000 -2.900000
v -2.400000 0.300000 3.000000
v 2.300000 0.000000 2.500000
v 2.200000 4.900000 2.400000
v 2.500000 0.000000 2.500000
v 2.300000 0.000000 3.000000
v 2.200000 4.900000 3.000000
v 2.500000 4.700000 2.500000
v 2.300000 4.700000 2.500000
v 2.300000 4.700000 3.000000
v 2.500000 6.000000 2.400000
v 2.500000 4.900000 2.400000
v -0.000000 5.900001 3.000000
v -0.000000 5.900001 2.400000
v -0.000000 6.000000 2.400000
v 2.200000 5.158579 3.000000
v 2.200000 5.158579 2.400000
v 2.200000 6.000000 2.400000
v 0.940338 5.900000 3.000000
v 1.825030 5.533548 3.000000
v 0.939608 5.900000 2.400000
v 1.825546 5.533032 2.400000
v 1.867572 6.000000 2.400000
v 0.980175 6.000000 2.400000
v -2.300001 0.000000 2.500000
v -2.200001 4.900001 2.400000
v -2.500001 0.000000 2.500000
v -2.300001 0.000000 3.000000
v -2.200001 4.900001 3.000000
v -2.500001 4.700000 2.500000
v -2.300001 4.700000 2.500000
v -2.300001 4.700000 3.000000
v -2.500001 6.000000 2.400000
v -2.500001 4.900001 2.400000
v -2.200000 5.158579 3.000000
v -2.200000 5.158579 2.400000
v -2.200000 6.000000 2.400000
v -0.940338 5.900001 3.000000
v -1.825031 5.533549 3.000000
v -0.939609 5.900001 2.400000
v -1.825547 5.533033 2.400000
v -1.867573 6.000000 2.400000
v -0.980175 6.000000 2.400000
v 2.121025 0.000000 -2.500001
v 2.500000 0.000000 -2.500001
v 2.121025 0.000000 -3.000001
v 2.500000 6.000000 -2.500001
v 2.121025 6.000000 -2.500001
v 2.121025 6.000000 -3.000001
v -2.121027 0.000000 -2.500000
v -2.500002 0.000000 -2.500000
v -2.121027 0.000000 -3.000000
v -2.500002 6.000000 -2.500000
v -2.121027 6.000000 -2.500000
v -2.121027 6.000000 -3.000000
vn -0.0000 1.0000 -0.0000
vn 0.3827 0.9239 -0.0000
vn -0.3827 0.9239 -0.0000
vn -0.0000 -0.0000 -1.0000
vn -0.0000 -1.0000 -0.0000
vn -0.0000 -0.7071 -0.7071
vn -0.0000 -0.9239 0.3827
vn -0.4473 -0.0000 -0.8944
vn -0.4825 -0.8708 -0.0942
vn -0.0000 -0.3827 0.9239
vn 0.6303 -0.2971 0.7173
vn -1.0000 -0.0000 -0.0000
vn 1.0000 -0.0000 -0.0000
vn 0.7071 -0.0000 0.7071
vn -0.0000 -0.0000 1.0000
vn 0.1644 0.9864 -0.0000
vn 0.4472 -0.0000 0.8944
vn -0.4472 -0.0000 -0.8944
vn -0.1644 0.9864 -0.0000
vn -0.0000 0.7071 -0.7071
vn -0.5774 0.5773 -0.5773
vn -0.5774 0.5774 -0.5774
vn -0.0000 0.7071 0.7071
vn 0.5774 0.5773 0.5773
vn 0.5774 0.5774 0.5774
vn -0.7071 -0.0000 0.7071
vn -0.6809 0.2695 0.6809
vn -0.9732 0.2298 -0.0000
vn -0.6619 0.3517 0.6619
vn 0.6809 0.2695 0.6809
vn 0.9732 0.2298 -0.0000
vn 0.6619 0.3517 0.6619
vn -0.7071 -0.0000 -0.7071
vn -0.6809 -0.2695 -0.6809
vn -0.9732 -0.2298 -0.0000
vn -0.0000 -0.2298 -0.9732
vn -0.6619 -0.3517 -0.6619
vn -0.0000 -0.2297 -0.9733
vn -0.9239 -0.3827 -0.0000
vn -0.5491 -0.2275 -0.8042
vn -0.1952 -0.9808 0.0002
vn -0.5554 -0.8316 0.0002
vn -0.1281 -0.6446 -0.7537
vn -0.3652 -0.5464 -0.7537
vn 0.7071 -0.0000 -0.7071
vn 0.6809 -0.2695 -0.6809
vn 0.9732 -0.2298 -0.0000
vn 0.6619 -0.3517 -0.6619
vn 0.9239 -0.3827 -0.0000
vn 0.5491 -0.2275 -0.8042
vn 0.1952 -0.9808 0.0002
vn 0.5554 -0.8316 0.0002
vn 0.1281 -0.6446 -0.7537
vn 0.3652 -0.5464 -0.7537
vt 0.125000 0.999900
vt 0.041733 0.999900
vt 0.041733 0.750100
vt 0.125000 0.750100
vt 0.208266 0.750100
vt 0.208267 0.999900
vt 0.033407 0.624900
vt 0.000100 0.624900
vt 0.000100 0.500100
vt 0.033407 0.500100
vt 0.041733 0.624900
vt 0.041733 0.500100
vt 0.216593 0.500100
vt 0.216593 0.624900
vt 0.208267 0.624900
vt 0.208266 0.500100
vt 0.249900 0.500100
vt 0.249900 0.624900
vt 0.167914 0.609234
vt 0.205509 0.609234
vt 0.205509 0.713665
vt 0.167914 0.713665
vt 0.209686 0.504803
vt 0.209686 0.609234
vt 0.205509 0.504803
vt 0.167914 0.504803
vt 0.209486 0.504462
vt 0.245932 0.504474
vt 0.245913 0.731900
vt 0.209467 0.731889
vt 0.170610 0.508234
vt 0.174420 0.504462
vt 0.174401 0.731889
vt 0.170610 0.735679
vt 0.262069 0.755123
vt 0.494728 0.980065
vt 0.494767 0.987821
vt 0.436539 0.933156
vt 0.333315 0.933156
vt 0.333315 0.813417
vt 0.436539 0.813417
vt 0.320009 0.813976
vt 0.436789 0.813976
vt 0.436789 0.926883
vt 0.004358 0.672535
vt 0.004358 0.596305
vt 0.077472 0.596305
vt 0.077472 0.672535
vt 0.004358 0.748766
vt 0.077472 0.748766
vt 0.004358 0.596305
vt 0.077472 0.596305
vt 0.077472 0.672535
vt 0.004358 0.748766
vt 0.077472 0.748766
vt 0.130255 0.595314
vt 0.130255 0.610407
vt 0.245884 0.610407
vt 0.245884 0.595314
vt 0.130255 0.716059
vt 0.130255 0.731152
vt 0.245884 0.731152
vt 0.245884 0.716059
vt 0.130255 0.534941
vt 0.130255 0.550034
vt 0.245884 0.550034
vt 0.245884 0.534941
vt 0.130255 0.655686
vt 0.130255 0.670779
vt 0.245884 0.670779
vt 0.245884 0.655686
vt 0.130255 0.746245
vt 0.245884 0.746245
vt 0.245884 0.685872
vt 0.130255 0.685872
vt 0.245884 0.625500
vt 0.130255 0.625500
vt 0.130255 0.565128
vt 0.245884 0.565128
vt 0.130255 0.700965
vt 0.245884 0.700965
vt 0.130255 0.504755
vt 0.130255 0.519848
vt 0.245884 0.519848
vt 0.245884 0.504755
vt 0.130255 0.640593
vt 0.245884 0.640593
vt 0.130255 0.580221
vt 0.245884 0.580221
vt 0.129134 0.625488
vt 0.129134 0.639170
vt 0.245616 0.639170
vt 0.245616 0.625488
vt 0.129134 0.707580
vt 0.129134 0.721262
vt 0.245616 0.721262
vt 0.245616 0.707580
vt 0.129134 0.652852
vt 0.129134 0.666534
vt 0.245616 0.666534
vt 0.245616 0.652852
vt 0.129134 0.680216
vt 0.129134 0.693898
vt 0.245616 0.693898
vt 0.245616 0.680216
vt 0.129134 0.543396
vt 0.129134 0.557078
vt 0.245616 0.557078
vt 0.245616 0.543396
vt 0.129134 0.570760
vt 0.129134 0.584442
vt 0.245616 0.584442
vt 0.245616 0.570760
vt 0.129134 0.598124
vt 0.129134 0.611806
vt 0.245616 0.611806
vt 0.245616 0.598124
vt 0.129134 0.516032
vt 0.129134 0.529714
vt 0.245616 0.529714
vt 0.245616 0.516032
vt 0.129134 0.734944
vt 0.245616 0.734944
vt 0.202089 0.720646
vt 0.202089 0.693205
vt 0.229530 0.720646
vt 0.174647 0.693205
vt 0.174647 0.665763
vt 0.147206 0.665763
vt 0.147206 0.638322
vt 0.119764 0.638322
vt 0.119764 0.610880
vt 0.092323 0.610880
vt 0.092323 0.583439
vt 0.064881 0.583439
vt 0.064881 0.555997
vt 0.037440 0.555997
vt 0.037440 0.528556
vt 0.009998 0.528556
vt 0.009998 0.501114
vt 0.037300 0.736997
vt 0.037300 0.708995
vt 0.009298 0.736997
vt 0.065302 0.708995
vt 0.065302 0.680993
vt 0.093303 0.680993
vt 0.093303 0.652992
vt 0.121305 0.652992
vt 0.121305 0.624990
vt 0.149307 0.624990
vt 0.149307 0.596988
vt 0.177308 0.596988
vt 0.177308 0.568987
vt 0.205310 0.568987
vt 0.205310 0.540985
vt 0.233311 0.540985
vt 0.233311 0.512984
vt 0.250100 0.837352
vt 0.499900 0.837352
vt 0.499900 0.968650
vt 0.250100 0.968650
vt 0.250100 0.769735
vt 0.499900 0.769735
vt 0.499900 0.791692
vt 0.250100 0.791692
vt 0.499900 0.800492
vt 0.250100 0.800492
vt 0.250100 0.791692
vt 0.250100 0.769735
vt 0.250100 0.800492
vt 0.250100 0.968650
vt 0.250100 0.837352
vt 0.084272 0.673426
vt 0.084272 0.685581
vt 0.120737 0.685581
vt 0.114659 0.673426
vt 0.090400 0.673325
vt 0.102656 0.685581
vt 0.102656 0.673325
vt 0.043628 0.500039
vt 0.043628 0.749961
vt 0.022500 0.749961
vt 0.022500 0.500039
vt 0.070838 0.500039
vt 0.070838 0.749961
vt 0.011837 0.741571
vt 0.028200 0.741571
vt 0.028200 0.745543
vt 0.011837 0.745543
vt 0.084272 0.701427
vt 0.084272 0.701296
vt 0.120737 0.701296
vt 0.086805 0.741571
vt 0.124840 0.741571
vt 0.124840 0.745543
vt 0.086805 0.745543
vt 0.048546 0.721513
vt 0.048546 0.741571
vt 0.028200 0.721513
vt 0.048546 0.745543
vt 0.086805 0.721513
vt 0.124840 0.721513
vt 0.237844 0.741571
vt 0.237844 0.745543
vt 0.221480 0.745543
vt 0.221480 0.741571
vt 0.162875 0.741571
vt 0.162875 0.745543
vt 0.201134 0.721513
vt 0.221480 0.721513
vt 0.201134 0.741571
vt 0.201134 0.745543
vt 0.162875 0.721513
s 1
usemtl M_DungeonEnviro
f 1060/808/487 1063/809/489 1064/810/489 1059/811/487
f 1061/812/488 1062/813/488 1060/808/487 1059/811/487
f 1065/814/489 1055/815/487 1056/816/487 1066/817/489
f 1063/818/489 1065/814/489 1066/817/489 1064/819/489
f 1068/820/488 1067/821/488 1062/822/488 1061/823/488
f 1058/824/487 1057/825/487 1067/821/488 1068/820/488
f 1075/826/491 1076/827/495 1073/828/493 1071/829/491
f 1069/830/490 1074/831/494 1076/827/495 1072/832/492
f 1070/833/491 1072/832/492 1076/827/495 1075/826/491
f 1078/834/497 1077/835/496 1073/836/493 1076/837/495
f 1079/838/498 1078/839/497 1076/840/495 1074/841/494
f 1080/842/499 1078/843/497 1079/844/498
f 1077/845/496 1078/846/497 1081/847/500 1082/848/501
f 1080/849/499 1081/850/500 1078/851/497
f 1088/852/502 1084/853/487 1086/854/487 1089/855/487
f 1083/856/487 1088/852/502 1089/855/487 1085/857/487
f 1097/852/487 1094/858/487 1096/859/487 1098/860/505
f 1093/861/487 1097/852/487 1098/860/505 1095/862/487
f 1110/863/507 1118/864/508 1117/865/506 1109/866/506
f 1106/867/507 1114/868/508 1113/869/506 1105/870/506
f 1111/871/507 1119/872/508 1120/873/506 1112/874/506
f 1107/875/507 1115/876/508 1116/877/506 1108/878/506
f 1098/879/505 1096/880/487 1113/869/506 1114/868/508
f 1103/881/506 1116/877/506 1115/876/508 1104/882/507
f 1099/883/506 1117/865/506 1118/864/508 1100/884/507
f 1119/872/508 1101/885/507 1102/886/506 1120/873/506
f 1104/882/507 1128/887/508 1127/888/506 1103/881/506
f 1092/889/504 1122/890/508 1121/891/506 1091/892/490
f 1100/884/507 1124/893/508 1123/894/506 1099/883/506
f 1102/886/506 1101/885/507 1125/895/508 1126/896/506
f 1105/870/506 1127/888/506 1128/887/508 1106/867/507
f 1108/878/506 1123/894/506 1124/893/508 1107/875/507
f 1125/895/508 1110/863/507 1109/866/506 1126/896/506
f 1111/871/507 1112/874/506 1121/891/506 1122/890/508
f 1130/897/510 1146/898/511 1145/899/509 1129/900/509
f 1136/901/510 1152/902/511 1151/903/509 1135/904/509
f 1142/905/510 1158/906/511 1157/907/509 1141/908/509
f 1132/909/510 1148/910/511 1147/911/509 1131/912/509
f 1138/913/510 1154/914/511 1153/915/509 1137/916/509
f 1134/917/510 1150/918/511 1149/919/509 1133/920/509
f 1140/921/510 1156/922/511 1155/923/509 1139/924/509
f 1090/925/503 1144/926/511 1143/927/509 1087/928/501
f 1151/903/509 1152/902/511 1088/929/502 1083/930/487
f 1135/904/509 1147/911/509 1148/910/511 1136/901/510
f 1131/912/509 1157/907/509 1158/906/511 1132/909/510
f 1141/908/509 1145/899/509 1146/898/511 1142/905/510
f 1156/922/511 1130/897/510 1129/900/509 1155/923/509
f 1139/924/509 1149/919/509 1150/918/511 1140/921/510
f 1133/920/509 1153/915/509 1154/914/511 1134/917/510
f 1137/916/509 1143/927/509 1144/926/511 1138/913/510
f 1152/931/511 1136/932/510 1088/933/502
f 1148/934/511 1132/935/510 1136/932/510
f 1158/936/511 1142/937/510 1132/935/510
f 1146/938/511 1130/939/510 1142/937/510
f 1156/940/511 1140/941/510 1130/939/510
f 1150/942/511 1134/943/510 1140/941/510
f 1154/944/511 1138/945/510 1134/943/510
f 1144/946/511 1090/947/503 1138/945/510
f 1114/948/508 1106/949/507 1098/950/505
f 1128/951/508 1104/952/507 1106/949/507
f 1115/953/508 1107/954/507 1104/952/507
f 1124/955/508 1100/956/507 1107/954/507
f 1118/957/508 1110/958/507 1100/956/507
f 1125/959/508 1101/960/507 1110/958/507
f 1119/961/508 1111/962/507 1101/960/507
f 1122/963/508 1092/964/504 1111/962/507
f 1161/965/513 1162/966/514 1160/967/498 1159/968/512
f 1164/969/512 1163/970/498 1166/971/514 1165/972/515
f 1162/973/514 1161/974/513 1165/972/515 1166/971/514
f 1169/965/516 1167/968/500 1168/967/499 1170/966/517
f 1172/969/500 1173/972/518 1174/971/517 1171/970/499
f 1170/973/517 1174/971/517 1173/972/518 1169/974/516
f 1164/970/512 1165/971/515 1173/975/518 1172/976/500
f 1161/973/513 1169/977/516 1173/975/518 1165/971/515
f 1161/966/513 1159/967/512 1167/978/500 1169/979/516
f 1182/980/521 1179/981/521 1176/982/520 1181/983/523
f 1181/984/523 1176/981/520 1184/985/524 1180/986/522
f 1175/987/519 1181/988/523 1180/989/522 1177/990/490
f 1178/991/498 1182/992/521 1181/988/523 1175/987/519
f 1184/993/524 1189/994/526 1190/995/490 1183/996/490
f 1184/985/524 1176/981/520 1189/997/526
f 1176/982/520 1179/981/521 1188/998/525 1189/999/526
f 1193/1000/529 1186/1001/492 1187/1002/490 1196/1003/490
f 1192/1004/528 1194/1005/530 1189/994/526 1188/1006/525
f 1189/994/526 1194/1005/530 1195/1007/490 1190/995/490
f 1191/1008/527 1193/1000/529 1194/1005/530 1192/1004/528
f 1193/1000/529 1196/1003/490 1195/1007/490 1194/1005/530
f 1193/1000/529 1191/1008/527 1185/1009/491 1186/1001/492
f 1204/980/533 1203/983/534 1198/982/532 1201/981/533
f 1203/984/534 1202/986/522 1206/985/524 1198/981/532
f 1197/987/531 1199/990/490 1202/989/522 1203/988/534
f 1200/991/499 1197/987/531 1203/988/534 1204/992/533
f 1206/1010/524 1205/1011/490 1209/1012/490 1208/1013/536
f 1206/985/524 1208/997/536 1198/981/532
f 1198/982/532 1208/999/536 1207/998/535 1201/981/533
f 1212/1014/539 1215/1015/490 1187/1002/490 1186/1001/492
f 1211/1016/538 1207/1017/535 1208/1013/536 1213/1018/540
f 1208/1013/536 1209/1012/490 1214/1019/490 1213/1018/540
f 1210/1020/537 1211/1016/538 1213/1018/540 1212/1014/539
f 1212/1014/539 1213/1018/540 1214/1019/490 1215/1015/490
f 1212/1014/539 1186/1001/492 1185/1009/491 1210/1020/537
f 1216/987/512 1217/990/501 1219/989/501 1220/988/512
f 1218/991/498 1216/987/512 1220/988/512 1221/992/498
f 1222/987/500 1226/988/500 1225/989/501 1223/990/501
f 1224/991/499 1227/992/499 1226/988/500 1222/987/500
o S_Hall
v 3.000000 0.200000 3.000000
v 3.000000 0.200000 -3.000000
v -3.000000 0.200000 3.000000
v -3.000000 0.200000 -3.000000
v 0.000000 0.000000 -3.000000
v 0.000000 0.000000 3.000000
v -2.000000 0.000000 -3.000000
v -2.000000 0.000000 3.000000
v 2.000000 0.000000 3.000000
v 2.000000 0.000000 -3.000000
v 2.200000 0.200000 3.000000
v 2.200000 0.200000 -3.000000
v -2.200000 0.200000 3.000000
v -2.200000 0.200000 -3.000000
v 2.500000 5.000000 -3.000000
v 2.500000 5.000000 3.000000
v 0.000000 6.000000 3.000000
v 0.000000 6.000000 -3.000000
v 1.000000 6.000000 3.000000
v 1.853553 5.646447 3.000000
v 1.853553 5.646447 -3.000000
v 1.000000 6.000000 -3.000000
v 2.500000 0.500000 -3.000000
v 2.500000 0.500000 3.000000
v 2.400000 0.000000 3.000000
v 2.400000 0.000000 -3.000000
v 2.400000 0.300000 -3.000000
v 2.400000 0.300000 3.000000
v -2.500000 5.000000 -3.000000
v -2.500000 5.000000 3.000000
v -1.000000 6.000000 3.000000
v -1.853553 5.646447 3.000000
v -1.853553 5.646447 -3.000000
v -1.000000 6.000000 -3.000000
v -2.500000 0.500000 -3.000000
v -2.500000 0.500000 3.000000
v -2.400000 0.000000 3.000000
v -2.400000 0.000000 -3.000000
v -2.400000 0.300000 -3.000000
v -2.400000 0.300000 3.000000
v 2.300000 0.000000 2.500000
v 2.200000 4.900000 2.400000
v 2.500000 0.000000 2.500000
v 2.300000 0.000000 3.000000
v 2.200000 4.900000 3.000000
v 2.500000 4.700000 2.500000
v 2.300000 4.700000 2.500000
v 2.300000 4.700000 3.000000
v 2.500000 5.000000 2.400000
v 2.500000 4.900000 2.400000
v -0.000000 5.900001 3.000000
v -0.000000 5.900001 2.400000
v -0.000000 6.000000 2.400000
v 2.200000 5.158579 3.000000
v 2.200000 5.158579 2.400000
v 2.200000 5.300000 2.400000
v 0.940338 5.900000 3.000000
v 1.825030 5.533548 3.000000
v 0.939608 5.900000 2.400000
v 1.825546 5.533032 2.400000
v 1.867572 5.632428 2.400000
v 0.980175 6.000000 2.400000
v -2.300001 0.000000 2.500000
v -2.200001 4.900001 2.400000
v -2.500001 0.000000 2.500000
v -2.300001 0.000000 3.000000
v -2.200001 4.900001 3.000000
v -2.500001 4.700000 2.500000
v -2.300001 4.700000 2.500000
v -2.300001 4.700000 3.000000
v -2.500001 5.000000 2.400000
v -2.500001 4.900001 2.400000
v -2.200000 5.158579 3.000000
v -2.200000 5.158579 2.400000
v -2.200000 5.300001 2.400000
v -0.940338 5.900001 3.000000
v -1.825031 5.533549 3.000000
v -0.939609 5.900001 2.400000
v -1.825547 5.533033 2.400000
v -1.867573 5.632428 2.400000
v -0.980175 6.000001 2.400000
v 2.300000 0.000000 -2.500000
v 2.200000 4.900001 -2.400000
v 2.500000 0.000000 -2.500000
v 2.300000 0.000000 -3.000000
v 2.200000 4.900001 -3.000000
v 2.500000 4.700000 -2.500000
v 2.300000 4.700000 -2.500000
v 2.300000 4.700000 -3.000000
v 2.500000 5.000000 -2.400000
v 2.500000 4.900001 -2.400000
v -0.000000 5.900001 -3.000000
v -0.000000 5.900001 -2.400000
v -0.000000 6.000001 -2.400000
v 2.200000 5.158579 -3.000000
v 2.200000 5.158579 -2.400000
v 2.200000 5.300001 -2.400000
v 0.940338 5.900001 -3.000000
v 1.825031 5.533549 -3.000000
v 0.939608 5.900001 -2.400000
v 1.825547 5.533033 -2.400000
v 1.867572 5.632428 -2.400000
v 0.980175 6.000001 -2.400000
v -2.300001 0.000000 -2.500000
v -2.200001 4.900001 -2.400000
v -2.500001 0.000000 -2.500000
v -2.300001 0.000000 -3.000000
v -2.200001 4.900001 -3.000000
v -2.500001 4.700001 -2.500000
v -2.300001 4.700001 -2.500000
v -2.300001 4.700001 -3.000000
v -2.500001 5.000001 -2.400000
v -2.500001 4.900001 -2.400000
v -2.200001 5.158580 -3.000000
v -2.200001 5.158580 -2.400000
v -2.200001 5.300001 -2.400000
v -0.940338 5.900001 -3.000000
v -1.825032 5.533549 -3.000000
v -0.939609 5.900001 -2.400000
v -1.825547 5.533033 -2.400000
v -1.867573 5.632429 -2.400000
v -0.980175 6.000002 -2.400000
vn -0.0000 1.0000 -0.0000
vn 0.3827 0.9239 -0.0000
vn -0.3827 0.9239 -0.0000
vn -0.9239 -0.3827 -0.0000
vn -0.0000 -1.0000 -0.0000
vn -0.1951 -0.9808 -0.0000
vn -0.5556 -0.8315 -0.0000
vn -0.9732 0.2298 -0.0000
vn -1.0000 -0.0000 -0.0000
vn 0.9239 -0.3827 -0.0000
vn 0.1951 -0.9808 -0.0000
vn 0.5556 -0.8315 -0.0000
vn 0.9732 0.2298 -0.0000
vn 1.0000 -0.0000 -0.0000
vn -0.7071 -0.0000 -0.7071
vn -0.6809 -0.2695 -0.6809
vn -0.0000 -0.0000 -1.0000
vn -0.9732 -0.2298 -0.0000
vn -0.0000 -0.2298 -0.9732
vn -0.6619 -0.3517 -0.6619
vn -0.0000 -0.2297 -0.9733
vn -0.0000 -0.7071 -0.7071
vn -0.5491 -0.2275 -0.8042
vn -0.1952 -0.9808 0.0002
vn -0.5554 -0.8316 0.0002
vn -0.1281 -0.6446 -0.7537
vn -0.3652 -0.5464 -0.7537
vn 0.7071 -0.0000 -0.7071
vn 0.6809 -0.2695 -0.6809
vn 0.9732 -0.2298 -0.0000
vn 0.6619 -0.3517 -0.6619
vn 0.5491 -0.2275 -0.8042
vn 0.1952 -0.9808 0.0002
vn 0.5554 -0.8316 0.0002
vn 0.1281 -0.6446 -0.7537
vn 0.3652 -0.5464 -0.7537
vn -0.7071 -0.0000 0.7071
vn -0.6809 -0.2695 0.6809
vn -0.0000 -0.0000 1.0000
vn -0.0000 -0.2298 0.9732
vn -0.6619 -0.3517 0.6619
vn -0.0000 -0.2297 0.9733
vn -0.0000 -0.7071 0.7071
vn -0.5491 -0.2275 0.8042
vn -0.1952 -0.9808 -0.0002
vn -0.5554 -0.8316 -0.0002
vn -0.1281 -0.6446 0.7537
vn -0.3652 -0.5464 0.7537
vn 0.7071 -0.0000 0.7071
vn 0.6809 -0.2695 0.6809
vn 0.6619 -0.3517 0.6619
vn 0.5491 -0.2275 0.8042
vn 0.1952 -0.9808 -0.0002
vn 0.5554 -0.8316 -0.0002
vn 0.1281 -0.6446 0.7537
vn 0.3652 -0.5464 0.7537
vt 0.125000 0.999900
vt 0.041733 0.999900
vt 0.041733 0.750100
vt 0.125000 0.750100
vt 0.208266 0.750100
vt 0.208267 0.999900
vt 0.033407 0.624900
vt 0.000100 0.624900
vt 0.000100 0.500100
vt 0.033407 0.500100
vt 0.041733 0.624900
vt 0.041733 0.500100
vt 0.216593 0.500100
vt 0.216593 0.624900
vt 0.208267 0.624900
vt 0.208266 0.500100
vt 0.249900 0.500100
vt 0.249900 0.624900
vt 0.250100 0.837352
vt 0.499900 0.837352
vt 0.499900 0.968650
vt 0.250100 0.968650
vt 0.500000 0.750000
vt 0.500000 0.500000
vt 0.467678 0.500000
vt 0.467678 0.750000
vt 0.425000 0.500000
vt 0.425000 0.750000
vt 0.375000 0.500000
vt 0.375000 0.750000
vt 0.250100 0.774390
vt 0.499900 0.774390
vt 0.499900 0.789700
vt 0.250100 0.789700
vt 0.499900 0.795836
vt 0.250100 0.795836
vt 0.250000 0.750000
vt 0.282322 0.750000
vt 0.282322 0.500000
vt 0.250000 0.500000
vt 0.325000 0.500000
vt 0.325000 0.750000
vt 0.084272 0.673426
vt 0.084272 0.685581
vt 0.120737 0.685581
vt 0.114659 0.673426
vt 0.090400 0.673325
vt 0.102656 0.685581
vt 0.102656 0.673325
vt 0.043628 0.500039
vt 0.043628 0.749961
vt 0.022500 0.749961
vt 0.022500 0.500039
vt 0.070838 0.500039
vt 0.070838 0.749961
vt 0.011837 0.741571
vt 0.028200 0.741571
vt 0.028200 0.745543
vt 0.011837 0.745543
vt 0.084272 0.701427
vt 0.084272 0.701296
vt 0.120737 0.701296
vt 0.086805 0.741571
vt 0.124840 0.741571
vt 0.124840 0.745543
vt 0.086805 0.745543
vt 0.048546 0.721513
vt 0.048546 0.741571
vt 0.028200 0.721513
vt 0.048546 0.745543
vt 0.086805 0.721513
vt 0.124840 0.721513
vt 0.237844 0.741571
vt 0.237844 0.745543
vt 0.221480 0.745543
vt 0.221480 0.741571
vt 0.162875 0.741571
vt 0.162875 0.745543
vt 0.201134 0.721513
vt 0.221480 0.721513
vt 0.201134 0.741571
vt 0.201134 0.745543
vt 0.162875 0.721513
s 1
usemtl M_DungeonEnviro
f 1233/1021/541 1236/1022/543 1237/1023/543 1232/1024/541
f 1234/1025/542 1235/1026/542 1233/1021/541 1232/1024/541
f 1238/1027/543 1228/1028/541 1229/1029/541 1239/1030/543
f 1236/1031/543 1238/1027/543 1239/1030/543 1237/1032/543
f 1241/1033/542 1240/1034/542 1235/1035/542 1234/1036/542
f 1231/1037/541 1230/1038/541 1240/1034/542 1241/1033/542
f 1250/1039/548 1251/1040/548 1243/1041/544 1242/1042/544
f 1242/1043/544 1243/1044/544 1247/1045/547 1248/1046/547
f 1246/1047/546 1249/1048/546 1248/1046/547 1247/1045/547
f 1249/1048/546 1246/1047/546 1244/1049/545 1245/1050/545
f 1253/1051/549 1252/1052/549 1255/1053/548 1254/1054/548
f 1251/1055/548 1250/1056/548 1254/1054/548 1255/1053/548
f 1262/1039/553 1256/1042/550 1257/1041/550 1263/1040/553
f 1256/1057/550 1260/1058/552 1259/1059/552 1257/1060/550
f 1258/1061/551 1259/1059/552 1260/1058/552 1261/1062/551
f 1261/1062/551 1245/1050/545 1244/1049/545 1258/1061/551
f 1265/1051/554 1266/1054/553 1267/1053/553 1264/1052/554
f 1263/1055/553 1267/1053/553 1266/1054/553 1262/1056/553
f 1275/1063/558 1272/1064/558 1269/1065/556 1274/1066/560
f 1274/1067/560 1269/1064/556 1277/1068/561 1273/1069/559
f 1268/1070/555 1274/1071/560 1273/1072/559 1270/1073/557
f 1271/1074/549 1275/1075/558 1274/1071/560 1268/1070/555
f 1277/1076/561 1282/1077/563 1283/1078/557 1276/1079/557
f 1277/1068/561 1269/1064/556 1282/1080/563
f 1269/1065/556 1272/1064/558 1281/1081/544 1282/1082/563
f 1286/1083/566 1279/1084/562 1280/1085/557 1289/1086/557
f 1285/1087/565 1287/1088/567 1282/1077/563 1281/1089/544
f 1282/1077/563 1287/1088/567 1288/1090/557 1283/1078/557
f 1284/1091/564 1286/1083/566 1287/1088/567 1285/1087/565
f 1286/1083/566 1289/1086/557 1288/1090/557 1287/1088/567
f 1286/1083/566 1284/1091/564 1278/1092/545 1279/1084/562
f 1297/1063/570 1296/1066/571 1291/1065/569 1294/1064/570
f 1296/1067/571 1295/1069/559 1299/1068/561 1291/1064/569
f 1290/1070/568 1292/1073/557 1295/1072/559 1296/1071/571
f 1293/1074/554 1290/1070/568 1296/1071/571 1297/1075/570
f 1299/1093/561 1298/1094/557 1302/1095/557 1301/1096/572
f 1299/1068/561 1301/1080/572 1291/1064/569
f 1291/1065/569 1301/1082/572 1300/1081/550 1294/1064/570
f 1305/1097/575 1308/1098/557 1280/1085/557 1279/1084/562
f 1304/1099/574 1300/1100/550 1301/1096/572 1306/1101/576
f 1301/1096/572 1302/1095/557 1307/1102/557 1306/1101/576
f 1303/1103/573 1304/1099/574 1306/1101/576 1305/1097/575
f 1305/1097/575 1306/1101/576 1307/1102/557 1308/1098/557
f 1305/1097/575 1279/1084/562 1278/1092/545 1303/1103/573
f 1316/1063/558 1315/1066/581 1310/1065/578 1313/1064/558
f 1315/1067/581 1314/1069/580 1318/1068/582 1310/1064/578
f 1309/1070/577 1311/1073/579 1314/1072/580 1315/1071/581
f 1312/1074/549 1309/1070/577 1315/1071/581 1316/1075/558
f 1318/1076/582 1317/1079/579 1324/1078/579 1323/1077/584
f 1318/1068/582 1323/1080/584 1310/1064/578
f 1310/1065/578 1323/1082/584 1322/1081/544 1313/1064/558
f 1327/1083/587 1330/1086/579 1321/1085/579 1320/1084/583
f 1326/1087/586 1322/1089/544 1323/1077/584 1328/1088/588
f 1323/1077/584 1324/1078/579 1329/1090/579 1328/1088/588
f 1325/1091/585 1326/1087/586 1328/1088/588 1327/1083/587
f 1327/1083/587 1328/1088/588 1329/1090/579 1330/1086/579
f 1327/1083/587 1320/1084/583 1319/1092/545 1325/1091/585
f 1338/1063/570 1335/1064/570 1332/1065/590 1337/1066/591
f 1337/1067/591 1332/1064/590 1340/1068/582 1336/1069/580
f 1331/1070/589 1337/1071/591 1336/1072/580 1333/1073/579
f 1334/1074/554 1338/1075/570 1337/1071/591 1331/1070/589
f 1340/1093/582 1342/1096/592 1343/1095/579 1339/1094/579
f 1340/1068/582 1332/1064/590 1342/1080/592
f 1332/1065/590 1335/1064/570 1341/1081/550 1342/1082/592
f 1346/1097/595 1320/1084/583 1321/1085/579 1349/1098/579
f 1345/1099/594 1347/1101/596 1342/1096/592 1341/1100/550
f 1342/1096/592 1347/1101/596 1348/1102/579 1343/1095/579
f 1344/1103/593 1346/1097/595 1347/1101/596 1345/1099/594
f 1346/1097/595 1349/1098/579 1348/1102/579 1347/1101/596
f 1346/1097/595 1344/1103/593 1319/1092/545 1320/1084/583
o S_Hall_Junction_T
v 0.000000 0.000000 3.000000
v -2.000000 0.000000 3.000000
v 2.000000 0.000000 3.000000
v 2.200000 0.200000 3.000000
v -2.200000 0.200000 3.000000
v 0.000000 0.000000 0.000000
v 2.200000 0.200000 2.200000
v 2.000000 0.000000 2.000000
v -2.000000 0.000000 2.000000
v -2.200000 0.200000 2.200000
v 3.000000 0.200000 -3.000000
v -3.000000 0.200000 -3.000000
v 3.000000 0.200000 3.000000
v -3.000000 0.200000 3.000000
v -3.000000 0.000000 0.000000
v 3.000000 0.000000 -0.000000
v -3.000000 0.000000 2.000000
v 3.000000 0.000000 2.000000
v 3.000000 0.000000 -2.000000
v -3.000000 0.000000 -2.000000
v 3.000000 0.200000 -2.200000
v -3.000000 0.200000 -2.200000
v 3.000000 0.200000 2.200000
v -3.000000 0.200000 2.200000
v -0.000000 0.200000 -3.000000
v -0.000000 0.000000 -2.000000
v -0.000000 0.200000 -2.200000
v 2.300000 0.000000 2.500000
v 2.200000 4.900000 2.400000
v 2.300000 0.000000 3.000000
v 2.200000 4.900000 3.000000
v 2.300000 4.700000 2.500000
v 2.300000 4.700000 3.000000
v 2.400000 4.900000 2.400000
v -0.000000 5.900001 3.000000
v -0.000000 5.900001 2.400000
v -0.000000 6.000000 2.400000
v 2.200000 5.158579 3.000000
v 2.200000 5.158579 2.400000
v 2.200000 5.300000 2.400000
v 0.940338 5.900000 3.000000
v 1.825030 5.533548 3.000000
v 0.939608 5.900000 2.400000
v 1.825546 5.533032 2.400000
v 1.867572 5.632428 2.400000
v 0.980175 6.000000 2.400000
v -2.300001 0.000000 2.500000
v -2.200001 4.900001 2.400000
v -2.500001 0.000000 2.500000
v -2.300001 0.000000 3.000000
v -2.200001 4.900001 3.000000
v -2.500001 4.700000 2.500000
v -2.300001 4.700000 2.500000
v -2.300001 4.700000 3.000000
v -2.400001 5.158580 2.400000
v -2.400001 4.900001 2.400000
v -2.200000 5.158579 3.000000
v -2.200000 5.158579 2.400000
v -2.200000 5.300001 2.400000
v -0.940338 5.900001 3.000000
v -1.825031 5.533549 3.000000
v -0.939609 5.900001 2.400000
v -1.825547 5.533033 2.400000
v -1.867573 5.632428 2.400000
v -0.980175 6.000001 2.400000
v 2.500000 0.000000 -2.300000
v 2.400000 4.900000 -2.200000
v 2.500000 0.000000 -2.500000
v 3.000000 0.000000 -2.300000
v 3.000000 4.900000 -2.200000
v 2.500000 4.700000 -2.500000
v 2.500000 4.700000 -2.300000
v 3.000000 4.700000 -2.300000
v 2.400000 5.000000 -2.500000
v 2.400000 4.900000 -2.500000
v 3.000000 5.900001 0.000000
v 2.400000 5.900001 0.000000
v 2.400000 6.000000 0.000000
v 3.000000 5.158579 -2.200000
v 2.400000 5.158579 -2.200000
v 2.400000 5.300000 -2.200000
v 3.000000 5.900000 -0.940338
v 3.000000 5.533548 -1.825030
v 2.400000 5.900000 -0.939608
v 2.400000 5.533032 -1.825546
v 2.400000 5.632428 -1.867572
v 2.400000 6.000000 -0.980175
v 2.500000 0.000000 2.300001
v 2.400000 4.900001 2.200001
v 2.500000 0.000000 2.500001
v 3.000000 0.000000 2.300001
v 3.000000 4.900001 2.200001
v 2.500000 4.700000 2.500001
v 2.500000 4.700000 2.300001
v 3.000000 4.700000 2.300001
v 2.400000 5.158580 2.400000
v 3.000000 5.158579 2.200000
v 2.400000 5.158579 2.200000
v 2.400000 5.300001 2.200000
v 3.000000 5.900001 0.940338
v 3.000000 5.533549 1.825031
v 2.400000 5.900001 0.939609
v 2.400000 5.533033 1.825547
v 2.400000 5.632428 1.867573
v 2.400000 6.000001 0.980175
v -2.500001 0.000000 -2.300000
v -2.400001 4.900001 -2.200000
v -2.500001 0.000000 -2.500000
v -3.000001 0.000000 -2.299999
v -3.000001 4.900001 -2.199999
v -2.500001 4.700000 -2.500000
v -2.500001 4.700000 -2.300000
v -3.000001 4.700000 -2.299999
v -2.400001 5.000000 -2.500000
v -2.400001 4.900001 -2.500000
v -3.000001 5.900001 0.000001
v -2.400001 5.900001 0.000001
v -2.400001 6.000001 0.000001
v -3.000001 5.158579 -2.199999
v -2.400001 5.158579 -2.199999
v -2.400001 5.300001 -2.199999
v -3.000001 5.900001 -0.940337
v -3.000001 5.533549 -1.825030
v -2.400001 5.900001 -0.939608
v -2.400001 5.533033 -1.825546
v -2.400001 5.632428 -1.867571
v -2.400001 6.000001 -0.980174
v -2.500000 0.000000 2.300002
v -2.400001 4.900001 2.200002
v -3.000000 0.000000 2.300002
v -3.000000 4.900001 2.200002
v -2.500000 4.700001 2.300002
v -3.000000 4.700001 2.300002
v -3.000000 5.158580 2.200001
v -2.400001 5.158580 2.200001
v -2.400001 5.300001 2.200001
v -3.000000 5.900001 0.940339
v -3.000000 5.533549 1.825032
v -2.400001 5.900001 0.939610
v -2.400001 5.533033 1.825548
v -2.400001 5.632429 1.867574
v -2.400001 6.000002 0.980176
v 2.500000 5.000000 3.000000
v 0.000000 6.000000 3.000000
v 1.000000 6.000000 3.000000
v 1.853553 5.646447 3.000000
v 2.500000 0.500000 3.000000
v 2.400000 0.000000 3.000000
v 2.400000 0.300000 3.000000
v -2.500000 5.000000 3.000000
v -1.000000 6.000000 3.000000
v -1.853553 5.646447 3.000000
v -2.500000 0.500000 3.000000
v -2.400000 0.000000 3.000000
v -2.400000 0.300000 3.000000
v 2.500000 5.000000 2.500000
v 0.000000 6.000000 0.000000
v 1.000000 6.000000 1.000000
v -2.500000 5.000000 2.500000
v -1.853553 5.646447 1.853553
v 1.853553 5.646447 2.500000
v -1.853553 5.646447 2.500000
v 0.000000 6.000000 2.500000
v 1.000000 6.000000 2.500000
v 2.500000 0.500000 2.500000
v 2.400000 0.000000 2.500000
v 2.400000 0.300000 2.500000
v -1.000000 6.000000 2.500000
v -2.500000 0.500000 2.500000
v -2.400000 0.000000 2.500000
v -2.400000 0.300000 2.500000
v -3.000000 5.000000 -2.500000
v 3.000000 5.000000 -2.500000
v 3.000000 6.000000 -0.000000
v -3.000000 6.000000 0.000000
v 3.000000 6.000000 -1.000000
v 3.000000 5.646447 -1.853553
v -3.000000 5.646447 -1.853553
v -3.000000 6.000000 -1.000000
v -3.000000 0.500000 -2.500000
v 3.000000 0.500000 -2.500000
v 3.000000 0.000000 -2.400000
v -3.000000 0.000000 -2.400000
v -3.000000 0.300000 -2.400000
v 3.000000 0.300000 -2.400000
v -3.000000 5.000000 2.500000
v 3.000000 5.000000 2.500000
v 3.000000 6.000000 1.000000
v 3.000000 5.646447 1.853553
v -3.000000 5.646447 1.853553
v -3.000000 6.000000 1.000000
v -3.000000 0.500000 2.500000
v 3.000000 0.500000 2.500000
v 3.000000 0.000000 2.400000
v -3.000000 0.000000 2.400000
v -3.000000 0.300000 2.400000
v 3.000000 0.300000 2.400000
v 2.500000 5.000000 -2.500000
v 2.500000 6.000000 -0.000000
v 2.500000 6.000000 -1.000000
v 2.500000 5.646447 -1.853553
v 2.500000 0.500000 -2.500000
v 2.500000 0.000000 -2.400000
v 2.500000 0.300000 -2.400000
v 2.500000 6.000000 1.000000
v 2.500000 5.646447 1.853553
v 2.500000 0.000000 2.400000
v 2.500000 0.300000 2.400000
v -2.500000 5.000000 -2.500000
v -2.500000 6.000000 0.000000
v -2.500000 6.000000 -1.000000
v -2.500000 0.500000 -2.500000
v -2.500000 0.000000 -2.400000
v -2.500000 0.300000 -2.400000
v -2.500000 6.000000 1.000000
v -2.500000 0.000000 2.400000
v -2.500000 0.300000 2.400000
v -2.500000 5.646447 -1.853553
v -2.500000 5.646447 1.853553
v -0.000000 5.646447 -1.853553
v -0.000000 5.000000 -2.500000
v -0.000000 6.000000 -1.000000
v -0.000000 0.500000 -2.500000
v -0.000000 0.000000 -2.400000
v -0.000000 0.300000 -2.400000
v 1.000000 5.646447 -1.853553
v 1.000000 5.000000 -2.500000
v 1.000000 6.000000 -0.000000
v 1.000000 6.000000 -1.000000
v 1.000000 0.500000 -2.500000
v 1.000000 0.000000 -2.400000
v 1.000000 0.300000 -2.400000
v 1.853553 5.646447 -1.853553
v 1.853553 5.646447 1.853553
v 1.853553 5.000000 -2.500000
v 1.853553 6.000000 -0.000000
v 1.853553 6.000000 -1.000000
v 1.853553 0.500000 -2.500000
v 1.853553 0.000000 -2.400000
v 1.853553 0.300000 -2.400000
v 1.853553 6.000000 1.000000
v -1.000000 5.000000 -2.500000
v -1.000000 6.000000 0.000000
v -1.000000 6.000000 -1.000000
v -1.000000 0.500000 -2.500000
v -1.000000 0.000000 -2.400000
v -1.000000 0.300000 -2.400000
v -1.000000 6.000000 1.000000
v -1.000000 5.646447 -1.853553
v -1.853554 5.000000 -2.500000
v -1.853553 6.000000 0.000000
v -1.853553 6.000000 -1.000000
v -1.853554 0.500000 -2.500000
v -1.853554 0.000000 -2.400000
v -1.853554 0.300000 -2.400000
v -1.853553 6.000000 1.000000
v -1.853554 5.646447 -1.853553
vn -0.0000 1.0000 -0.0000
vn 0.3827 0.9239 -0.0000
vn -0.3827 0.9239 -0.0000
vn -0.3002 0.9054 -0.3002
vn -0.1101 0.9878 -0.1101
vn 0.1101 0.9878 -0.1101
vn 0.3002 0.9054 -0.3002
vn -0.0000 0.9239 -0.3827
vn -0.0000 0.9239 0.3827
vn -0.7071 -0.0000 -0.7071
vn -0.6809 -0.2695 -0.6809
vn -1.0000 -0.0000 -0.0000
vn -0.9732 -0.2298 -0.0000
vn -0.6619 -0.3517 -0.6619
vn -0.0000 -1.0000 -0.0000
vn -0.0000 -0.7071 -0.7071
vn -0.0000 -0.0000 -1.0000
vn -0.9239 -0.3827 -0.0000
vn -0.5491 -0.2275 -0.8042
vn -0.1952 -0.9808 0.0002
vn -0.5554 -0.8316 0.0002
vn -0.1281 -0.6446 -0.7537
vn -0.3652 -0.5464 -0.7537
vn 0.7071 -0.0000 -0.7071
vn 0.6809 -0.2695 -0.6809
vn 1.0000 -0.0000 -0.0000
vn 0.9732 -0.2298 -0.0000
vn 0.6619 -0.3517 -0.6619
vn 0.9239 -0.3827 -0.0000
vn 0.5491 -0.2275 -0.8042
vn 0.1952 -0.9808 0.0002
vn 0.5554 -0.8316 0.0002
vn 0.1281 -0.6446 -0.7537
vn 0.3652 -0.5464 -0.7537
vn -0.7071 -0.0000 0.7071
vn -0.6809 -0.2695 0.6809
vn -0.0000 -0.0000 1.0000
vn -0.0000 -0.2298 0.9732
vn -0.6619 -0.3517 0.6619
vn -0.9733 -0.2297 -0.0000
vn -0.7071 -0.7071 -0.0000
vn -0.0000 -0.3827 0.9239
vn -0.8042 -0.2275 0.5491
vn 0.0002 -0.9808 0.1952
vn 0.0002 -0.8316 0.5554
vn -0.7537 -0.6446 0.1281
vn -0.7537 -0.5464 0.3652
vn -0.0000 -0.2298 -0.9732
vn -0.0000 -0.3827 -0.9239
vn -0.8042 -0.2275 -0.5491
vn 0.0002 -0.9808 -0.1952
vn 0.0002 -0.8316 -0.5554
vn -0.7537 -0.6446 -0.1281
vn -0.7537 -0.5464 -0.3652
vn 0.7071 -0.0000 0.7071
vn 0.6809 -0.2695 0.6809
vn 0.6619 -0.3517 0.6619
vn 0.9733 -0.2297 -0.0000
vn 0.7071 -0.7071 -0.0000
vn 0.8042 -0.2275 0.5491
vn -0.0002 -0.9808 0.1952
vn -0.0002 -0.8316 0.5554
vn 0.7537 -0.6446 0.1281
vn 0.7537 -0.5464 0.3652
vn 0.8042 -0.2275 -0.5491
vn -0.0002 -0.9808 -0.1952
vn -0.0002 -0.8316 -0.5554
vn 0.7537 -0.6446 -0.1281
vn 0.7537 -0.5464 -0.3652
vn -0.1951 -0.9808 -0.0000
vn -0.5556 -0.8315 -0.0000
vn -0.9732 0.2298 -0.0000
vn 0.1951 -0.9808 -0.0000
vn 0.5556 -0.8315 -0.0000
vn 0.9732 0.2298 -0.0000
vn -0.5789 -0.5743 -0.5789
vn -0.0505 -0.9974 -0.0505
vn 0.5789 -0.5743 -0.5789
vn 0.2582 -0.9309 -0.2582
vn -0.6707 0.3167 -0.6707
vn 0.6707 0.3167 -0.6707
vn -0.0000 -0.9808 0.1951
vn -0.0000 -0.8315 0.5556
vn -0.0000 0.2298 0.9732
vn -0.0000 -0.9808 -0.1951
vn -0.0000 -0.8315 -0.5556
vn -0.0000 0.2298 -0.9732
vn -0.2582 -0.9309 -0.2582
vn 0.0505 -0.9974 -0.0505
vt 0.041733 0.624900
vt 0.033407 0.624900
vt 0.033407 0.608260
vt 0.041733 0.604100
vt 0.000100 0.624900
vt 0.125000 0.999900
vt 0.041733 0.999900
vt 0.041733 0.958267
vt 0.125000 0.875000
vt 0.216593 0.608260
vt 0.249900 0.624900
vt 0.216593 0.624900
vt 0.208267 0.958267
vt 0.208267 0.999900
vt 0.208267 0.604100
vt 0.208267 0.624900
vt 0.041733 0.875000
vt 0.041733 0.750100
vt 0.125000 0.750100
vt 0.033407 0.562500
vt 0.000100 0.562500
vt 0.000100 0.500100
vt 0.033407 0.500100
vt 0.041733 0.562500
vt 0.041733 0.500100
vt 0.249900 0.500100
vt 0.216593 0.516740
vt 0.216593 0.500100
vt 0.208266 0.520900
vt 0.208266 0.500100
vt 0.208266 0.750100
vt 0.208266 0.791733
vt 0.208267 0.958267
vt 0.208267 0.604100
vt 0.084272 0.673426
vt 0.084272 0.685581
vt 0.120737 0.685581
vt 0.114659 0.673426
vt 0.090400 0.673325
vt 0.102656 0.685581
vt 0.102656 0.673325
vt 0.043628 0.500039
vt 0.043628 0.749961
vt 0.022500 0.749961
vt 0.022500 0.500039
vt 0.070838 0.500039
vt 0.070838 0.749961
vt 0.011837 0.741571
vt 0.028200 0.741571
vt 0.028200 0.745543
vt 0.011837 0.745543
vt 0.084272 0.701427
vt 0.084272 0.701296
vt 0.120737 0.701296
vt 0.086805 0.741571
vt 0.124840 0.741571
vt 0.124840 0.745543
vt 0.086805 0.745543
vt 0.048546 0.721513
vt 0.048546 0.741571
vt 0.028200 0.721513
vt 0.048546 0.745543
vt 0.086805 0.721513
vt 0.124840 0.721513
vt 0.237844 0.741571
vt 0.237844 0.745543
vt 0.221480 0.745543
vt 0.221480 0.741571
vt 0.162875 0.741571
vt 0.162875 0.745543
vt 0.201134 0.721513
vt 0.221480 0.721513
vt 0.201134 0.741571
vt 0.201134 0.745543
vt 0.162875 0.721513
vt 0.096528 0.685581
vt 0.232389 0.738392
vt 0.479083 0.837352
vt 0.499900 0.837352
vt 0.499900 0.968650
vt 0.479083 0.968650
vt 0.500000 0.520833
vt 0.500000 0.500000
vt 0.467678 0.500000
vt 0.467678 0.520833
vt 0.425000 0.520833
vt 0.425000 0.500000
vt 0.375000 0.500000
vt 0.375000 0.520833
vt 0.479083 0.750100
vt 0.499900 0.750100
vt 0.499900 0.800091
vt 0.479083 0.800091
vt 0.250000 0.520833
vt 0.282322 0.520833
vt 0.282322 0.500000
vt 0.250000 0.500000
vt 0.325000 0.520833
vt 0.325000 0.500000
vt 0.479083 0.800091
vt 0.282322 0.547769
vt 0.325000 0.583333
vt 0.425000 0.583333
vt 0.467678 0.547769
vt 0.499900 0.820126
vt 0.479083 0.820126
vt 0.479083 0.820126
vt 0.375000 0.625000
vt 0.479083 0.968650
vt 0.467678 0.520833
vt 0.425000 0.729167
vt 0.425000 0.750000
vt 0.467678 0.750000
vt 0.467678 0.729167
vt 0.425000 0.520833
vt 0.375000 0.520833
vt 0.479083 0.775146
vt 0.499900 0.775146
vt 0.499900 0.789377
vt 0.479083 0.789377
vt 0.270917 0.795080
vt 0.250100 0.795080
vt 0.250100 0.789377
vt 0.270917 0.789377
vt 0.479083 0.837352
vt 0.250000 0.520833
vt 0.282322 0.520833
vt 0.325000 0.729167
vt 0.282322 0.729167
vt 0.282322 0.750000
vt 0.325000 0.750000
vt 0.325000 0.520833
vt 0.270917 0.820126
vt 0.270917 0.800091
vt 0.250100 0.800091
vt 0.250100 0.820126
vt 0.325000 0.547769
vt 0.375000 0.547769
vt 0.499900 0.795080
vt 0.479083 0.795080
vt 0.452169 0.775146
vt 0.452169 0.789377
vt 0.425000 0.547769
vt 0.500000 0.547769
vt 0.467677 0.547768
vt 0.452169 0.837352
vt 0.452169 0.968650
vt 0.250100 0.837352
vt 0.270917 0.837352
vt 0.270917 0.968650
vt 0.250100 0.968650
vt 0.500000 0.750000
vt 0.500000 0.729167
vt 0.375000 0.729167
vt 0.375000 0.750000
vt 0.250100 0.775146
vt 0.270917 0.775146
vt 0.250000 0.750000
vt 0.250000 0.729167
vt 0.250100 0.750100
vt 0.270917 0.750100
vt 0.325000 0.702231
vt 0.282322 0.702231
vt 0.297830 0.795080
vt 0.297830 0.789377
vt 0.425000 0.702231
vt 0.467677 0.702231
vt 0.425000 0.583333
vt 0.425000 0.625000
vt 0.467678 0.625000
vt 0.467678 0.583333
vt 0.416633 0.795080
vt 0.375000 0.795080
vt 0.375000 0.789377
vt 0.416633 0.789377
vt 0.333367 0.837352
vt 0.375000 0.837352
vt 0.375000 0.968650
vt 0.333367 0.968650
vt 0.500000 0.666667
vt 0.500000 0.625000
vt 0.467678 0.666667
vt 0.425000 0.666667
vt 0.375000 0.625000
vt 0.375000 0.666667
vt 0.333367 0.775146
vt 0.375000 0.775146
vt 0.333367 0.789377
vt 0.325000 0.666667
vt 0.282322 0.547768
vt 0.325000 0.583333
vt 0.452169 0.795080
vt 0.416633 0.837352
vt 0.416633 0.968650
vt 0.500000 0.583333
vt 0.375000 0.583333
vt 0.416633 0.775146
vt 0.375000 0.702231
vt 0.297830 0.775146
vt 0.500000 0.702231
vt 0.297830 0.837352
vt 0.297830 0.968650
vt 0.333367 0.795080
s 1
usemtl M_DungeonEnviro
f 1352/1104/599 1353/1105/599 1356/1106/600 1357/1107/601
f 1353/1105/599 1362/1108/597 1356/1106/600
f 1350/1109/597 1352/1110/599 1357/1111/601 1355/1112/597
f 1359/1113/603 1363/1114/597 1354/1115/598
f 1355/1112/597 1358/1116/602 1351/1117/598 1350/1109/597
f 1358/1118/602 1359/1113/603 1354/1115/598 1351/1119/598
f 1355/1112/597 1375/1120/605 1369/1121/605 1364/1122/597
f 1376/1123/605 1374/1124/597 1361/1125/597 1371/1126/605
f 1375/1127/605 1376/1123/605 1371/1126/605 1369/1128/605
f 1363/1129/597 1359/1130/603 1373/1131/604
f 1373/1131/604 1359/1130/603 1358/1132/602 1366/1133/604
f 1368/1104/605 1370/1105/605 1376/1123/605 1375/1127/605
f 1370/1105/605 1360/1108/597 1374/1124/597 1376/1123/605
f 1366/1134/604 1358/1135/602 1355/1112/597 1364/1122/597
f 1365/1109/597 1368/1110/605 1375/1120/605 1355/1112/597
f 1356/1113/600 1362/1114/597 1372/1115/604
f 1355/1112/597 1357/1136/601 1367/1117/604 1365/1109/597
f 1357/1137/601 1356/1113/600 1372/1115/604 1367/1119/604
f 1382/1138/609 1380/1139/609 1378/1140/607 1381/1141/610
f 1381/1142/610 1378/1139/607 1383/1143/610 1442/1144/607
f 1377/1145/606 1381/1146/610 1442/1147/607 1439/1148/606
f 1379/1149/608 1382/1150/609 1381/1146/610 1377/1145/606
f 1383/1151/610 1388/1152/615 1389/1153/613 1445/1154/606
f 1383/1143/610 1378/1139/607 1388/1155/615
f 1378/1140/607 1380/1139/609 1387/1156/614 1388/1157/615
f 1392/1158/618 1385/1159/612 1386/1160/613 1395/1161/613
f 1391/1162/617 1393/1163/619 1388/1152/615 1387/1164/614
f 1388/1152/615 1393/1163/619 1394/1165/613 1389/1153/613
f 1390/1166/616 1392/1158/618 1393/1163/619 1391/1162/617
f 1392/1158/618 1395/1161/613 1394/1165/613 1393/1163/619
f 1392/1158/618 1390/1166/616 1384/1167/611 1385/1159/612
f 1403/1138/623 1402/1141/624 1397/1140/621 1400/1139/623
f 1402/1142/624 1401/1144/621 1405/1143/624 1397/1139/621
f 1396/1145/620 1398/1148/620 1401/1147/621 1402/1146/624
f 1399/1149/622 1396/1145/620 1402/1146/624 1403/1150/623
f 1405/1168/624 1404/1169/620 1408/1170/613 1407/1171/626
f 1405/1143/624 1407/1155/626 1397/1139/621
f 1397/1140/621 1407/1157/626 1406/1156/625 1400/1139/623
f 1411/1172/629 1414/1173/613 1386/1160/613 1385/1159/612
f 1410/1174/628 1406/1175/625 1407/1171/626 1412/1176/630
f 1407/1171/626 1408/1170/613 1413/1177/613 1412/1176/630
f 1409/1178/627 1410/1174/628 1412/1176/630 1411/1172/629
f 1411/1172/629 1412/1176/630 1413/1177/613 1414/1173/613
f 1411/1172/629 1385/1159/612 1384/1167/611 1409/1178/627
f 1422/1138/634 1419/1139/634 1416/1140/632 1421/1141/635
f 1421/1142/635 1416/1139/632 1424/1143/636 1420/1144/609
f 1415/1145/631 1421/1146/635 1420/1147/609 1417/1148/608
f 1418/1149/633 1422/1150/634 1421/1146/635 1415/1145/631
f 1424/1151/636 1429/1152/639 1430/1153/608 1423/1154/608
f 1424/1143/636 1416/1139/632 1429/1155/639
f 1416/1140/632 1419/1139/634 1428/1156/638 1429/1157/639
f 1433/1158/642 1426/1159/637 1427/1160/608 1436/1161/608
f 1432/1162/641 1434/1163/643 1429/1152/639 1428/1164/638
f 1429/1152/639 1434/1163/643 1435/1165/608 1430/1153/608
f 1431/1166/640 1433/1158/642 1434/1163/643 1432/1162/641
f 1433/1158/642 1436/1161/608 1435/1165/608 1434/1163/643
f 1433/1158/642 1431/1166/640 1425/1167/611 1426/1159/637
f 1444/1138/644 1443/1141/610 1438/1140/607 1441/1139/644
f 1443/1142/610 1442/1144/607 1383/1179/610 1438/1139/607
f 1437/1145/606 1439/1148/606 1442/1147/607 1443/1146/610
f 1440/1149/613 1437/1145/606 1443/1146/610 1444/1150/644
f 1383/1180/610 1445/1169/606 1448/1170/608 1447/1171/646
f 1383/1179/610 1447/1155/646 1438/1139/607
f 1438/1140/607 1447/1157/646 1446/1156/645 1441/1139/644
f 1451/1172/649 1454/1173/608 1427/1160/608 1426/1159/637
f 1450/1174/648 1446/1175/645 1447/1171/646 1452/1176/650
f 1447/1171/646 1448/1170/608 1453/1177/608 1452/1176/650
f 1449/1178/647 1450/1174/648 1452/1176/650 1451/1172/649
f 1451/1172/649 1452/1176/650 1453/1177/608 1454/1173/608
f 1451/1172/649 1426/1159/637 1425/1167/611 1449/1178/647
f 1462/1138/634 1461/1141/653 1456/1140/652 1459/1139/634
f 1461/1142/653 1460/1144/623 1464/1143/654 1456/1139/652
f 1455/1145/651 1457/1148/622 1460/1147/623 1461/1146/653
f 1458/1149/633 1455/1145/651 1461/1146/653 1462/1150/634
f 1464/1151/654 1463/1154/622 1470/1153/622 1469/1152/656
f 1464/1143/654 1469/1155/656 1456/1139/652
f 1456/1140/652 1469/1157/656 1468/1156/638 1459/1139/634
f 1473/1158/659 1476/1161/622 1467/1160/622 1466/1159/655
f 1472/1162/658 1468/1164/638 1469/1152/656 1474/1163/660
f 1469/1152/656 1470/1153/622 1475/1165/622 1474/1163/660
f 1471/1166/657 1472/1162/658 1474/1163/660 1473/1158/659
f 1473/1158/659 1474/1163/660 1475/1165/622 1476/1161/622
f 1473/1158/659 1466/1159/655 1465/1167/611 1471/1166/657
f 1482/1138/644 1480/1139/644 1478/1140/621 1481/1141/624
f 1481/1142/624 1478/1139/621 1405/1143/624 1401/1144/621
f 1477/1145/620 1481/1146/624 1401/1147/621 1398/1148/620
f 1479/1149/613 1482/1150/644 1481/1146/624 1477/1145/620
f 1405/1168/624 1484/1171/661 1485/1170/622 1404/1169/620
f 1405/1143/624 1478/1139/621 1484/1155/661
f 1478/1140/621 1480/1139/644 1483/1156/645 1484/1157/661
f 1488/1172/664 1466/1159/655 1467/1160/622 1491/1173/622
f 1487/1174/663 1489/1176/665 1484/1171/661 1483/1175/645
f 1484/1171/661 1489/1176/665 1490/1177/622 1485/1170/622
f 1486/1178/662 1488/1172/664 1489/1176/665 1487/1174/663
f 1488/1172/664 1491/1173/622 1490/1177/622 1489/1176/665
f 1488/1172/664 1486/1178/662 1465/1167/611 1466/1159/655
f 1514/1181/676 1496/1182/668 1492/1183/614 1505/1184/672
f 1505/1185/672 1492/1186/614 1495/1187/667 1510/1188/667
f 1513/1189/666 1494/1190/666 1493/1191/611 1512/1192/611
f 1515/1193/608 1497/1194/608 1498/1195/668 1516/1196/668
f 1518/1181/677 1508/1184/674 1499/1183/625 1502/1182/671
f 1508/1197/674 1511/1198/670 1501/1199/670 1499/1200/625
f 1517/1201/669 1512/1192/611 1493/1191/611 1500/1202/669
f 1519/1193/622 1520/1203/671 1504/1195/671 1503/1194/622
f 1517/1201/669 1511/1198/670 1509/1204/675 1597/1205/685
f 1513/1189/666 1507/1206/673 1583/1207/684 1510/1188/667
f 1494/1190/666 1513/1189/666 1510/1188/667 1495/1187/667
f 1496/1208/668 1514/1209/676 1516/1196/668 1498/1195/668
f 1500/1202/669 1501/1199/670 1511/1198/670 1517/1201/669
f 1502/1208/671 1504/1195/671 1520/1203/671 1518/1210/677
f 1597/1205/685 1506/1211/611 1512/1192/611 1517/1201/669
f 1508/1197/674 1509/1204/675 1511/1198/670
f 1507/1206/673 1513/1189/666 1512/1192/611 1506/1211/611
f 1505/1185/672 1510/1188/667 1583/1207/684
f 1551/1181/680 1530/1182/680 1522/1183/638 1547/1212/638
f 1547/1185/638 1522/1186/638 1526/1187/679 1550/1213/679
f 1560/1214/678 1528/1215/678 1527/1216/679 1567/1217/679
f 1549/1218/678 1525/1190/678 1523/1191/611 1548/1219/611
f 1552/1220/633 1531/1221/633 1534/1222/680 1553/1223/680
f 1561/1224/680 1529/1225/680 1533/1226/680 1563/1227/680
f 1514/1228/676 1505/1184/672 1536/1183/645 1542/1182/683
f 1505/1229/672 1555/1230/682 1538/1199/682 1536/1200/645
f 1564/1231/681 1568/1232/682 1539/1233/682 1540/1234/681
f 1554/1235/681 1548/1219/611 1523/1191/611 1537/1202/681
f 1556/1193/613 1557/1196/683 1546/1195/683 1543/1194/613
f 1518/1236/677 1566/1237/683 1545/1238/683 1541/1239/683
f 1542/1208/683 1546/1195/683 1557/1196/683 1514/1209/676
f 1590/1240/681 1585/1241/611 1548/1219/611 1554/1235/681
f 1537/1202/681 1538/1199/682 1555/1230/682 1554/1235/681
f 1530/1242/680 1551/1243/680 1553/1223/680 1534/1222/680
f 1588/1244/633 1552/1220/633 1553/1223/680 1589/1245/680
f 1586/1246/678 1549/1218/678 1548/1219/611 1585/1241/611
f 1525/1190/678 1549/1218/678 1550/1213/679 1526/1187/679
f 1584/1247/638 1547/1185/638 1550/1213/679 1582/1248/679
f 1587/1249/680 1551/1181/680 1547/1212/638 1584/1250/638
f 1529/1251/680 1561/1252/680 1558/1253/638 1521/1254/638
f 1521/1255/638 1558/1256/638 1567/1217/679 1527/1216/679
f 1528/1215/678 1560/1214/678 1559/1257/611 1524/1258/611
f 1532/1259/633 1562/1260/633 1563/1227/680 1533/1226/680
f 1541/1251/683 1535/1254/645 1508/1253/674 1518/1252/677
f 1535/1261/645 1539/1233/682 1568/1232/682 1508/1262/674
f 1540/1234/681 1524/1258/611 1559/1257/611 1564/1231/681
f 1544/1263/613 1545/1238/683 1566/1237/683 1565/1264/613
f 1605/1265/681 1509/1266/675 1568/1232/682 1564/1231/681
f 1602/1267/680 1561/1224/680 1563/1227/680 1604/1268/680
f 1601/1269/678 1560/1214/678 1567/1217/679 1606/1270/679
f 1578/1271/678 1571/1272/678 1569/1273/679 1575/1274/679
f 1579/1275/680 1572/1276/680 1574/1277/680 1581/1278/680
f 1594/1279/680 1572/1280/680 1570/1281/638 1591/1282/638
f 1591/1283/638 1570/1284/638 1569/1273/679 1598/1285/679
f 1593/1286/678 1571/1272/678 1506/1287/611 1592/1288/611
f 1595/1289/633 1573/1290/633 1574/1277/680 1596/1291/680
f 1597/1292/685 1592/1288/611 1506/1287/611
f 1590/1240/681 1583/1293/684 1507/1294/673
f 1587/1295/680 1579/1275/680 1581/1278/680 1589/1245/680
f 1586/1246/678 1578/1271/678 1575/1274/679 1582/1248/679
f 1572/1280/680 1579/1296/680 1576/1297/638 1570/1281/638
f 1570/1284/638 1576/1298/638 1575/1274/679 1569/1273/679
f 1571/1272/678 1578/1271/678 1577/1299/611 1506/1287/611
f 1573/1290/633 1580/1300/633 1581/1278/680 1574/1277/680
f 1549/1218/678 1586/1246/678 1582/1248/679 1550/1213/679
f 1551/1243/680 1587/1295/680 1589/1245/680 1553/1223/680
f 1554/1235/681 1555/1230/682 1583/1293/684 1590/1240/681
f 1579/1296/680 1587/1249/680 1584/1250/638 1576/1297/638
f 1576/1298/638 1584/1247/638 1582/1248/679 1575/1274/679
f 1578/1271/678 1586/1246/678 1585/1241/611 1577/1299/611
f 1580/1300/633 1588/1244/633 1589/1245/680 1581/1278/680
f 1507/1294/673 1577/1299/611 1585/1241/611 1590/1240/681
f 1605/1265/681 1600/1301/611 1592/1288/611 1597/1292/685
f 1603/1302/633 1595/1289/633 1596/1291/680 1604/1268/680
f 1601/1269/678 1593/1286/678 1592/1288/611 1600/1301/611
f 1599/1303/638 1591/1283/638 1598/1285/679 1606/1270/679
f 1602/1304/680 1594/1279/680 1591/1282/638 1599/1305/638
f 1571/1272/678 1593/1286/678 1598/1285/679 1569/1273/679
f 1572/1276/680 1594/1306/680 1596/1291/680 1574/1277/680
f 1561/1252/680 1602/1304/680 1599/1305/638 1558/1253/638
f 1558/1256/638 1599/1303/638 1606/1270/679 1567/1217/679
f 1560/1214/678 1601/1269/678 1600/1301/611 1559/1257/611
f 1562/1260/633 1603/1302/633 1604/1268/680 1563/1227/680
f 1508/1262/674 1568/1232/682 1509/1266/675
f 1564/1231/681 1559/1257/611 1600/1301/611 1605/1265/681
f 1593/1286/678 1601/1269/678 1606/1270/679 1598/1285/679
f 1594/1306/680 1602/1267/680 1604/1268/680 1596/1291/680
f 1597/1292/685 1509/1266/675 1605/1265/681
f 1505/1229/672 1583/1293/684 1555/1230/682
f 1507/1294/673 1506/1287/611 1577/1299/611
o S_Hall_1Door
v 3.000000 0.200000 3.000000
v 3.000000 0.200000 -3.000000
v -3.000000 0.200000 3.000000
v -3.000000 0.200000 -3.000000
v 0.000000 0.000000 -3.000000
v 0.000000 0.000000 3.000000
v -2.000000 0.000000 -3.000000
v -2.000000 0.000000 3.000000
v 2.000000 0.000000 3.000000
v 2.000000 0.000000 -3.000000
v 2.200000 0.200000 3.000000
v 2.200000 0.200000 -3.000000
v -2.200000 0.200000 3.000000
v -2.200000 0.200000 -3.000000
v 2.500000 5.000000 -3.000000
v 2.500000 5.000000 3.000000
v 0.000000 6.000000 3.000000
v 0.000000 6.000000 -3.000000
v 1.000000 6.000000 3.000000
v 1.853553 5.646447 3.000000
v 1.853553 5.646447 -3.000000
v 1.000000 6.000000 -3.000000
v 2.500000 0.500000 -3.000000
v 2.500000 0.500000 3.000000
v 2.400000 0.000000 3.000000
v 2.400000 0.000000 -3.000000
v 2.400000 0.300000 -3.000000
v 2.400000 0.300000 3.000000
v -2.500000 5.000000 -3.000000
v -2.500000 5.000000 3.000000
v -1.000000 6.000000 3.000000
v -1.853553 5.646447 3.000000
v -1.853553 5.646447 -3.000000
v -1.000000 6.000000 -3.000000
v -2.500000 0.500000 -3.000000
v -2.500000 0.500000 3.000000
v -2.400000 0.000000 3.000000
v -2.400000 0.000000 -3.000000
v -2.400000 0.300000 -3.000000
v -2.400000 0.300000 3.000000
v 2.500000 4.411132 3.000000
v 2.500000 4.411132 -3.000000
v 2.500000 5.000000 0.000000
v 0.000000 6.000000 0.000000
v 1.000000 6.000000 0.000000
v 1.853553 5.646447 0.000000
v -2.500000 5.000000 0.000000
v -1.000000 6.000000 0.000000
v -1.853553 5.646447 0.000000
v -2.500000 0.500000 0.000000
v -2.400000 0.000000 0.000000
v -2.400000 0.300000 0.000000
v 2.500000 4.411132 0.000000
v 1.853553 5.646447 1.104911
v -1.853553 5.646447 1.104911
v 2.500000 5.000000 1.104911
v 0.000000 6.000000 1.104911
v 1.000000 6.000000 1.104911
v 2.500000 0.500000 1.104911
v 2.400000 0.000000 1.104911
v 2.400000 0.300000 1.104911
v -2.500000 5.000000 1.104911
v -1.000000 6.000000 1.104911
v -2.500000 0.500000 1.104911
v -2.400000 0.000000 1.104911
v -2.400000 0.300000 1.104911
v 2.500000 4.411132 1.104911
v 2.500000 5.000000 -1.104911
v 0.000000 6.000000 -1.104911
v 1.000000 6.000000 -1.104911
v 2.500000 0.500000 -1.104911
v 2.400000 0.000000 -1.104911
v 2.400000 0.300000 -1.104911
v -2.500000 5.000000 -1.104911
v -1.000000 6.000000 -1.104911
v -2.500000 0.500000 -1.104911
v -2.400000 0.000000 -1.104911
v -2.400000 0.300000 -1.104911
v 2.500000 4.411132 -1.104911
v 1.853553 5.646447 -1.104911
v -1.853553 5.646447 -1.104911
v 2.300000 0.000000 2.500000
v 2.200000 4.900000 2.400000
v 2.500000 0.000000 2.500000
v 2.300000 0.000000 3.000000
v 2.200000 4.900000 3.000000
v 2.500000 4.700000 2.500000
v 2.300000 4.700000 2.500000
v 2.300000 4.700000 3.000000
v 2.500000 5.000000 2.400000
v 2.500000 4.900000 2.400000
v -0.000000 5.900001 3.000000
v -0.000000 5.900001 2.400000
v -0.000000 6.000000 2.400000
v 2.200000 5.158579 3.000000
v 2.200000 5.158579 2.400000
v 2.200000 5.300000 2.400000
v 0.940338 5.900000 3.000000
v 1.825030 5.533548 3.000000
v 0.939608 5.900000 2.400000
v 1.825546 5.533032 2.400000
v 1.867572 5.632428 2.400000
v 0.980175 6.000000 2.400000
v -2.300001 0.000000 2.500000
v -2.200001 4.900001 2.400000
v -2.500001 0.000000 2.500000
v -2.300001 0.000000 3.000000
v -2.200001 4.900001 3.000000
v -2.500001 4.700000 2.500000
v -2.300001 4.700000 2.500000
v -2.300001 4.700000 3.000000
v -2.500001 5.000000 2.400000
v -2.500001 4.900001 2.400000
v -2.200000 5.158579 3.000000
v -2.200000 5.158579 2.400000
v -2.200000 5.300001 2.400000
v -0.940338 5.900001 3.000000
v -1.825031 5.533549 3.000000
v -0.939609 5.900001 2.400000
v -1.825547 5.533033 2.400000
v -1.867573 5.632428 2.400000
v -0.980175 6.000001 2.400000
v 2.300000 0.000000 -2.500001
v 2.200000 4.900001 -2.400001
v 2.500000 0.000000 -2.500001
v 2.300000 0.000000 -3.000001
v 2.200000 4.900001 -3.000001
v 2.500000 4.700000 -2.500001
v 2.300000 4.700000 -2.500001
v 2.300000 4.700000 -3.000001
v 2.500000 5.000000 -2.400001
v 2.500000 4.900001 -2.400001
v -0.000001 5.900001 -3.000001
v -0.000001 5.900001 -2.400001
v -0.000001 6.000001 -2.400001
v 2.199999 5.158579 -3.000001
v 2.199999 5.158579 -2.400001
v 2.199999 5.300001 -2.400001
v 0.940337 5.900001 -3.000001
v 1.825030 5.533549 -3.000001
v 0.939608 5.900001 -2.400001
v 1.825546 5.533033 -2.400001
v 1.867572 5.632428 -2.400001
v 0.980174 6.000001 -2.400001
v -2.300002 0.000000 -2.500000
v -2.200002 4.900001 -2.400001
v -2.500002 0.000000 -2.500000
v -2.300002 0.000000 -3.000000
v -2.200002 4.900001 -3.000000
v -2.500002 4.700001 -2.500000
v -2.300002 4.700001 -2.500000
v -2.300002 4.700001 -3.000000
v -2.500002 5.000001 -2.400001
v -2.500002 4.900001 -2.400001
v -2.200001 5.158580 -3.000000
v -2.200001 5.158580 -2.400001
v -2.200001 5.300001 -2.400001
v -0.940339 5.900001 -3.000000
v -1.825032 5.533549 -3.000000
v -0.939610 5.900001 -2.400001
v -1.825548 5.533033 -2.400001
v -1.867574 5.632429 -2.400001
v -0.980176 6.000002 -2.400001
v 2.363570 4.620000 -0.934911
v 2.363570 4.620000 -1.274911
v 2.363570 0.200000 -0.934911
v 2.363570 0.200000 -1.274911
v 3.000000 0.200000 -0.854911
v 2.363570 4.316920 -0.934911
v 2.363570 4.316920 -1.274911
v 3.000000 4.236920 -0.854911
v 2.363570 4.316920 0.000000
v 2.363570 4.620001 0.000000
v 3.000000 4.236920 0.000000
v 2.500000 0.200000 -0.854911
v 2.500000 4.236920 -0.854911
v 2.500000 4.236920 0.000000
v 2.500000 4.700000 -1.354911
v 2.500000 4.700000 -0.934911
v 2.500000 0.200000 -1.354911
v 2.500000 4.316920 -1.354911
v 2.500000 4.700001 0.000000
v 2.363570 4.620001 0.934911
v 2.363570 4.620001 1.274911
v 2.363570 0.200000 0.934911
v 2.363570 0.200000 1.274911
v 3.000000 0.200000 0.854911
v 2.363570 4.316920 0.934911
v 2.363570 4.316920 1.274911
v 3.000000 4.236920 0.854911
v 2.500000 0.200000 0.854911
v 2.500000 4.236920 0.854911
v 2.500000 4.700001 1.354911
v 2.500000 4.700001 0.934911
v 2.500000 0.200000 1.354911
v 2.500000 4.316920 1.354911
vn -0.0000 1.0000 -0.0000
vn 0.3827 0.9239 -0.0000
vn -0.3827 0.9239 -0.0000
vn -0.9239 -0.3827 -0.0000
vn -0.0000 -1.0000 -0.0000
vn -0.1951 -0.9808 -0.0000
vn -0.5556 -0.8315 -0.0000
vn -0.9732 0.2298 -0.0000
vn -1.0000 -0.0000 -0.0000
vn 0.9239 -0.3827 -0.0000
vn 0.1951 -0.9808 -0.0000
vn 0.5556 -0.8315 -0.0000
vn 0.9732 0.2298 -0.0000
vn 1.0000 -0.0000 -0.0000
vn -0.7071 -0.0000 -0.7071
vn -0.6809 -0.2695 -0.6809
vn -0.0000 -0.0000 -1.0000
vn -0.9732 -0.2298 -0.0000
vn -0.0000 -0.2298 -0.9732
vn -0.6619 -0.3517 -0.6619
vn -0.0000 -0.2297 -0.9733
vn -0.0000 -0.7071 -0.7071
vn -0.5491 -0.2275 -0.8042
vn -0.1952 -0.9808 0.0002
vn -0.5554 -0.8316 0.0002
vn -0.1281 -0.6446 -0.7537
vn -0.3652 -0.5464 -0.7537
vn 0.7071 -0.0000 -0.7071
vn 0.6809 -0.2695 -0.6809
vn 0.9732 -0.2298 -0.0000
vn 0.6619 -0.3517 -0.6619
vn 0.5491 -0.2275 -0.8042
vn 0.1952 -0.9808 0.0002
vn 0.5554 -0.8316 0.0002
vn 0.1281 -0.6446 -0.7537
vn 0.3652 -0.5464 -0.7537
vn -0.7071 -0.0000 0.7071
vn -0.6809 -0.2695 0.6809
vn -0.0000 -0.0000 1.0000
vn -0.0000 -0.2298 0.9732
vn -0.6619 -0.3517 0.6619
vn -0.0000 -0.2297 0.9733
vn -0.0000 -0.7071 0.7071
vn -0.5491 -0.2275 0.8042
vn -0.1952 -0.9808 -0.0002
vn -0.5554 -0.8316 -0.0002
vn -0.1281 -0.6446 0.7537
vn -0.3652 -0.5464 0.7537
vn 0.7071 -0.0000 0.7071
vn 0.6809 -0.2695 0.6809
vn 0.6619 -0.3517 0.6619
vn 0.5491 -0.2275 0.8042
vn 0.1952 -0.9808 -0.0002
vn 0.5554 -0.8316 -0.0002
vn 0.1281 -0.6446 0.7537
vn 0.3652 -0.5464 0.7537
vn -0.8677 0.4971 -0.0000
vn -0.8252 0.3994 -0.3994
vn -0.8677 -0.0000 0.4971
vn -0.8677 -0.0000 -0.4971
vn -0.9744 -0.1590 0.1590
vn -0.8677 -0.4971 -0.0000
vn -0.2621 -0.0000 0.9650
vn -0.4013 -0.6477 0.6477
vn -0.2621 -0.9650 -0.0000
vn -0.6383 0.5443 -0.5443
vn -0.5058 0.8626 -0.0000
vn -0.5058 -0.0000 -0.8626
vn -0.8252 0.3994 0.3994
vn -0.9744 -0.1590 -0.1590
vn -0.2621 -0.0000 -0.9650
vn -0.4013 -0.6477 -0.6477
vn -0.6383 0.5443 0.5443
vn -0.5058 -0.0000 0.8626
vt 0.125000 0.999900
vt 0.041733 0.999900
vt 0.041733 0.750100
vt 0.125000 0.750100
vt 0.208266 0.750100
vt 0.208267 0.999900
vt 0.033407 0.624900
vt 0.000100 0.624900
vt 0.000100 0.500100
vt 0.033407 0.500100
vt 0.041733 0.624900
vt 0.041733 0.500100
vt 0.216593 0.500100
vt 0.216593 0.624900
vt 0.208267 0.624900
vt 0.208266 0.500100
vt 0.249900 0.500100
vt 0.249900 0.624900
vt 0.421001 0.951468
vt 0.499900 0.951468
vt 0.499900 0.968650
vt 0.421001 0.968650
vt 0.500000 0.578962
vt 0.500000 0.500000
vt 0.467678 0.500000
vt 0.467678 0.578962
vt 0.425000 0.671038
vt 0.425000 0.750000
vt 0.467678 0.750000
vt 0.467678 0.671038
vt 0.425000 0.578962
vt 0.425000 0.500000
vt 0.375000 0.500000
vt 0.375000 0.578962
vt 0.421001 0.770141
vt 0.499900 0.770141
vt 0.499900 0.791518
vt 0.421001 0.791518
vt 0.328999 0.800085
vt 0.250100 0.800085
vt 0.250100 0.791518
vt 0.328999 0.791518
vt 0.421001 0.837352
vt 0.421001 0.968650
vt 0.499900 0.837352
vt 0.250000 0.578962
vt 0.282322 0.578962
vt 0.282322 0.500000
vt 0.250000 0.500000
vt 0.325000 0.671038
vt 0.282322 0.671038
vt 0.282322 0.750000
vt 0.325000 0.750000
vt 0.325000 0.578962
vt 0.325000 0.500000
vt 0.328999 0.800085
vt 0.421001 0.837352
vt 0.421001 0.800085
vt 0.375000 0.791518
vt 0.375000 0.800085
vt 0.328999 0.770141
vt 0.375000 0.770141
vt 0.375000 0.671038
vt 0.375000 0.625000
vt 0.325000 0.625000
vt 0.282322 0.625000
vt 0.250000 0.671038
vt 0.250000 0.625000
vt 0.328999 0.837352
vt 0.328999 0.968650
vt 0.375000 0.968650
vt 0.375000 0.837352
vt 0.425000 0.625000
vt 0.467678 0.625000
vt 0.500000 0.671038
vt 0.500000 0.625000
vt 0.328999 0.951468
vt 0.375000 0.951468
vt 0.328999 0.968650
vt 0.499900 0.800085
vt 0.421001 0.800085
vt 0.250100 0.951468
vt 0.250100 0.968650
vt 0.500000 0.750000
vt 0.375000 0.750000
vt 0.250100 0.770141
vt 0.250100 0.837352
vt 0.250000 0.750000
vt 0.328999 0.837352
vt 0.084272 0.673426
vt 0.084272 0.685581
vt 0.120737 0.685581
vt 0.114659 0.673426
vt 0.090400 0.673325
vt 0.102656 0.685581
vt 0.102656 0.673325
vt 0.043628 0.500039
vt 0.043628 0.749961
vt 0.022500 0.749961
vt 0.022500 0.500039
vt 0.070838 0.500039
vt 0.070838 0.749961
vt 0.011837 0.741571
vt 0.028200 0.741571
vt 0.028200 0.745543
vt 0.011837 0.745543
vt 0.084272 0.701427
vt 0.084272 0.701296
vt 0.120737 0.701296
vt 0.086805 0.741571
vt 0.124840 0.741571
vt 0.124840 0.745543
vt 0.086805 0.745543
vt 0.048546 0.721513
vt 0.048546 0.741571
vt 0.028200 0.721513
vt 0.048546 0.745543
vt 0.086805 0.721513
vt 0.124840 0.721513
vt 0.237844 0.741571
vt 0.237844 0.745543
vt 0.221480 0.745543
vt 0.221480 0.741571
vt 0.162875 0.741571
vt 0.162875 0.745543
vt 0.201134 0.721513
vt 0.221480 0.721513
vt 0.201134 0.741571
vt 0.201134 0.745543
vt 0.162875 0.721513
vt 0.213047 0.712577
vt 0.213047 0.743041
vt 0.241110 0.743041
vt 0.241110 0.712577
vt 0.208254 0.525464
vt 0.208254 0.707784
vt 0.213047 0.525464
vt 0.213047 0.747835
vt 0.169817 0.743041
vt 0.169817 0.747835
vt 0.245903 0.747835
vt 0.241110 0.525464
vt 0.086574 0.654092
vt 0.100887 0.654092
vt 0.100887 0.686517
vt 0.086574 0.686517
vt 0.169817 0.712577
vt 0.169817 0.707784
vt 0.100887 0.500983
vt 0.086574 0.500983
vt 0.245903 0.712577
vt 0.245903 0.525464
s 1
usemtl M_DungeonEnviro
f 1612/1307/686 1615/1308/688 1616/1309/688 1611/1310/686
f 1613/1311/687 1614/1312/687 1612/1307/686 1611/1310/686
f 1617/1313/688 1607/1314/686 1608/1315/686 1618/1316/688
f 1615/1317/688 1617/1313/688 1618/1316/688 1616/1318/688
f 1620/1319/687 1619/1320/687 1614/1321/687 1613/1322/687
f 1610/1323/686 1609/1324/686 1619/1320/687 1620/1319/687
f 1673/1325/694 1647/1326/694 1622/1327/689 1662/1328/689
f 1662/1329/689 1622/1330/689 1626/1331/692 1660/1332/692
f 1676/1333/691 1628/1334/691 1627/1335/692 1686/1336/692
f 1664/1337/691 1625/1338/691 1623/1339/690 1663/1340/690
f 1666/1341/694 1631/1342/694 1634/1343/693 1667/1344/693
f 1677/1345/693 1629/1346/693 1633/1347/693 1679/1348/693
f 1670/1349/698 1668/1350/695 1636/1327/695 1642/1351/698
f 1668/1352/695 1661/1353/697 1638/1354/697 1636/1355/695
f 1681/1356/696 1687/1357/697 1639/1358/697 1640/1359/696
f 1669/1360/696 1663/1340/690 1623/1339/690 1637/1361/696
f 1671/1341/699 1672/1344/698 1646/1343/698 1643/1342/699
f 1682/1362/698 1684/1348/698 1645/1347/698 1641/1346/698
f 1665/1363/693 1630/1351/693 1647/1326/694 1673/1325/694
f 1670/1364/698 1672/1344/698 1658/1365/698 1656/1366/698
f 1683/1367/699 1684/1348/698 1658/1365/698 1657/1368/699
f 1681/1356/696 1675/1369/690 1650/1370/690 1654/1371/696
f 1669/1360/696 1661/1353/697 1655/1372/697 1654/1371/696
f 1680/1373/695 1687/1357/697 1655/1372/697 1653/1374/695
f 1682/1375/698 1680/1376/695 1653/1377/695 1656/1378/698
f 1676/1333/691 1651/1379/691 1650/1370/690 1675/1369/690
f 1664/1337/691 1651/1379/691 1652/1380/692 1660/1332/692
f 1674/1381/689 1649/1382/689 1652/1380/692 1686/1336/692
f 1685/1383/694 1659/1384/694 1649/1377/689 1674/1385/689
f 1625/1338/691 1664/1337/691 1660/1332/692 1626/1331/692
f 1630/1386/693 1665/1387/693 1667/1344/693 1634/1343/693
f 1637/1361/696 1638/1354/697 1661/1353/697 1669/1360/696
f 1642/1386/698 1646/1343/698 1672/1344/698 1670/1364/698
f 1657/1368/699 1658/1365/698 1672/1344/698 1671/1341/699
f 1654/1371/696 1650/1370/690 1663/1340/690 1669/1360/696
f 1653/1374/695 1655/1372/697 1661/1353/697 1668/1352/695
f 1656/1378/698 1653/1377/695 1668/1350/695 1670/1349/698
f 1651/1379/691 1664/1337/691 1663/1340/690 1650/1370/690
f 1649/1382/689 1662/1329/689 1660/1332/692 1652/1380/692
f 1659/1384/694 1673/1325/694 1662/1328/689 1649/1377/689
f 1648/1388/694 1685/1383/694 1674/1385/689 1621/1389/689
f 1621/1390/689 1674/1381/689 1686/1336/692 1627/1335/692
f 1628/1334/691 1676/1333/691 1675/1369/690 1624/1391/690
f 1632/1392/694 1678/1367/694 1679/1348/693 1633/1347/693
f 1641/1393/698 1635/1389/695 1680/1376/695 1682/1375/698
f 1635/1394/695 1639/1358/697 1687/1357/697 1680/1373/695
f 1640/1359/696 1624/1391/690 1675/1369/690 1681/1356/696
f 1644/1392/699 1645/1347/698 1684/1348/698 1683/1367/699
f 1629/1393/693 1677/1395/693 1685/1383/694 1648/1388/694
f 1656/1366/698 1658/1365/698 1684/1348/698 1682/1362/698
f 1654/1371/696 1655/1372/697 1687/1357/697 1681/1356/696
f 1651/1379/691 1676/1333/691 1686/1336/692 1652/1380/692
f 1695/1396/703 1692/1397/703 1689/1398/701 1694/1399/705
f 1694/1400/705 1689/1397/701 1697/1401/706 1693/1402/704
f 1688/1403/700 1694/1404/705 1693/1405/704 1690/1406/702
f 1691/1407/694 1695/1408/703 1694/1404/705 1688/1403/700
f 1697/1409/706 1702/1410/708 1703/1411/702 1696/1412/702
f 1697/1401/706 1689/1397/701 1702/1413/708
f 1689/1398/701 1692/1397/703 1701/1414/689 1702/1415/708
f 1706/1416/711 1699/1417/707 1700/1418/702 1709/1419/702
f 1705/1420/710 1707/1421/712 1702/1410/708 1701/1422/689
f 1702/1410/708 1707/1421/712 1708/1423/702 1703/1411/702
f 1704/1424/709 1706/1416/711 1707/1421/712 1705/1420/710
f 1706/1416/711 1709/1419/702 1708/1423/702 1707/1421/712
f 1706/1416/711 1704/1424/709 1698/1425/690 1699/1417/707
f 1717/1396/715 1716/1399/716 1711/1398/714 1714/1397/715
f 1716/1400/716 1715/1402/704 1719/1401/706 1711/1397/714
f 1710/1403/713 1712/1406/702 1715/1405/704 1716/1404/716
f 1713/1407/699 1710/1403/713 1716/1404/716 1717/1408/715
f 1719/1426/706 1718/1427/702 1722/1428/702 1721/1429/717
f 1719/1401/706 1721/1413/717 1711/1397/714
f 1711/1398/714 1721/1415/717 1720/1414/695 1714/1397/715
f 1725/1430/720 1728/1431/702 1700/1418/702 1699/1417/707
f 1724/1432/719 1720/1433/695 1721/1429/717 1726/1434/721
f 1721/1429/717 1722/1428/702 1727/1435/702 1726/1434/721
f 1723/1436/718 1724/1432/719 1726/1434/721 1725/1430/720
f 1725/1430/720 1726/1434/721 1727/1435/702 1728/1431/702
f 1725/1430/720 1699/1417/707 1698/1425/690 1723/1436/718
f 1736/1396/703 1735/1399/726 1730/1398/723 1733/1397/703
f 1735/1400/726 1734/1402/725 1738/1401/727 1730/1397/723
f 1729/1403/722 1731/1406/724 1734/1405/725 1735/1404/726
f 1732/1407/694 1729/1403/722 1735/1404/726 1736/1408/703
f 1738/1409/727 1737/1412/724 1744/1411/724 1743/1410/729
f 1738/1401/727 1743/1413/729 1730/1397/723
f 1730/1398/723 1743/1415/729 1742/1414/689 1733/1397/703
f 1747/1416/732 1750/1419/724 1741/1418/724 1740/1417/728
f 1746/1420/731 1742/1422/689 1743/1410/729 1748/1421/733
f 1743/1410/729 1744/1411/724 1749/1423/724 1748/1421/733
f 1745/1424/730 1746/1420/731 1748/1421/733 1747/1416/732
f 1747/1416/732 1748/1421/733 1749/1423/724 1750/1419/724
f 1747/1416/732 1740/1417/728 1739/1425/690 1745/1424/730
f 1758/1396/715 1755/1397/715 1752/1398/735 1757/1399/736
f 1757/1400/736 1752/1397/735 1760/1401/727 1756/1402/725
f 1751/1403/734 1757/1404/736 1756/1405/725 1753/1406/724
f 1754/1407/699 1758/1408/715 1757/1404/736 1751/1403/734
f 1760/1426/727 1762/1429/737 1763/1428/724 1759/1427/724
f 1760/1401/727 1752/1397/735 1762/1413/737
f 1752/1398/735 1755/1397/715 1761/1414/695 1762/1415/737
f 1766/1430/740 1740/1417/728 1741/1418/724 1769/1431/724
f 1765/1432/739 1767/1434/741 1762/1429/737 1761/1433/695
f 1762/1429/737 1767/1434/741 1768/1435/724 1763/1428/724
f 1764/1436/738 1766/1430/740 1767/1434/741 1765/1432/739
f 1766/1430/740 1769/1431/724 1768/1435/724 1767/1434/741
f 1766/1430/740 1764/1436/738 1739/1425/690 1740/1417/728
f 1775/1437/746 1770/1438/742 1771/1439/743 1776/1440/745
f 1781/1441/748 1782/1442/749 1775/1437/746 1772/1443/744
f 1785/1444/752 1770/1438/742 1779/1445/742 1788/1446/752
f 1784/1447/751 1771/1439/743 1770/1438/742 1785/1444/752
f 1772/1443/744 1775/1437/746 1776/1440/745 1773/1448/745
f 1782/1449/749 1777/1450/728 1780/1451/690 1783/1452/750
f 1770/1438/742 1775/1437/746 1778/1453/747 1779/1445/742
f 1775/1437/746 1782/1442/749 1783/1454/750 1778/1453/747
f 1774/1455/724 1777/1450/728 1782/1449/749 1781/1456/748
f 1773/1448/745 1776/1440/745 1787/1457/753 1786/1458/753
f 1776/1440/745 1771/1439/743 1784/1447/751 1787/1457/753
f 1794/1437/755 1795/1440/744 1790/1439/754 1789/1438/742
f 1797/1441/756 1791/1443/745 1794/1437/755 1798/1442/757
f 1800/1444/752 1788/1446/752 1779/1445/742 1789/1438/742
f 1799/1447/758 1800/1444/752 1789/1438/742 1790/1439/754
f 1791/1443/745 1792/1448/744 1795/1440/744 1794/1437/755
f 1798/1449/757 1783/1452/750 1780/1451/690 1796/1450/707
f 1789/1438/742 1779/1445/742 1778/1453/747 1794/1437/755
f 1794/1437/755 1778/1453/747 1783/1454/750 1798/1442/757
f 1793/1455/702 1797/1456/756 1798/1449/757 1796/1450/707
f 1792/1448/744 1801/1458/759 1802/1457/759 1795/1440/744
f 1795/1440/744 1802/1457/759 1799/1447/758 1790/1439/754
o S_Room_4Door
v -2.999999 0.200000 3.000001
v -2.999999 0.200000 2.000002
v 3.000001 0.200000 2.000000
v 2.000001 0.000000 2.000000
v -2.199999 0.200000 2.000002
v 2.200001 0.200000 2.000000
v -3.000001 0.200000 -2.000000
v 2.999999 0.200000 -2.000002
v 1.999999 0.000000 -2.000002
v -2.200001 0.200000 -2.000000
v 2.199999 0.200000 -2.000002
v -2.200001 0.200000 -2.199999
v 3.000000 0.200000 -3.000000
v -3.000000 0.200000 -3.000000
v 3.000000 0.200000 3.000000
v 2.200001 0.200000 2.200000
v -2.000000 0.200000 -3.000000
v -2.000000 0.200000 3.000000
v -2.000000 0.000000 -2.000000
v -1.999999 0.000000 2.000000
v -2.000000 0.200000 -2.200000
v -2.000000 0.200000 2.200000
v 2.000000 0.200000 -3.000000
v 2.000001 0.200000 3.000000
v 2.000000 0.200000 -2.200000
v 2.000001 0.200000 2.200000
v -2.199999 0.200000 2.200000
v 2.200001 0.200000 -2.200000
v 2.363570 4.620000 -0.934911
v 2.363570 4.620000 -1.274911
v 2.363570 0.200000 -0.934911
v 2.363570 0.200000 -1.274911
v 3.000000 0.200000 -0.854911
v 2.363570 4.316920 -0.934911
v 2.363570 4.316920 -1.274911
v 3.000000 4.236920 -0.854911
v 2.363570 4.316920 0.000000
v 2.363570 4.620001 0.000000
v 3.000000 4.236920 0.000000
v 2.500000 0.200000 -0.854911
v 2.500000 4.236920 -0.854911
v 2.500000 4.236920 0.000000
v 2.500000 4.700000 -1.354911
v 2.500000 4.700000 -0.934911
v 2.500000 0.200000 -1.354911
v 2.500000 4.316920 -1.354911
v 2.500000 4.700001 0.000000
v 2.363570 4.620001 0.934911
v 2.363570 4.620001 1.274911
v 2.363570 0.200000 0.934911
v 2.363570 0.200000 1.274911
v 3.000000 0.200000 0.854911
v 2.363570 4.316920 0.934911
v 2.363570 4.316920 1.274911
v 3.000000 4.236920 0.854911
v 2.500000 0.200000 0.854911
v 2.500000 4.236920 0.854911
v 2.500000 4.700001 1.354911
v 2.500000 4.700001 0.934911
v 2.500000 0.200000 1.354911
v 2.500000 4.316920 1.354911
v -2.363571 4.620001 -0.934911
v -2.363571 4.620001 -1.274911
v -2.363571 0.200000 -0.934911
v -2.363571 0.200000 -1.274911
v -3.000000 0.200000 -0.854911
v -2.363571 4.316920 -0.934911
v -2.363571 4.316920 -1.274911
v -3.000000 4.236920 -0.854911
v -2.363571 4.316921 0.000000
v -2.363571 4.620001 0.000000
v -3.000000 4.236921 0.000000
v -2.500000 0.200000 -0.854911
v -2.500000 4.236920 -0.854911
v -2.500000 4.236921 0.000000
v -2.500000 4.700001 -1.354911
v -2.500000 4.700001 -0.934911
v -2.500000 0.200000 -1.354911
v -2.500000 4.316920 -1.354911
v -2.500000 4.700001 0.000000
v -2.363571 4.620001 0.934911
v -2.363571 4.620001 1.274911
v -2.363571 0.200000 0.934911
v -2.363571 0.200000 1.274911
v -3.000000 0.200000 0.854911
v -2.363571 4.316921 0.934911
v -2.363571 4.316921 1.274911
v -3.000000 4.236921 0.854911
v -2.500000 0.200000 0.854911
v -2.500000 4.236921 0.854911
v -2.500000 4.700001 1.354911
v -2.500000 4.700001 0.934911
v -2.500000 0.200000 1.354911
v -2.500000 4.316921 1.354911
v -0.934911 4.620000 -2.363570
v -1.274911 4.620000 -2.363570
v -0.934911 0.200000 -2.363570
v -1.274911 0.200000 -2.363570
v -0.854911 0.200000 -3.000000
v -0.934911 4.316920 -2.363570
v -1.274911 4.316920 -2.363570
v -0.854911 4.236920 -3.000000
v 0.000000 4.316920 -2.363570
v 0.000000 4.620001 -2.363570
v 0.000000 4.236920 -3.000000
v -0.854911 0.200000 -2.500000
v -0.854911 4.236920 -2.500000
v 0.000000 4.236920 -2.500000
v -1.354911 4.700000 -2.500000
v -0.934911 4.700000 -2.500000
v -1.354911 0.200000 -2.500000
v -1.354911 4.316920 -2.500000
v 0.000000 4.700001 -2.500000
v 0.934911 4.620001 -2.363570
v 1.274911 4.620001 -2.363570
v 0.934911 0.200000 -2.363570
v 1.274911 0.200000 -2.363570
v 0.854911 0.200000 -3.000000
v 0.934911 4.316920 -2.363570
v 1.274911 4.316920 -2.363570
v 0.854911 4.236920 -3.000000
v 0.854911 0.200000 -2.500000
v 0.854911 4.236920 -2.500000
v 1.354911 4.700001 -2.500000
v 0.934911 4.700001 -2.500000
v 1.354911 0.200000 -2.500000
v 1.354911 4.316920 -2.500000
v -0.934911 4.620001 2.363570
v -1.274911 4.620001 2.363570
v -0.934911 0.200000 2.363570
v -1.274911 0.200000 2.363570
v -0.854911 0.200000 3.000000
v -0.934911 4.316920 2.363570
v -1.274911 4.316920 2.363570
v -0.854911 4.236920 3.000000
v 0.000000 4.316921 2.363570
v 0.000000 4.620001 2.363570
v 0.000000 4.236921 3.000000
v -0.854911 0.200000 2.500000
v -0.854911 4.236920 2.500000
v 0.000000 4.236921 2.500000
v -1.354911 4.700001 2.500000
v -0.934911 4.700001 2.500000
v -1.354911 0.200000 2.500000
v -1.354911 4.316920 2.500000
v 0.000000 4.700001 2.500000
v 0.934911 4.620001 2.363570
v 1.274911 4.620001 2.363570
v 0.934911 0.200000 2.363570
v 1.274911 0.200000 2.363570
v 0.854911 0.200000 3.000000
v 0.934911 4.316921 2.363570
v 1.274911 4.316921 2.363570
v 0.854911 4.236921 3.000000
v 0.854911 0.200000 2.500000
v 0.854911 4.236921 2.500000
v 1.354911 4.700001 2.500000
v 0.934911 4.700001 2.500000
v 1.354911 0.200000 2.500000
v 1.354911 4.316921 2.500000
v -2.387677 0.000000 -2.147386
v -2.350408 4.900000 -1.987479
v -2.584854 0.000000 -2.344563
v -2.267533 0.000000 -2.267531
v -2.168944 4.900000 -2.168943
v -2.584854 4.700000 -2.344563
v -2.387677 4.700000 -2.147386
v -2.267533 4.700000 -2.267531
v -2.646173 5.000000 -2.283244
v -2.646173 4.900000 -2.283244
v -2.168944 5.075219 -2.168942
v -2.350407 5.075219 -1.987479
v -2.350407 5.300000 -1.987479
v -0.927064 5.900000 -0.927063
v -1.799268 5.450188 -1.799267
v -1.107808 5.900000 -0.744880
v -1.981240 5.449672 -1.618312
v -2.022673 5.632428 -1.659744
v -1.147802 6.000000 -0.784873
v 2.147388 0.000000 2.387679
v 1.987480 4.900001 2.350409
v 2.344564 0.000000 2.584855
v 2.344564 4.700000 2.584855
v 2.147388 4.700000 2.387679
v 2.283245 5.000000 2.646174
v 2.283245 4.900001 2.646174
v 1.987479 5.075219 2.350408
v 1.987479 5.300001 2.350408
v 0.744880 5.900001 1.107809
v 1.618312 5.449673 1.981241
v 1.659745 5.632428 2.022673
v 0.784874 6.000001 1.147803
v -2.147388 0.000000 -2.387676
v -1.987481 4.900001 -2.350407
v -2.344565 0.000000 -2.584853
v -2.344565 4.700000 -2.584853
v -2.147388 4.700000 -2.387676
v -2.283246 5.000000 -2.646172
v -2.283246 4.900001 -2.646172
v -1.987480 5.075219 -2.350406
v -1.987480 5.300001 -2.350406
v -0.744881 5.900001 -1.107807
v -1.618313 5.449673 -1.981239
v -1.659745 5.632428 -2.022671
v -0.784875 6.000001 -1.147801
v 2.387677 0.000000 2.147389
v 2.350407 4.900001 1.987481
v 2.584854 0.000000 2.344566
v 2.267533 0.000000 2.267534
v 2.168943 4.900001 2.168945
v 2.584854 4.700001 2.344566
v 2.387677 4.700001 2.147389
v 2.267533 4.700001 2.267534
v 2.646173 5.000001 2.283247
v 2.646173 4.900001 2.283247
v 2.168943 5.075220 2.168945
v 2.350407 5.075220 1.987481
v 2.350407 5.300001 1.987481
v 0.927063 5.900001 0.927065
v 1.799268 5.450189 1.799269
v 1.107808 5.900001 0.744882
v 1.981240 5.449673 1.618314
v 2.022672 5.632429 1.659746
v 1.147802 6.000002 0.784876
v -0.000001 5.900001 0.362927
v -0.362929 6.000000 0.000000
v -0.000001 6.000000 0.362927
v -0.000002 5.900001 0.000000
v 0.362926 5.900001 0.000000
v 0.362926 6.000001 0.000000
v 2.147386 0.000000 -2.387677
v 1.987479 4.900000 -2.350408
v 2.344563 0.000000 -2.584854
v 2.267531 0.000000 -2.267533
v 2.168943 4.900000 -2.168944
v 2.344563 4.700000 -2.584854
v 2.147386 4.700000 -2.387677
v 2.267531 4.700000 -2.267533
v 2.283244 5.000000 -2.646173
v 2.283244 4.900000 -2.646173
v 2.168942 5.075219 -2.168944
v 1.987479 5.075219 -2.350407
v 1.987479 5.300000 -2.350407
v 0.927063 5.900000 -0.927064
v 1.799267 5.450188 -1.799268
v 0.744880 5.900000 -1.107808
v 1.618312 5.449672 -1.981240
v 1.659744 5.632428 -2.022672
v 0.784873 6.000000 -1.147802
v -2.387679 0.000000 2.147388
v -2.350409 4.900001 1.987480
v -2.584855 0.000000 2.344564
v -2.584855 4.700000 2.344564
v -2.387679 4.700000 2.147388
v -2.646174 5.000000 2.283245
v -2.646174 4.900001 2.283245
v -2.350408 5.075219 1.987479
v -2.350408 5.300001 1.987479
v -1.107809 5.900001 0.744880
v -1.981241 5.449673 1.618312
v -2.022673 5.632428 1.659745
v -1.147803 6.000001 0.784874
v 2.387676 0.000000 -2.147388
v 2.350407 4.900001 -1.987481
v 2.584853 0.000000 -2.344565
v 2.584853 4.700000 -2.344565
v 2.387676 4.700000 -2.147388
v 2.646172 5.000000 -2.283246
v 2.646172 4.900001 -2.283246
v 2.350406 5.075219 -1.987480
v 2.350406 5.300001 -1.987480
v 1.107807 5.900001 -0.744881
v 1.981239 5.449673 -1.618313
v 2.022671 5.632428 -1.659745
v 1.147801 6.000001 -0.784875
v -2.147389 0.000000 2.387677
v -1.987481 4.900001 2.350407
v -2.344566 0.000000 2.584854
v -2.267534 0.000000 2.267533
v -2.168945 4.900001 2.168943
v -2.344566 4.700001 2.584854
v -2.147389 4.700001 2.387677
v -2.267534 4.700001 2.267533
v -2.283247 5.000001 2.646173
v -2.283247 4.900001 2.646173
v -2.168945 5.075220 2.168943
v -1.987481 5.075220 2.350407
v -1.987481 5.300001 2.350407
v -0.927065 5.900001 0.927063
v -1.799269 5.450189 1.799268
v -0.744882 5.900001 1.107808
v -1.618314 5.449673 1.981240
v -1.659746 5.632429 2.022672
v -0.784876 6.000002 1.147802
v -0.000001 5.900001 -0.362927
v -0.362929 5.900001 0.000000
v -0.000001 6.000000 -0.362927
v 2.400000 0.300000 -2.400000
v 2.400000 0.000000 2.400000
v -2.500000 0.500000 -2.500000
v -2.500000 5.000000 2.500000
v 1.000000 6.000000 -1.000000
v 1.853553 5.646447 -1.853553
v 1.000000 6.000000 1.000000
v 2.500000 5.000000 0.000000
v 1.000000 6.000000 0.000000
v 1.853553 5.646447 0.000000
v -2.500000 5.000000 0.000000
v -1.000000 6.000000 0.000000
v -1.853553 5.646447 0.000000
v 2.500000 4.411132 0.000000
v 1.853553 5.646447 1.104911
v -1.853553 5.646447 1.104911
v 2.500000 5.000000 1.104911
v 2.500000 0.500000 1.104911
v 2.400000 0.000000 1.104911
v 2.400000 0.300000 1.104911
v -2.500000 5.000000 1.104911
v -2.500000 0.500000 1.104911
v -2.400000 0.000000 1.104911
v -2.400000 0.300000 1.104911
v 2.500000 4.411132 1.104911
v 2.500000 5.000000 -1.104911
v 2.500000 0.500000 -1.104911
v 2.400000 0.000000 -1.104911
v 2.400000 0.300000 -1.104911
v -2.500000 5.000000 -1.104911
v -1.000000 6.000000 -1.000000
v -2.500000 0.500000 -1.104911
v -2.400000 0.000000 -1.104911
v -2.400000 0.300000 -1.104911
v 2.500000 4.411132 -1.104911
v 1.853553 5.646447 -1.104911
v -1.853553 5.646447 -1.104911
v 2.500000 5.000000 2.500000
v 2.400000 0.300000 2.400000
v -2.500000 0.500000 2.500000
v 2.500000 4.411132 2.500000
v 2.400000 0.000000 -2.400000
v -2.500000 5.000000 -2.500000
v -2.500000 4.411132 0.000000
v -2.500000 4.411132 1.104911
v -2.500000 4.411132 -1.104911
v -2.400001 0.300000 -2.399999
v 2.499999 0.500000 -2.500001
v 0.000000 6.000000 0.000000
v 1.853554 5.646447 1.853553
v -1.853554 5.646447 -1.853552
v -1.853553 5.646447 1.853553
v -2.500001 4.411132 -2.499999
v -2.499999 4.411132 2.500001
v -0.000001 5.000000 -2.500000
v -0.000000 6.000000 -1.000000
v -0.000001 5.646447 -1.853553
v 0.000001 5.000000 2.500000
v 0.000000 6.000000 1.000000
v 0.000001 5.646447 1.853553
v -0.000001 4.411132 -2.500000
v 1.104910 5.646447 -1.853554
v 1.104911 5.646447 1.853553
v 1.104910 5.000000 -2.500000
v 1.104910 0.500000 -2.500000
v 1.104910 0.000000 -2.400000
v 1.104910 0.300000 -2.400000
v 1.104911 5.000000 2.500000
v 1.104911 0.500000 2.500000
v 1.104911 0.000000 2.400000
v 1.104911 0.300000 2.400000
v 1.104910 4.411132 -2.500000
v -1.104911 5.000000 -2.500000
v -1.104911 0.500000 -2.500000
v -1.104911 0.000000 -2.400000
v -1.104911 0.300000 -2.400000
v -1.104910 5.000000 2.500000
v -1.000000 6.000000 1.000000
v -1.104910 0.500000 2.500000
v -1.104910 0.000000 2.400000
v -1.104910 0.300000 2.400000
v -1.104911 4.411132 -2.500000
v -1.104911 5.646447 -1.853553
v -1.104910 5.646447 1.853554
v 2.499999 5.000000 -2.500001
v 2.500000 0.500000 2.499999
v 2.499999 4.411132 -2.500001
v -2.400001 0.000000 -2.399999
v -2.399999 0.000000 2.400001
v -2.399999 0.300000 2.400001
v 0.000001 4.411132 2.500000
v 1.104911 4.411132 2.500000
v -1.104910 4.411132 2.500000
vn -0.0000 1.0000 -0.0000
vn -0.3002 0.9054 -0.3002
vn 0.3827 0.9239 -0.0000
vn -0.3827 0.9239 -0.0000
vn -0.3002 0.9054 0.3002
vn 0.1101 0.9878 0.1101
vn -0.1101 0.9878 -0.1101
vn 0.3002 0.9054 0.3002
vn 0.3002 0.9054 -0.3002
vn -0.0000 0.9239 0.3827
vn -0.0000 0.9239 -0.3827
vn 0.1101 0.9878 -0.1101
vn -0.1101 0.9878 0.1101
vn -0.8677 0.4971 -0.0000
vn -0.8252 0.3994 -0.3994
vn -0.8677 -0.0000 0.4971
vn -0.8677 -0.0000 -0.4971
vn -0.0000 -0.0000 1.0000
vn -0.9744 -0.1590 0.1590
vn -0.0000 -0.7071 0.7071
vn -0.8677 -0.4971 -0.0000
vn -0.0000 -1.0000 -0.0000
vn -0.2621 -0.0000 0.9650
vn -0.4013 -0.6477 0.6477
vn -0.2621 -0.9650 -0.0000
vn -0.6383 0.5443 -0.5443
vn -0.5058 0.8626 -0.0000
vn -0.5058 -0.0000 -0.8626
vn -0.8252 0.3994 0.3994
vn -0.0000 -0.0000 -1.0000
vn -0.9744 -0.1590 -0.1590
vn -0.0000 -0.7071 -0.7071
vn -0.2621 -0.0000 -0.9650
vn -0.4013 -0.6477 -0.6477
vn -0.6383 0.5443 0.5443
vn -0.5058 -0.0000 0.8626
vn 0.8677 0.4971 -0.0000
vn 0.8252 0.3994 -0.3994
vn 0.8677 -0.0000 0.4971
vn 0.8677 -0.0000 -0.4971
vn 0.9744 -0.1590 0.1590
vn 0.8677 -0.4971 -0.0000
vn 0.2621 -0.0000 0.9650
vn 0.4013 -0.6477 0.6477
vn 0.2621 -0.9650 -0.0000
vn 0.6383 0.5443 -0.5443
vn 0.5058 0.8626 -0.0000
vn 0.5058 -0.0000 -0.8626
vn 0.8252 0.3994 0.3994
vn 0.9744 -0.1590 -0.1590
vn 0.2621 -0.0000 -0.9650
vn 0.4013 -0.6477 -0.6477
vn 0.6383 0.5443 0.5443
vn 0.5058 -0.0000 0.8626
vn -0.0000 0.4971 0.8677
vn -0.3994 0.3994 0.8252
vn 0.4971 -0.0000 0.8677
vn -0.4971 -0.0000 0.8677
vn 1.0000 -0.0000 -0.0000
vn 0.1590 -0.1590 0.9744
vn 0.7071 -0.7071 -0.0000
vn -0.0000 -0.4971 0.8677
vn 0.9650 -0.0000 0.2621
vn 0.6477 -0.6477 0.4013
vn -0.0000 -0.9650 0.2621
vn -0.5443 0.5443 0.6383
vn -0.0000 0.8626 0.5058
vn -0.8626 -0.0000 0.5058
vn 0.3994 0.3994 0.8252
vn -1.0000 -0.0000 -0.0000
vn -0.1590 -0.1590 0.9744
vn -0.7071 -0.7071 -0.0000
vn -0.9650 -0.0000 0.2621
vn -0.6477 -0.6477 0.4013
vn 0.5443 0.5443 0.6383
vn 0.8626 -0.0000 0.5058
vn -0.0000 0.4971 -0.8677
vn -0.3994 0.3994 -0.8252
vn 0.4971 -0.0000 -0.8677
vn -0.4971 -0.0000 -0.8677
vn 0.1590 -0.1590 -0.9744
vn -0.0000 -0.4971 -0.8677
vn 0.9650 -0.0000 -0.2621
vn 0.6477 -0.6477 -0.4013
vn -0.0000 -0.9650 -0.2621
vn -0.5443 0.5443 -0.6383
vn -0.0000 0.8626 -0.5058
vn -0.8626 -0.0000 -0.5058
vn 0.3994 0.3994 -0.8252
vn -0.1590 -0.1590 -0.9744
vn -0.9650 -0.0000 -0.2621
vn -0.6477 -0.6477 -0.4013
vn 0.5443 0.5443 -0.6383
vn 0.8626 -0.0000 -0.5058
vn 0.0168 -0.2937 0.9558
vn -0.7071 -0.0000 0.7071
vn 0.7071 -0.0000 0.7071
vn 0.6746 -0.2997 0.6746
vn -0.6924 -0.2031 0.6924
vn -0.0545 -0.3805 0.9232
vn 0.6291 -0.4567 0.6291
vn -0.2289 -0.2577 0.9387
vn 0.1233 -0.9847 0.1233
vn 0.3300 -0.8844 0.3300
vn -0.4477 -0.6534 0.6105
vn -0.2998 -0.5958 0.7451
vn -0.9558 -0.2937 -0.0168
vn -0.9232 -0.3805 0.0545
vn -0.9387 -0.2577 0.2289
vn -0.6105 -0.6534 0.4477
vn -0.7451 -0.5958 0.2998
vn 0.9558 -0.2937 0.0168
vn 0.7071 -0.0000 -0.7071
vn 0.6924 -0.2031 -0.6924
vn 0.9232 -0.3805 -0.0545
vn 0.9387 -0.2577 -0.2289
vn 0.6105 -0.6534 -0.4477
vn 0.7451 -0.5958 -0.2998
vn -0.0168 -0.2937 -0.9558
vn -0.7071 -0.0000 -0.7071
vn -0.6746 -0.2997 -0.6746
vn 0.0545 -0.3805 -0.9232
vn -0.6291 -0.4567 -0.6291
vn 0.2289 -0.2577 -0.9387
vn -0.1233 -0.9847 -0.1233
vn -0.3300 -0.8844 -0.3301
vn 0.4477 -0.6534 -0.6105
vn 0.2998 -0.5958 -0.7451
vn -0.0000 -0.9045 0.4264
vn 0.4264 -0.9045 -0.0000
vn -0.9558 -0.2937 0.0168
vn -0.6746 -0.2997 0.6746
vn -0.6924 -0.2031 -0.6924
vn -0.9232 -0.3805 -0.0545
vn -0.6291 -0.4567 0.6291
vn -0.9387 -0.2577 -0.2289
vn -0.1233 -0.9847 0.1233
vn -0.3300 -0.8844 0.3300
vn -0.6105 -0.6534 -0.4477
vn -0.7451 -0.5958 -0.2998
vn 0.0168 -0.2937 -0.9558
vn -0.0545 -0.3805 -0.9232
vn -0.2289 -0.2577 -0.9387
vn -0.4477 -0.6534 -0.6105
vn -0.2998 -0.5958 -0.7451
vn -0.0168 -0.2937 0.9558
vn 0.6924 -0.2031 0.6924
vn 0.0545 -0.3805 0.9232
vn 0.2289 -0.2577 0.9387
vn 0.4477 -0.6534 0.6105
vn 0.2998 -0.5958 0.7451
vn 0.9558 -0.2937 -0.0168
vn 0.6746 -0.2997 -0.6746
vn 0.9232 -0.3805 0.0545
vn 0.6291 -0.4567 -0.6291
vn 0.9387 -0.2577 0.2289
vn 0.1233 -0.9847 -0.1233
vn 0.3301 -0.8844 -0.3300
vn 0.6105 -0.6534 0.4477
vn 0.7451 -0.5958 0.2998
vn -0.0000 -0.9045 -0.4264
vn -0.4264 -0.9045 -0.0000
vn -0.6619 0.3517 0.6619
vn 0.6809 0.2695 0.6809
vn 0.6507 -0.3914 -0.6507
vn -0.1481 -0.9778 0.1481
vn -0.3503 -0.8687 0.3503
vn -0.1481 -0.9778 -0.1481
vn -0.9239 -0.3827 -0.0000
vn -0.1951 -0.9808 -0.0000
vn -0.5556 -0.8315 -0.0000
vn 0.9239 -0.3827 -0.0000
vn 0.1951 -0.9808 -0.0000
vn 0.5556 -0.8315 -0.0000
vn -0.9732 0.2298 -0.0000
vn 0.9732 0.2298 -0.0000
vn 0.1481 -0.9778 0.1481
vn -0.6507 -0.3914 -0.6507
vn -0.6619 0.3517 -0.6619
vn 0.6809 0.2695 -0.6809
vn 0.6507 -0.3914 0.6507
vn 0.6619 0.3517 0.6619
vn -0.6809 0.2695 0.6809
vn -0.3503 -0.8687 -0.3503
vn 0.3503 -0.8687 0.3503
vn 0.3503 -0.8687 -0.3503
vn -0.0000 -0.3827 0.9239
vn -0.0000 -0.9808 0.1951
vn -0.0000 -0.8315 0.5556
vn -0.0000 -0.3827 -0.9239
vn -0.0000 -0.9808 -0.1951
vn -0.0000 -0.8315 -0.5556
vn -0.0000 0.2298 0.9732
vn -0.0000 0.2298 -0.9732
vn 0.1481 -0.9778 -0.1481
vn -0.6507 -0.3914 0.6507
vn -0.6809 0.2695 -0.6809
vn 0.6619 0.3517 -0.6619
vt 0.033407 0.520900
vt 0.000100 0.520900
vt 0.000100 0.500100
vt 0.033407 0.516740
vt 0.041733 0.520900
vt 0.216593 0.604100
vt 0.216593 0.608260
vt 0.208267 0.604100
vt 0.249900 0.604100
vt 0.249900 0.624900
vt 0.041733 0.604100
vt 0.033407 0.604100
vt 0.000100 0.604100
vt 0.249900 0.520900
vt 0.216593 0.520900
vt 0.208266 0.520900
vt 0.033407 0.608260
vt 0.000100 0.624900
vt 0.216593 0.516740
vt 0.249900 0.500100
vt 0.033407 0.520900
vt 0.000100 0.520900
vt 0.033407 0.516740
vt 0.041733 0.520900
vt 0.216593 0.608260
vt 0.208267 0.604100
vt 0.041733 0.604100
vt 0.033407 0.604100
vt 0.000100 0.604100
vt 0.208266 0.791733
vt 0.208267 0.958267
vt 0.041733 0.958267
vt 0.041733 0.791733
vt 0.213047 0.712577
vt 0.213047 0.743041
vt 0.241110 0.743041
vt 0.241110 0.712577
vt 0.208254 0.525464
vt 0.208254 0.707784
vt 0.213047 0.525464
vt 0.213047 0.747835
vt 0.169817 0.743041
vt 0.169817 0.747835
vt 0.245903 0.747835
vt 0.241110 0.525464
vt 0.086574 0.654092
vt 0.100887 0.654092
vt 0.100887 0.686517
vt 0.086574 0.686517
vt 0.169817 0.712577
vt 0.169817 0.707784
vt 0.100887 0.500983
vt 0.086574 0.500983
vt 0.245903 0.712577
vt 0.245903 0.525464
vt 0.084272 0.673426
vt 0.084272 0.685581
vt 0.120737 0.685581
vt 0.114659 0.673426
vt 0.090400 0.673325
vt 0.102656 0.685581
vt 0.102656 0.673325
vt 0.043628 0.500039
vt 0.043628 0.749961
vt 0.022500 0.749961
vt 0.022500 0.500039
vt 0.070838 0.500039
vt 0.070838 0.749961
vt 0.011837 0.741571
vt 0.028200 0.741571
vt 0.028200 0.745543
vt 0.011837 0.745543
vt 0.084272 0.701427
vt 0.084272 0.701296
vt 0.120737 0.701296
vt 0.086805 0.741571
vt 0.086805 0.721513
vt 0.119318 0.721513
vt 0.119314 0.741571
vt 0.048546 0.721513
vt 0.048546 0.741571
vt 0.028200 0.721513
vt 0.048546 0.745543
vt 0.086805 0.745543
vt 0.162875 0.741571
vt 0.162875 0.721513
vt 0.130362 0.721513
vt 0.130366 0.741571
vt 0.237844 0.741571
vt 0.237844 0.745543
vt 0.221480 0.745543
vt 0.221480 0.741571
vt 0.201134 0.721513
vt 0.221480 0.721513
vt 0.201134 0.741571
vt 0.201134 0.745543
vt 0.162875 0.745543
vt 0.119543 0.745543
vt 0.130138 0.745543
vt 0.119543 0.745543
vt 0.119318 0.721513
vt 0.130138 0.745543
vt 0.118960 0.741571
vt 0.118964 0.721513
vt 0.130721 0.741571
vt 0.130716 0.721513
vt 0.119203 0.745543
vt 0.130477 0.745543
vt 0.130721 0.741571
vt 0.325000 0.583333
vt 0.282322 0.578962
vt 0.282322 0.625000
vt 0.325000 0.625000
vt 0.250000 0.671038
vt 0.282322 0.671038
vt 0.250000 0.625000
vt 0.328999 0.951468
vt 0.328999 0.968650
vt 0.375000 0.968650
vt 0.375000 0.951468
vt 0.425000 0.583333
vt 0.425000 0.625000
vt 0.467678 0.625000
vt 0.467678 0.578962
vt 0.500000 0.671038
vt 0.500000 0.625000
vt 0.467678 0.671038
vt 0.328999 0.951468
vt 0.375000 0.951468
vt 0.328999 0.968650
vt 0.479083 0.797850
vt 0.421001 0.797850
vt 0.421001 0.790562
vt 0.474920 0.790562
vt 0.421001 0.797850
vt 0.375000 0.625000
vt 0.250000 0.578962
vt 0.421001 0.968650
vt 0.421001 0.951468
vt 0.500000 0.578962
vt 0.421001 0.951468
vt 0.421001 0.968650
vt 0.270917 0.951468
vt 0.270917 0.968650
vt 0.275080 0.772376
vt 0.328999 0.772376
vt 0.328999 0.790562
vt 0.275080 0.790562
vt 0.270917 0.951468
vt 0.275080 0.772376
vt 0.275080 0.790562
vt 0.270917 0.837352
vt 0.328999 0.837352
vt 0.325000 0.666667
vt 0.425000 0.666667
vt 0.421001 0.837352
vt 0.479083 0.837352
vt 0.479083 0.951468
vt 0.421001 0.772376
vt 0.474920 0.772376
vt 0.282322 0.547769
vt 0.250000 0.520833
vt 0.479083 0.968650
vt 0.479083 0.951468
vt 0.474920 0.772376
vt 0.500000 0.520833
vt 0.467678 0.547769
vt 0.328999 0.797850
vt 0.270917 0.797850
vt 0.328999 0.797850
vt 0.282322 0.702231
vt 0.250000 0.729167
vt 0.467678 0.702231
vt 0.500000 0.729167
vt 0.421001 0.837352
vt 0.328999 0.837352
s 1
usemtl M_DungeonEnviro
f 1807/1459/762 1804/1460/760 1803/1461/760 1829/1462/771
f 1822/1463/768 1807/1459/762 1829/1462/771
f 1813/1464/763 1830/1465/772 1811/1466/764
f 1810/1467/760 1815/1468/760 1830/1465/772 1813/1464/763
f 1821/1469/767 1812/1470/762 1807/1459/762 1822/1463/768
f 1812/1470/762 1809/1471/760 1804/1460/760 1807/1459/762
f 1805/1472/760 1810/1467/760 1813/1464/763 1808/1473/763
f 1808/1473/763 1813/1464/763 1811/1466/764 1806/1474/761
f 1814/1475/765 1816/1476/760 1809/1471/760 1812/1470/762
f 1818/1477/766 1817/1478/760 1805/1472/760 1808/1473/763
f 1821/1469/767 1814/1475/765 1812/1470/762
f 1806/1474/761 1818/1477/766 1808/1473/763
f 1823/1479/769 1819/1480/760 1816/1461/760 1814/1481/765
f 1821/1482/767 1823/1479/769 1814/1481/765
f 1828/1464/770 1818/1483/766 1806/1484/761
f 1826/1467/760 1817/1468/760 1818/1483/766 1828/1464/770
f 1811/1485/764 1827/1486/769 1823/1479/769 1821/1482/767
f 1827/1486/769 1825/1487/760 1819/1480/760 1823/1479/769
f 1820/1472/760 1826/1467/760 1828/1464/770 1824/1473/770
f 1824/1473/770 1828/1464/770 1806/1484/761 1822/1474/768
f 1822/1474/768 1829/1477/771 1824/1473/770
f 1829/1477/771 1803/1478/760 1820/1472/760 1824/1473/770
f 1811/1485/764 1830/1475/772 1827/1486/769
f 1830/1475/772 1815/1476/760 1825/1487/760 1827/1486/769
f 1822/1488/768 1806/1489/761 1811/1490/764 1821/1491/767
f 1836/1492/778 1831/1493/773 1832/1494/774 1837/1495/776
f 1842/1496/782 1843/1497/783 1836/1492/778 1833/1498/775
f 1846/1499/786 1831/1493/773 1840/1500/773 1849/1501/786
f 1845/1502/785 1832/1494/774 1831/1493/773 1846/1499/786
f 1833/1498/775 1836/1492/778 1837/1495/776 1834/1503/776
f 1843/1504/783 1838/1505/779 1841/1506/781 1844/1507/784
f 1831/1493/773 1836/1492/778 1839/1508/780 1840/1500/773
f 1836/1492/778 1843/1497/783 1844/1509/784 1839/1508/780
f 1835/1510/777 1838/1505/779 1843/1504/783 1842/1511/782
f 1834/1503/776 1837/1495/776 1848/1512/787 1847/1513/787
f 1837/1495/776 1832/1494/774 1845/1502/785 1848/1512/787
f 1855/1492/790 1856/1495/775 1851/1494/788 1850/1493/773
f 1858/1496/792 1852/1498/776 1855/1492/790 1859/1497/793
f 1861/1499/786 1849/1501/786 1840/1500/773 1850/1493/773
f 1860/1502/794 1861/1499/786 1850/1493/773 1851/1494/788
f 1852/1498/776 1853/1503/775 1856/1495/775 1855/1492/790
f 1859/1504/793 1844/1507/784 1841/1506/781 1857/1505/791
f 1850/1493/773 1840/1500/773 1839/1508/780 1855/1492/790
f 1855/1492/790 1839/1508/780 1844/1509/784 1859/1497/793
f 1854/1510/789 1858/1511/792 1859/1504/793 1857/1505/791
f 1853/1503/775 1862/1513/795 1863/1512/795 1856/1495/775
f 1856/1495/775 1863/1512/795 1860/1502/794 1851/1494/788
f 1869/1492/800 1870/1495/799 1865/1494/797 1864/1493/796
f 1875/1496/802 1866/1498/798 1869/1492/800 1876/1497/803
f 1879/1499/806 1882/1501/806 1873/1500/796 1864/1493/796
f 1878/1502/805 1879/1499/806 1864/1493/796 1865/1494/797
f 1866/1498/798 1867/1503/799 1870/1495/799 1869/1492/800
f 1876/1504/803 1877/1507/804 1874/1506/781 1871/1505/779
f 1864/1493/796 1873/1500/796 1872/1508/801 1869/1492/800
f 1869/1492/800 1872/1508/801 1877/1509/804 1876/1497/803
f 1868/1510/777 1875/1511/802 1876/1504/803 1871/1505/779
f 1867/1503/799 1880/1513/807 1881/1512/807 1870/1495/799
f 1870/1495/799 1881/1512/807 1878/1502/805 1865/1494/797
f 1888/1492/809 1883/1493/796 1884/1494/808 1889/1495/798
f 1891/1496/810 1892/1497/811 1888/1492/809 1885/1498/799
f 1894/1499/806 1883/1493/796 1873/1500/796 1882/1501/806
f 1893/1502/812 1884/1494/808 1883/1493/796 1894/1499/806
f 1885/1498/799 1888/1492/809 1889/1495/798 1886/1503/798
f 1892/1504/811 1890/1505/791 1874/1506/781 1877/1507/804
f 1883/1493/796 1888/1492/809 1872/1508/801 1873/1500/796
f 1888/1492/809 1892/1497/811 1877/1509/804 1872/1508/801
f 1887/1510/789 1890/1505/791 1892/1504/811 1891/1511/810
f 1886/1503/798 1889/1495/798 1896/1512/813 1895/1513/813
f 1889/1495/798 1884/1494/808 1893/1502/812 1896/1512/813
f 1902/1492/819 1897/1493/814 1898/1494/815 1903/1495/817
f 1908/1496/822 1909/1497/823 1902/1492/819 1899/1498/816
f 1912/1499/826 1897/1493/814 1906/1500/814 1915/1501/826
f 1911/1502/825 1898/1494/815 1897/1493/814 1912/1499/826
f 1899/1498/816 1902/1492/819 1903/1495/817 1900/1503/817
f 1909/1504/823 1904/1505/820 1907/1506/781 1910/1507/824
f 1897/1493/814 1902/1492/819 1905/1508/821 1906/1500/814
f 1902/1492/819 1909/1497/823 1910/1509/824 1905/1508/821
f 1901/1510/818 1904/1505/820 1909/1504/823 1908/1511/822
f 1900/1503/817 1903/1495/817 1914/1512/827 1913/1513/827
f 1903/1495/817 1898/1494/815 1911/1502/825 1914/1512/827
f 1921/1492/830 1922/1495/816 1917/1494/828 1916/1493/814
f 1924/1496/832 1918/1498/817 1921/1492/830 1925/1497/833
f 1927/1499/826 1915/1501/826 1906/1500/814 1916/1493/814
f 1926/1502/834 1927/1499/826 1916/1493/814 1917/1494/828
f 1918/1498/817 1919/1503/816 1922/1495/816 1921/1492/830
f 1925/1504/833 1910/1507/824 1907/1506/781 1923/1505/831
f 1916/1493/814 1906/1500/814 1905/1508/821 1921/1492/830
f 1921/1492/830 1905/1508/821 1910/1509/824 1925/1497/833
f 1920/1510/829 1924/1511/832 1925/1504/833 1923/1505/831
f 1919/1503/816 1928/1513/835 1929/1512/835 1922/1495/816
f 1922/1495/816 1929/1512/835 1926/1502/834 1917/1494/828
f 1935/1492/840 1936/1495/839 1931/1494/837 1930/1493/836
f 1941/1496/842 1932/1498/838 1935/1492/840 1942/1497/843
f 1945/1499/846 1948/1501/846 1939/1500/836 1930/1493/836
f 1944/1502/845 1945/1499/846 1930/1493/836 1931/1494/837
f 1932/1498/838 1933/1503/839 1936/1495/839 1935/1492/840
f 1942/1504/843 1943/1507/844 1940/1506/781 1937/1505/820
f 1930/1493/836 1939/1500/836 1938/1508/841 1935/1492/840
f 1935/1492/840 1938/1508/841 1943/1509/844 1942/1497/843
f 1934/1510/818 1941/1511/842 1942/1504/843 1937/1505/820
f 1933/1503/839 1946/1513/847 1947/1512/847 1936/1495/839
f 1936/1495/839 1947/1512/847 1944/1502/845 1931/1494/837
f 1954/1492/849 1949/1493/836 1950/1494/848 1955/1495/838
f 1957/1496/850 1958/1497/851 1954/1492/849 1951/1498/839
f 1960/1499/846 1949/1493/836 1939/1500/836 1948/1501/846
f 1959/1502/852 1950/1494/848 1949/1493/836 1960/1499/846
f 1951/1498/839 1954/1492/849 1955/1495/838 1952/1503/838
f 1958/1504/851 1956/1505/831 1940/1506/781 1943/1507/844
f 1949/1493/836 1954/1492/849 1938/1508/841 1939/1500/836
f 1954/1492/849 1958/1497/851 1943/1509/844 1938/1508/841
f 1953/1510/829 1956/1505/831 1958/1504/851 1957/1511/850
f 1952/1503/838 1955/1495/838 1962/1512/853 1961/1513/853
f 1955/1495/838 1950/1494/848 1959/1502/852 1962/1512/853
f 1970/1514/857 1967/1515/857 1964/1516/854 1969/1517/859
f 1969/1518/859 1964/1515/854 1972/1519/858 1968/1520/858
f 1963/1521/777 1969/1522/859 1968/1523/858 1965/1524/855
f 1966/1525/856 1970/1526/857 1969/1522/859 1963/1521/777
f 1972/1527/858 1974/1528/861 1975/1529/855 1971/1530/855
f 1972/1519/858 1964/1515/854 1974/1531/861
f 1964/1516/854 1967/1515/857 1973/1532/860 1974/1533/861
f 1978/1534/864 1976/1535/862 2030/1536/781 2098/1537/921
f 1977/1538/863 1979/1539/865 1974/1528/861 1973/1540/860
f 1974/1528/861 1979/1539/865 1980/1541/855 1975/1529/855
f 1976/1535/862 1978/1534/864 1979/1539/865 1977/1538/863
f 1978/1534/864 1981/1542/855 1980/1541/855 1979/1539/865
f 2023/1543/886 2021/1544/884 2030/1545/781 2031/1546/889
f 2015/1514/880 1986/1517/867 1983/1516/866 2012/1515/880
f 1986/1518/867 1985/1520/858 1988/1519/858 1983/1515/866
f 1982/1521/829 1984/1524/855 1985/1523/858 1986/1522/867
f 2011/1525/879 1982/1521/829 1986/1522/867 2015/1526/880
f 1988/1547/858 1987/1548/855 1990/1549/855 1989/1550/868
f 1988/1519/858 1989/1531/868 1983/1515/866
f 1983/1516/866 1989/1533/868 2018/1532/882 2012/1515/880
f 1991/1543/869 2027/1546/888 2030/1545/781 2021/1544/884
f 2022/1551/885 2018/1552/882 1989/1550/868 1992/1553/870
f 1989/1550/868 1990/1549/855 1993/1554/855 1992/1553/870
f 2021/1544/884 2022/1551/885 1992/1553/870 1991/1543/869
f 1991/1543/869 1992/1553/870 1993/1554/855 1994/1555/855
f 1978/1534/864 2098/1537/921 2028/1556/829 1981/1542/855
f 1970/1514/857 1999/1517/874 1996/1516/871 1967/1515/857
f 1999/1518/874 1998/1520/873 2001/1519/873 1996/1515/871
f 1995/1521/818 1997/1524/872 1998/1523/873 1999/1522/874
f 1966/1525/856 1995/1521/818 1999/1522/874 1970/1526/857
f 2001/1527/873 2000/1530/872 2003/1529/872 2002/1528/875
f 2001/1519/873 2002/1531/875 1996/1515/871
f 1996/1516/871 2002/1533/875 1973/1532/860 1967/1515/857
f 1977/1538/863 1973/1540/860 2002/1528/875 2005/1539/877
f 2002/1528/875 2003/1529/872 2006/1541/872 2005/1539/877
f 1976/1535/862 1977/1538/863 2005/1539/877 2004/1534/876
f 2004/1534/876 2005/1539/877 2006/1541/872 2007/1542/872
f 2023/1543/886 2031/1546/889 2032/1557/818 2026/1555/872
f 2015/1514/880 2012/1515/880 2009/1516/878 2014/1517/881
f 2014/1518/881 2009/1515/878 2017/1519/873 2013/1520/873
f 2008/1521/789 2014/1522/881 2013/1523/873 2010/1524/872
f 2011/1525/879 2015/1526/880 2014/1522/881 2008/1521/789
f 2017/1547/873 2019/1550/883 2020/1549/872 2016/1548/872
f 2017/1519/873 2009/1515/878 2019/1531/883
f 2009/1516/878 2012/1515/880 2018/1532/882 2019/1533/883
f 2004/1534/876 2007/1542/872 2099/1558/789 2097/1537/920
f 2022/1551/885 2024/1553/887 2019/1550/883 2018/1552/882
f 2019/1550/883 2024/1553/887 2025/1554/872 2020/1549/872
f 2021/1544/884 2023/1543/886 2024/1553/887 2022/1551/885
f 2023/1543/886 2026/1555/872 2025/1554/872 2024/1553/887
f 2004/1534/876 2097/1537/920 2030/1559/781 1976/1535/862
f 1991/1543/869 1994/1555/855 2029/1560/777 2027/1546/888
f 2040/1514/891 2037/1515/891 2034/1516/890 2039/1517/893
f 2039/1518/893 2034/1515/890 2042/1519/892 2038/1520/892
f 2033/1521/829 2039/1522/893 2038/1523/892 2035/1524/879
f 2036/1525/855 2040/1526/891 2039/1522/893 2033/1521/829
f 2042/1527/892 2044/1528/895 2045/1529/879 2041/1530/879
f 2042/1519/892 2034/1515/890 2044/1531/895
f 2034/1516/890 2037/1515/891 2043/1532/894 2044/1533/895
f 2047/1538/897 2049/1539/899 2044/1528/895 2043/1540/894
f 2044/1528/895 2049/1539/899 2050/1541/879 2045/1529/879
f 2046/1535/896 2048/1534/898 2049/1539/899 2047/1538/897
f 2048/1534/898 2051/1542/879 2050/1541/879 2049/1539/899
f 2074/1534/909 2031/1561/889 2030/1562/781 2046/1535/896
f 2085/1514/912 2056/1517/901 2053/1516/900 2082/1515/912
f 2056/1518/901 2055/1520/892 2058/1519/892 2053/1515/900
f 2052/1521/789 2054/1524/879 2055/1523/892 2056/1522/901
f 2081/1525/872 2052/1521/789 2056/1522/901 2085/1526/912
f 2058/1547/892 2057/1548/879 2060/1549/879 2059/1550/902
f 2058/1519/892 2059/1531/902 2053/1515/900
f 2053/1516/900 2059/1533/902 2088/1532/914 2082/1515/912
f 2061/1543/903 2098/1563/921 2030/1564/781 2091/1544/916
f 2092/1551/917 2088/1552/914 2059/1550/902 2062/1553/904
f 2059/1550/902 2060/1549/879 2063/1554/879 2062/1553/904
f 2091/1544/916 2092/1551/917 2062/1553/904 2061/1543/903
f 2061/1543/903 2062/1553/904 2063/1554/879 2064/1555/879
f 2048/1534/898 2046/1535/896 2030/1562/781 2097/1561/920
f 2040/1514/891 2069/1517/907 2066/1516/905 2037/1515/891
f 2069/1518/907 2068/1520/906 2071/1519/906 2066/1515/905
f 2065/1521/777 2067/1524/856 2068/1523/906 2069/1522/907
f 2036/1525/855 2065/1521/777 2069/1522/907 2040/1526/891
f 2071/1527/906 2070/1530/856 2073/1529/856 2072/1528/908
f 2071/1519/906 2072/1531/908 2066/1515/905
f 2066/1516/905 2072/1533/908 2043/1532/894 2037/1515/891
f 2048/1534/898 2097/1561/920 2099/1565/789 2051/1542/879
f 2047/1538/897 2043/1540/894 2072/1528/908 2075/1539/910
f 2072/1528/908 2073/1529/856 2076/1541/856 2075/1539/910
f 2046/1535/896 2047/1538/897 2075/1539/910 2074/1534/909
f 2074/1534/909 2075/1539/910 2076/1541/856 2077/1542/856
f 2085/1514/912 2082/1515/912 2079/1516/911 2084/1517/913
f 2084/1518/913 2079/1515/911 2087/1519/906 2083/1520/906
f 2078/1521/818 2084/1522/913 2083/1523/906 2080/1524/856
f 2081/1525/872 2085/1526/912 2084/1522/913 2078/1521/818
f 2087/1547/906 2089/1550/915 2090/1549/856 2086/1548/856
f 2087/1519/906 2079/1515/911 2089/1531/915
f 2079/1516/911 2082/1515/912 2088/1532/914 2089/1533/915
f 2074/1534/909 2077/1542/856 2032/1565/818 2031/1561/889
f 2092/1551/917 2094/1553/919 2089/1550/915 2088/1552/914
f 2089/1550/915 2094/1553/919 2095/1554/856 2090/1549/856
f 2091/1544/916 2093/1543/918 2094/1553/919 2092/1551/917
f 2093/1543/918 2096/1555/856 2095/1554/856 2094/1553/919
f 2093/1543/918 2027/1563/888 2029/1566/777 2096/1555/856
f 2093/1543/918 2091/1544/916 2030/1564/781 2027/1563/888
f 2061/1543/903 2064/1555/879 2028/1566/829 2098/1567/921
f 2177/1568/954 2115/1569/933 2112/1570/933 2111/1571/932
f 2129/1572/931 2136/1573/933 2112/1570/933 2110/1574/931
f 2145/1575/818 2129/1576/931 2110/1577/931 2143/1578/818
f 2106/1579/927 2108/1580/929 2109/1581/930 2114/1582/930
f 2125/1583/928 2107/1584/928 2109/1581/930 2135/1585/930
f 2134/1586/829 2113/1587/829 2107/1577/928 2125/1588/928
f 2185/1589/956 2117/1590/934 2119/1591/934 2138/1592/938
f 2139/1589/939 2189/1592/957 2123/1591/935 2121/1593/935
f 2111/1571/932 2148/1594/781 2177/1568/954
f 2110/1574/931 2112/1570/933 2115/1569/933 2120/1595/931
f 2143/1578/818 2110/1577/931 2120/1596/931 2144/1597/818
f 2108/1580/929 2106/1579/927 2148/1594/781
f 2107/1584/928 2116/1598/928 2114/1582/930 2109/1581/930
f 2113/1587/829 2124/1599/829 2116/1600/928 2107/1577/928
f 2186/1601/855 2134/1586/829 2125/1588/928 2184/1602/955
f 2141/1603/855 2127/1604/829 2128/1605/934 2100/1606/922
f 2152/1607/856 2142/1602/940 2129/1576/931 2145/1575/818
f 2187/1608/856 2146/1609/941 2133/1605/935 2132/1604/818
f 2147/1610/942 2126/1611/934 2134/1586/829 2186/1601/855
f 2111/1571/932 2112/1570/933 2136/1573/933 2130/1612/936
f 2108/1580/929 2104/1613/925 2135/1585/930 2109/1581/930
f 2117/1614/934 2185/1615/956 2140/1616/879 2124/1599/829
f 2122/1617/818 2123/1591/935 2189/1592/957 2188/1618/872
f 2120/1595/931 2115/1569/933 2151/1619/945 2103/1620/924
f 2144/1597/818 2120/1596/931 2103/1621/924 2153/1622/872
f 2118/1617/829 2101/1623/879 2138/1592/938 2119/1591/934
f 2116/1598/928 2137/1624/937 2149/1625/943 2114/1582/930
f 2124/1599/829 2140/1616/879 2137/1621/937 2116/1600/928
f 2131/1626/935 2133/1605/935 2146/1609/941 2102/1627/923
f 2126/1628/934 2147/1627/942 2100/1606/922 2128/1605/934
f 2148/1594/781 2111/1571/932 2130/1612/936
f 2150/1629/944 2136/1573/933 2129/1572/931 2142/1630/940
f 2149/1625/943 2106/1579/927 2114/1582/930
f 2150/1629/944 2130/1612/936 2136/1573/933
f 2177/1568/954 2151/1619/945 2115/1569/933
f 2105/1631/926 2135/1585/930 2104/1613/925
f 2105/1631/926 2184/1632/955 2125/1583/928 2135/1585/930
f 2148/1594/781 2104/1613/925 2108/1580/929
f 2121/1633/935 2144/1597/818 2153/1622/872 2139/1615/939
f 2102/1610/923 2152/1607/856 2145/1575/818 2131/1634/935
f 2106/1568/927 2162/1569/951 2159/1570/951 2158/1571/950
f 2176/1572/949 2183/1573/951 2159/1570/951 2157/1574/949
f 2192/1575/789 2176/1576/949 2157/1577/949 2190/1578/789
f 2104/1579/925 2155/1580/947 2156/1581/948 2161/1582/948
f 2172/1583/946 2154/1584/946 2156/1581/948 2182/1585/948
f 2181/1586/777 2160/1587/777 2154/1577/946 2172/1588/946
f 2147/1589/942 2164/1590/952 2166/1591/952 2100/1592/922
f 2185/1589/956 2138/1592/938 2170/1591/953 2168/1593/953
f 2158/1571/950 2148/1594/781 2106/1568/927
f 2157/1574/949 2159/1570/951 2162/1569/951 2167/1595/949
f 2190/1578/789 2157/1577/949 2167/1596/949 2191/1597/789
f 2155/1580/947 2104/1579/925 2148/1594/781
f 2154/1584/946 2163/1598/946 2161/1582/948 2156/1581/948
f 2160/1587/777 2171/1599/777 2163/1600/946 2154/1577/946
f 2152/1601/856 2181/1586/777 2172/1588/946 2142/1602/940
f 2187/1603/856 2174/1604/777 2175/1605/952 2146/1606/941
f 2153/1607/872 2103/1602/924 2176/1576/949 2192/1575/789
f 2188/1608/872 2189/1609/957 2180/1605/953 2179/1604/789
f 2102/1610/923 2173/1611/952 2181/1586/777 2152/1601/856
f 2158/1571/950 2159/1570/951 2183/1573/951 2177/1612/954
f 2155/1580/947 2130/1613/936 2182/1585/948 2156/1581/948
f 2164/1614/952 2147/1615/942 2186/1616/855 2171/1599/777
f 2169/1617/789 2170/1591/953 2138/1592/938 2101/1618/879
f 2167/1595/949 2162/1569/951 2149/1619/943 2137/1620/937
f 2191/1597/789 2167/1596/949 2137/1621/937 2140/1622/879
f 2165/1617/777 2141/1623/855 2100/1592/922 2166/1591/952
f 2163/1598/946 2184/1624/955 2105/1625/926 2161/1582/948
f 2171/1599/777 2186/1616/855 2184/1621/955 2163/1600/946
f 2178/1626/953 2180/1605/953 2189/1609/957 2139/1627/939
f 2173/1628/952 2102/1627/923 2146/1606/941 2175/1605/952
f 2148/1594/781 2158/1571/950 2177/1612/954
f 2151/1629/945 2183/1573/951 2176/1572/949 2103/1630/924
f 2105/1625/926 2104/1579/925 2161/1582/948
f 2151/1629/945 2177/1612/954 2183/1573/951
f 2106/1568/927 2149/1619/943 2162/1569/951
f 2150/1631/944 2182/1585/948 2130/1613/936
f 2150/1631/944 2142/1632/940 2172/1583/946 2182/1585/948
f 2148/1594/781 2130/1613/936 2155/1580/947
f 2168/1633/953 2191/1597/789 2140/1622/879 2185/1615/956
f 2139/1610/939 2153/1607/872 2192/1575/789 2178/1634/953
o S_Stairs_Down
v 2.500000 5.000000 -2.900000
v 2.500000 5.000000 3.000000
v 0.000000 6.000000 3.000000
v 0.000000 6.000000 -2.900000
v 1.000000 6.000000 3.000000
v 1.853553 5.646447 3.000000
v 1.853553 5.646447 -2.900000
v 1.000000 6.000000 -2.900000
v 2.500000 0.000000 3.000000
v 2.500000 0.000000 -2.900000
v -2.500000 5.000000 -2.900000
v -2.500000 5.000000 3.000000
v -1.000000 6.000000 3.000000
v -1.853553 5.646447 3.000000
v -1.853553 5.646447 -2.900000
v -1.000000 6.000000 -2.900000
v -2.500000 0.000000 3.000000
v -2.500000 0.000000 -2.900000
v 2.300000 0.000000 2.500000
v 2.200000 4.900000 2.400000
v 2.500000 0.000000 2.500000
v 2.300000 0.000000 3.000000
v 2.200000 4.900000 3.000000
v 2.500000 4.700000 2.500000
v 2.300000 4.700000 2.500000
v 2.300000 4.700000 3.000000
v 2.500000 5.000000 2.400000
v 2.500000 4.900000 2.400000
v -0.000000 5.900001 3.000000
v -0.000000 5.900001 2.400000
v -0.000000 6.000000 2.400000
v 2.200000 5.158579 3.000000
v 2.200000 5.158579 2.400000
v 2.200000 5.300000 2.400000
v 0.940338 5.900000 3.000000
v 1.825030 5.533548 3.000000
v 0.939608 5.900000 2.400000
v 1.825546 5.533032 2.400000
v 1.867572 5.632428 2.400000
v 0.980175 6.000000 2.400000
v -2.300001 0.000000 2.500000
v -2.200001 4.900001 2.400000
v -2.500001 0.000000 2.500000
v -2.300001 0.000000 3.000000
v -2.200001 4.900001 3.000000
v -2.500001 4.700000 2.500000
v -2.300001 4.700000 2.500000
v -2.300001 4.700000 3.000000
v -2.500001 5.000000 2.400000
v -2.500001 4.900001 2.400000
v -2.200000 5.158579 3.000000
v -2.200000 5.158579 2.400000
v -2.200000 5.300001 2.400000
v -0.940338 5.900001 3.000000
v -1.825031 5.533549 3.000000
v -0.939609 5.900001 2.400000
v -1.825547 5.533033 2.400000
v -1.867573 5.632428 2.400000
v -0.980175 6.000001 2.400000
v 2.121025 0.000000 -2.500001
v 1.998749 4.900001 -2.400001
v 2.500000 0.000000 -2.500001
v 2.121025 0.000000 -2.900000
v 1.998749 4.900001 -2.900000
v 2.500000 4.700000 -2.500001
v 2.121025 4.700000 -2.500001
v 2.121025 4.700000 -2.900000
v 2.500000 5.000000 -2.400001
v 2.500000 4.900001 -2.400001
v -0.000001 5.900001 -2.900000
v -0.000001 5.900001 -2.400001
v -0.000001 6.000001 -2.400001
v 1.998748 5.300001 -2.900000
v 1.998748 5.300001 -2.400001
v 2.199999 5.300001 -2.400001
v 0.940337 5.900001 -2.900000
v 1.825030 5.533549 -2.900000
v 0.939608 5.900001 -2.400001
v 1.825546 5.533033 -2.400001
v 1.867572 5.632428 -2.400001
v 0.980174 6.000001 -2.400001
v -2.121027 0.000000 -2.500000
v -1.998751 4.900001 -2.400001
v -2.500002 0.000000 -2.500000
v -2.121027 0.000000 -2.900000
v -1.998751 4.900001 -2.900000
v -2.500002 4.700001 -2.500000
v -2.121027 4.700001 -2.500000
v -2.121027 4.700001 -2.900000
v -2.500002 5.000001 -2.400001
v -2.500002 4.900001 -2.400001
v -1.998750 5.300001 -2.900000
v -1.998750 5.300001 -2.400001
v -2.200001 5.300001 -2.400001
v -0.940339 5.900001 -2.900000
v -1.825032 5.533549 -2.900000
v -0.939610 5.900001 -2.400001
v -1.825548 5.533033 -2.400001
v -1.867574 5.632429 -2.400001
v -0.980176 6.000002 -2.400001
vn -0.7173 -0.2971 0.6303
vn -0.9239 -0.3827 -0.0000
vn -0.0000 -1.0000 -0.0000
vn -0.0000 -0.7071 0.7071
vn -0.1951 -0.9808 -0.0000
vn -0.5556 -0.8315 -0.0000
vn -0.4146 -0.6204 0.6657
vn -0.1456 -0.7319 0.6657
vn -1.0000 -0.0000 -0.0000
vn -0.7071 -0.0000 0.7071
vn 0.7173 -0.2971 0.6303
vn 0.9239 -0.3827 -0.0000
vn 0.1951 -0.9808 -0.0000
vn 0.5556 -0.8315 -0.0000
vn 0.4146 -0.6204 0.6657
vn 0.1456 -0.7319 0.6657
vn 1.0000 -0.0000 -0.0000
vn 0.7071 -0.0000 0.7071
vn -0.7071 -0.0000 -0.7071
vn -0.6809 -0.2695 -0.6809
vn -0.0000 -0.0000 -1.0000
vn -0.9732 -0.2298 -0.0000
vn -0.0000 -0.2298 -0.9732
vn -0.6619 -0.3517 -0.6619
vn -0.0000 -0.2297 -0.9733
vn -0.0000 -0.7071 -0.7071
vn -0.5491 -0.2275 -0.8042
vn -0.1952 -0.9808 0.0002
vn -0.5554 -0.8316 0.0002
vn -0.1281 -0.6446 -0.7537
vn -0.3652 -0.5464 -0.7537
vn 0.7071 -0.0000 -0.7071
vn 0.6809 -0.2695 -0.6809
vn 0.9732 -0.2298 -0.0000
vn 0.6619 -0.3517 -0.6619
vn 0.5491 -0.2275 -0.8042
vn 0.1952 -0.9808 0.0002
vn 0.5554 -0.8316 0.0002
vn 0.1281 -0.6446 -0.7537
vn 0.3652 -0.5464 -0.7537
vn -0.6821 -0.2890 0.6718
vn -0.0000 -0.0000 1.0000
vn -0.9626 -0.2709 -0.0000
vn -0.0000 -0.2298 0.9732
vn -0.6366 -0.3826 0.6696
vn -0.0000 -0.2297 0.9733
vn -0.9493 -0.3143 0.0001
vn -0.5879 -0.1946 0.7851
vn -0.1953 -0.9808 -0.0003
vn -0.6146 -0.7889 -0.0002
vn -0.1281 -0.6446 0.7537
vn -0.3908 -0.5011 0.7721
vn 0.6821 -0.2890 0.6718
vn 0.9626 -0.2709 -0.0000
vn 0.6366 -0.3826 0.6696
vn 0.9493 -0.3143 0.0001
vn 0.5879 -0.1946 0.7851
vn 0.1953 -0.9808 -0.0003
vn 0.6146 -0.7889 -0.0002
vn 0.1281 -0.6446 0.7537
vn 0.3908 -0.5011 0.7721
vt 0.250100 0.968650
vt 0.250100 0.750100
vt 0.499900 0.750100
vt 0.499900 0.968650
vt 0.500000 0.750000
vt 0.500000 0.500000
vt 0.467678 0.500000
vt 0.467678 0.750000
vt 0.425000 0.500000
vt 0.425000 0.750000
vt 0.375000 0.500000
vt 0.375000 0.750000
vt 0.250000 0.750000
vt 0.282322 0.750000
vt 0.282322 0.500000
vt 0.250000 0.500000
vt 0.325000 0.500000
vt 0.325000 0.750000
vt 0.467678 0.985269
vt 0.425000 1.000000
vt 0.375000 1.000000
vt 0.325000 1.000000
vt 0.282322 0.985269
vt 0.250000 0.958333
vt 0.255000 0.750000
vt 0.495000 0.750000
vt 0.500000 0.958333
vt 0.084272 0.673426
vt 0.084272 0.685581
vt 0.120737 0.685581
vt 0.114659 0.673426
vt 0.090400 0.673325
vt 0.102656 0.685581
vt 0.102656 0.673325
vt 0.043628 0.500039
vt 0.043628 0.749961
vt 0.022500 0.749961
vt 0.022500 0.500039
vt 0.070838 0.500039
vt 0.070838 0.749961
vt 0.011837 0.741571
vt 0.028200 0.741571
vt 0.028200 0.745543
vt 0.011837 0.745543
vt 0.084272 0.701427
vt 0.084272 0.701296
vt 0.120737 0.701296
vt 0.086805 0.741571
vt 0.124840 0.741571
vt 0.124840 0.745543
vt 0.086805 0.745543
vt 0.048546 0.721513
vt 0.048546 0.741571
vt 0.028200 0.721513
vt 0.048546 0.745543
vt 0.086805 0.721513
vt 0.124840 0.721513
vt 0.237844 0.741571
vt 0.237844 0.745543
vt 0.221480 0.745543
vt 0.221480 0.741571
vt 0.162875 0.741571
vt 0.162875 0.745543
vt 0.201134 0.721513
vt 0.221480 0.721513
vt 0.201134 0.741571
vt 0.201134 0.745543
vt 0.162875 0.721513
s 1
usemtl M_DungeonEnviro
f 2193/1635/958 2202/1636/967 2201/1637/966 2194/1638/959
f 2193/1639/958 2194/1640/959 2198/1641/963 2199/1642/964
f 2197/1643/962 2200/1644/965 2199/1642/964 2198/1641/963
f 2200/1644/965 2197/1643/962 2195/1645/960 2196/1646/961
f 2204/1638/969 2209/1637/974 2210/1636/975 2203/1635/968
f 2203/1647/968 2207/1648/972 2206/1649/971 2204/1650/969
f 2205/1651/970 2206/1649/971 2207/1648/972 2208/1652/973
f 2208/1652/973 2196/1646/961 2195/1645/960 2205/1651/970
f 2199/1653/964 2200/1654/965 2196/1655/961 2208/1656/973 2207/1657/972 2203/1658/968 2210/1659/975 2202/1660/967 2193/1661/958
f 2218/1662/979 2215/1663/979 2212/1664/977 2217/1665/981
f 2217/1666/981 2212/1663/977 2220/1667/982 2216/1668/980
f 2211/1669/976 2217/1670/981 2216/1671/980 2213/1672/978
f 2214/1673/966 2218/1674/979 2217/1670/981 2211/1669/976
f 2220/1675/982 2225/1676/984 2226/1677/978 2219/1678/978
f 2220/1667/982 2212/1663/977 2225/1679/984
f 2212/1664/977 2215/1663/979 2224/1680/959 2225/1681/984
f 2229/1682/987 2222/1683/983 2223/1684/978 2232/1685/978
f 2228/1686/986 2230/1687/988 2225/1676/984 2224/1688/959
f 2225/1676/984 2230/1687/988 2231/1689/978 2226/1677/978
f 2227/1690/985 2229/1682/987 2230/1687/988 2228/1686/986
f 2229/1682/987 2232/1685/978 2231/1689/978 2230/1687/988
f 2229/1682/987 2227/1690/985 2221/1691/960 2222/1683/983
f 2240/1662/991 2239/1665/992 2234/1664/990 2237/1663/991
f 2239/1666/992 2238/1668/980 2242/1667/982 2234/1663/990
f 2233/1669/989 2235/1672/978 2238/1671/980 2239/1670/992
f 2236/1673/974 2233/1669/989 2239/1670/992 2240/1674/991
f 2242/1692/982 2241/1693/978 2245/1694/978 2244/1695/993
f 2242/1667/982 2244/1679/993 2234/1663/990
f 2234/1664/990 2244/1681/993 2243/1680/969 2237/1663/991
f 2248/1696/996 2251/1697/978 2223/1684/978 2222/1683/983
f 2247/1698/995 2243/1699/969 2244/1695/993 2249/1700/997
f 2244/1695/993 2245/1694/978 2250/1701/978 2249/1700/997
f 2246/1702/994 2247/1698/995 2249/1700/997 2248/1696/996
f 2248/1696/996 2249/1700/997 2250/1701/978 2251/1697/978
f 2248/1696/996 2222/1683/983 2221/1691/960 2246/1702/994
f 2259/1662/1000 2258/1665/1002 2253/1664/998 2256/1663/1000
f 2258/1666/1002 2257/1668/1001 2261/1667/1003 2253/1663/998
f 2252/1669/967 2254/1672/999 2257/1671/1001 2258/1670/1002
f 2255/1673/966 2252/1669/967 2258/1670/1002 2259/1674/1000
f 2261/1675/1003 2260/1678/999 2267/1677/999 2266/1676/1005
f 2261/1667/1003 2266/1679/1005 2253/1663/998
f 2253/1664/998 2266/1681/1005 2265/1680/1004 2256/1663/1000
f 2270/1682/1008 2273/1685/999 2264/1684/999 2263/1683/961
f 2269/1686/1007 2265/1688/1004 2266/1676/1005 2271/1687/1009
f 2266/1676/1005 2267/1677/999 2272/1689/999 2271/1687/1009
f 2268/1690/1006 2269/1686/1007 2271/1687/1009 2270/1682/1008
f 2270/1682/1008 2271/1687/1009 2272/1689/999 2273/1685/999
f 2270/1682/1008 2263/1683/961 2262/1691/960 2268/1690/1006
f 2281/1662/1011 2278/1663/1011 2275/1664/1010 2280/1665/1012
f 2280/1666/1012 2275/1663/1010 2283/1667/1003 2279/1668/1001
f 2274/1669/975 2280/1670/1012 2279/1671/1001 2276/1672/999
f 2277/1673/974 2281/1674/1011 2280/1670/1012 2274/1669/975
f 2283/1692/1003 2285/1695/1014 2286/1694/999 2282/1693/999
f 2283/1667/1003 2275/1663/1010 2285/1679/1014
f 2275/1664/1010 2278/1663/1011 2284/1680/1013 2285/1681/1014
f 2289/1696/1017 2263/1683/961 2264/1684/999 2292/1697/999
f 2288/1698/1016 2290/1700/1018 2285/1695/1014 2284/1699/1013
f 2285/1695/1014 2290/1700/1018 2291/1701/999 2286/1694/999
f 2287/1702/1015 2289/1696/1017 2290/1700/1018 2288/1698/1016
f 2289/1696/1017 2292/1697/999 2291/1701/999 2290/1700/1018
f 2289/1696/1017 2287/1702/1015 2262/1691/960 2263/1683/961
o S_Hall_End
v 3.000000 0.200000 3.000000
v 3.000000 0.200000 -3.000000
v -3.000000 0.200000 3.000000
v -3.000000 0.200000 -3.000000
v 0.000000 0.200000 -3.000000
v 0.000000 0.000000 3.000000
v -2.000000 0.200000 -3.000000
v -2.000000 0.000000 3.000000
v 2.000000 0.000000 3.000000
v 2.000000 0.200000 -3.000000
v 2.200000 0.200000 3.000000
v 2.200000 0.200000 -3.000000
v -2.200000 0.200000 3.000000
v -2.200000 0.200000 -3.000000
v 3.000000 0.200000 -2.000000
v -3.000000 0.200000 -2.000000
v 2.000000 0.000000 -2.000000
v 0.000000 0.000000 -2.000000
v -2.000000 0.000000 -2.000000
v 2.200000 0.200000 -2.000000
v -2.200000 0.200000 -2.000000
v 3.000000 0.200000 -2.200000
v -3.000000 0.200000 -2.200000
v 2.000000 0.200000 -2.200000
v 0.000000 0.200000 -2.200000
v -2.000000 0.200000 -2.200000
v 2.200000 0.200000 -2.200000
v -2.200000 0.200000 -2.200000
v 2.300000 0.000000 2.500000
v 2.200000 4.900000 2.400000
v 2.500000 0.000000 2.500000
v 2.300000 0.000000 3.000000
v 2.200000 4.900000 3.000000
v 2.500000 4.700000 2.500000
v 2.300000 4.700000 2.500000
v 2.300000 4.700000 3.000000
v 2.500000 5.000000 2.400000
v 2.500000 4.900000 2.400000
v -0.000000 5.900001 3.000000
v -0.000000 5.900001 2.400000
v -0.000000 6.000000 2.400000
v 2.200000 5.158579 3.000000
v 2.200000 5.158579 2.400000
v 2.200000 5.300000 2.400000
v 0.940338 5.900000 3.000000
v 1.825030 5.533548 3.000000
v 0.939608 5.900000 2.400000
v 1.825546 5.533032 2.400000
v 1.867572 5.632428 2.400000
v 0.980175 6.000000 2.400000
v -2.300001 0.000000 2.500000
v -2.200001 4.900001 2.400000
v -2.500001 0.000000 2.500000
v -2.300001 0.000000 3.000000
v -2.200001 4.900001 3.000000
v -2.500001 4.700000 2.500000
v -2.300001 4.700000 2.500000
v -2.300001 4.700000 3.000000
v -2.500001 5.000000 2.400000
v -2.500001 4.900001 2.400000
v -2.200000 5.158579 3.000000
v -2.200000 5.158579 2.400000
v -2.200000 5.300001 2.400000
v -0.940338 5.900001 3.000000
v -1.825031 5.533549 3.000000
v -0.939609 5.900001 2.400000
v -1.825547 5.533033 2.400000
v -1.867573 5.632428 2.400000
v -0.980175 6.000001 2.400000
v 2.089601 0.000000 -2.500001
v 1.998749 4.900001 -2.400001
v 2.500000 0.000000 -2.500001
v 2.089601 0.000000 -2.900000
v 1.998749 4.900001 -2.900000
v 2.500000 4.700000 -2.500001
v 2.089601 4.700000 -2.500001
v 2.089601 4.700000 -2.900000
v 2.500000 5.000000 -2.400001
v 2.500000 4.900001 -2.400001
v -0.000001 5.900001 -2.900000
v -0.000001 5.900001 -2.400001
v -0.000001 6.000001 -2.400001
v 1.998748 5.300001 -2.900000
v 1.998748 5.300001 -2.400001
v 2.199999 5.300001 -2.400001
v 0.940337 5.900001 -2.900000
v 1.825030 5.533549 -2.900000
v 0.939608 5.900001 -2.400001
v 1.825546 5.533033 -2.400001
v 1.867572 5.632428 -2.400001
v 0.980174 6.000001 -2.400001
v -2.089603 0.000000 -2.500000
v -1.998751 4.900001 -2.400001
v -2.500002 0.000000 -2.500000
v -2.089603 0.000000 -2.900000
v -1.998751 4.900001 -2.900000
v -2.500002 4.700001 -2.500000
v -2.089603 4.700001 -2.500000
v -2.089603 4.700001 -2.900000
v -2.500002 5.000001 -2.400001
v -2.500002 4.900001 -2.400001
v -1.998750 5.300001 -2.900000
v -1.998750 5.300001 -2.400001
v -2.200001 5.300001 -2.400001
v -0.940339 5.900001 -2.900000
v -1.825032 5.533549 -2.900000
v -0.939610 5.900001 -2.400001
v -1.825548 5.533033 -2.400001
v -1.867574 5.632429 -2.400001
v -0.980176 6.000002 -2.400001
v 2.500000 5.000000 -2.900000
v 2.500000 5.000000 3.000000
v 0.000000 6.000000 3.000000
v 0.000000 6.000000 -2.900000
v 1.000000 6.000000 3.000000
v 1.853553 5.646447 3.000000
v 1.853553 5.646447 -2.900000
v 1.000000 6.000000 -2.900000
v 2.500000 0.500000 -2.900000
v 2.500000 0.500000 3.000000
v 2.400000 0.000000 3.000000
v 2.400000 0.000000 -2.900000
v 2.400000 0.300000 -2.900000
v 2.400000 0.300000 3.000000
v -2.500000 5.000000 -2.900000
v -2.500000 5.000000 3.000000
v -1.000000 6.000000 3.000000
v -1.853553 5.646447 3.000000
v -1.853553 5.646447 -2.900000
v -1.000000 6.000000 -2.900000
v -2.500000 0.500000 -2.900000
v -2.500000 0.500000 3.000000
v -2.400000 0.000000 3.000000
v -2.400000 0.000000 -2.900000
v -2.400000 0.300000 -2.900000
v -2.400000 0.300000 3.000000
vn -0.0000 1.0000 -0.0000
vn 0.3827 0.9239 -0.0000
vn -0.3827 0.9239 -0.0000
vn -0.3002 0.9054 0.3002
vn -0.0000 0.9239 0.3827
vn 0.3002 0.9054 0.3002
vn -0.1101 0.9878 0.1101
vn 0.1101 0.9878 0.1101
vn -0.7071 -0.0000 -0.7071
vn -0.6809 -0.2695 -0.6809
vn -0.0000 -0.0000 -1.0000
vn -1.0000 -0.0000 -0.0000
vn -0.9732 -0.2298 -0.0000
vn -0.0000 -0.2298 -0.9732
vn -0.6619 -0.3517 -0.6619
vn -0.0000 -0.2297 -0.9733
vn -0.0000 -1.0000 -0.0000
vn -0.0000 -0.7071 -0.7071
vn -0.9239 -0.3827 -0.0000
vn -0.5491 -0.2275 -0.8042
vn -0.1952 -0.9808 0.0002
vn -0.5554 -0.8316 0.0002
vn -0.1281 -0.6446 -0.7537
vn -0.3652 -0.5464 -0.7537
vn 0.7071 -0.0000 -0.7071
vn 0.6809 -0.2695 -0.6809
vn 1.0000 -0.0000 -0.0000
vn 0.9732 -0.2298 -0.0000
vn 0.6619 -0.3517 -0.6619
vn 0.9239 -0.3827 -0.0000
vn 0.5491 -0.2275 -0.8042
vn 0.1952 -0.9808 0.0002
vn 0.5554 -0.8316 0.0002
vn 0.1281 -0.6446 -0.7537
vn 0.3652 -0.5464 -0.7537
vn -0.7071 -0.0000 0.7071
vn -0.6801 -0.2611 0.6850
vn -0.0000 -0.0000 1.0000
vn -0.9774 -0.2116 -0.0000
vn -0.0000 -0.2298 0.9732
vn -0.6724 -0.3375 0.6587
vn -0.0000 -0.2297 0.9733
vn -0.0000 -0.7071 0.7071
vn -0.9493 -0.3143 0.0001
vn -0.5879 -0.1946 0.7851
vn -0.1953 -0.9808 -0.0003
vn -0.6146 -0.7889 -0.0002
vn -0.1281 -0.6446 0.7537
vn -0.3908 -0.5011 0.7721
vn 0.7071 -0.0000 0.7071
vn 0.6801 -0.2611 0.6850
vn 0.9774 -0.2116 -0.0000
vn 0.6724 -0.3375 0.6587
vn -0.0000 -0.2297 0.9732
vn 0.9493 -0.3143 0.0001
vn 0.5879 -0.1946 0.7851
vn 0.1953 -0.9808 -0.0003
vn 0.6146 -0.7889 -0.0002
vn 0.1281 -0.6446 0.7537
vn 0.3908 -0.5011 0.7721
vn -0.7173 -0.2971 0.6303
vn -0.1951 -0.9808 -0.0000
vn -0.5556 -0.8315 -0.0000
vn -0.4146 -0.6204 0.6657
vn -0.1456 -0.7319 0.6657
vn -0.7321 0.1728 0.6589
vn -0.9732 0.2298 -0.0000
vn 0.7173 -0.2971 0.6303
vn 0.1951 -0.9808 -0.0000
vn 0.5556 -0.8315 -0.0000
vn 0.4146 -0.6204 0.6657
vn 0.1456 -0.7319 0.6657
vn 0.7321 0.1728 0.6589
vn 0.9732 0.2298 -0.0000
vt 0.033407 0.623694
vt 0.033407 0.706961
vt 0.000100 0.706961
vt 0.000100 0.623694
vt 0.208266 0.791733
vt 0.208267 0.999900
vt 0.125000 0.999900
vt 0.125000 0.791733
vt 0.033407 0.516740
vt 0.000100 0.516740
vt 0.000100 0.500100
vt 0.033407 0.500100
vt 0.041733 0.516740
vt 0.041733 0.500100
vt 0.216593 0.520900
vt 0.216593 0.624900
vt 0.208267 0.624900
vt 0.208266 0.520900
vt 0.249900 0.520900
vt 0.249900 0.624900
vt 0.249900 0.516740
vt 0.216593 0.516740
vt 0.208266 0.516740
vt 0.041733 0.624900
vt 0.033407 0.624900
vt 0.033407 0.520900
vt 0.041733 0.520900
vt 0.000100 0.624900
vt 0.000100 0.520900
vt 0.033407 0.540427
vt 0.041733 0.540427
vt 0.041733 0.623694
vt 0.041733 0.999900
vt 0.041733 0.791733
vt 0.000100 0.540427
vt 0.216593 0.500100
vt 0.208266 0.500100
vt 0.249900 0.500100
vt 0.041733 0.706961
vt 0.084272 0.673426
vt 0.084272 0.685581
vt 0.120737 0.685581
vt 0.114659 0.673426
vt 0.090400 0.673325
vt 0.102656 0.685581
vt 0.102656 0.673325
vt 0.043628 0.500039
vt 0.043628 0.749961
vt 0.022500 0.749961
vt 0.022500 0.500039
vt 0.070838 0.500039
vt 0.070838 0.749961
vt 0.011837 0.741571
vt 0.028200 0.741571
vt 0.028200 0.745543
vt 0.011837 0.745543
vt 0.084272 0.701427
vt 0.084272 0.701296
vt 0.120737 0.701296
vt 0.086805 0.741571
vt 0.124840 0.741571
vt 0.124840 0.745543
vt 0.086805 0.745543
vt 0.048546 0.721513
vt 0.048546 0.741571
vt 0.028200 0.721513
vt 0.048546 0.745543
vt 0.086805 0.721513
vt 0.124840 0.721513
vt 0.237844 0.741571
vt 0.237844 0.745543
vt 0.221480 0.745543
vt 0.221480 0.741571
vt 0.162875 0.741571
vt 0.162875 0.745543
vt 0.201134 0.721513
vt 0.221480 0.721513
vt 0.201134 0.741571
vt 0.201134 0.745543
vt 0.162875 0.721513
vt 0.250100 0.837352
vt 0.499900 0.837352
vt 0.499900 0.968650
vt 0.250100 0.968650
vt 0.500000 0.750000
vt 0.500000 0.500000
vt 0.467678 0.500000
vt 0.467678 0.750000
vt 0.425000 0.500000
vt 0.425000 0.750000
vt 0.375000 0.500000
vt 0.375000 0.750000
vt 0.250100 0.764285
vt 0.499900 0.764285
vt 0.499900 0.790687
vt 0.250100 0.790687
vt 0.499900 0.796038
vt 0.250100 0.796038
vt 0.250000 0.750000
vt 0.282322 0.750000
vt 0.282322 0.500000
vt 0.250000 0.500000
vt 0.325000 0.500000
vt 0.325000 0.750000
vt 0.467678 0.985269
vt 0.425000 1.000000
vt 0.375000 1.000000
vt 0.325000 1.000000
vt 0.282322 0.985269
vt 0.250000 0.958333
vt 0.250000 0.770833
vt 0.255000 0.762500
vt 0.255000 0.750000
vt 0.495000 0.750000
vt 0.495000 0.762500
vt 0.500000 0.770833
vt 0.500000 0.958333
s 1
usemtl M_DungeonEnviro
f 2317/1703/1023 2316/1704/1023 2302/1705/1019 2297/1706/1019
f 2311/1707/1024 2300/1708/1020 2298/1709/1019 2310/1710/1023
f 2319/1711/1025 2314/1712/1019 2294/1713/1019 2304/1714/1019
f 2316/1715/1023 2319/1711/1025 2304/1714/1019 2302/1716/1019
f 2313/1717/1020 2305/1718/1020 2300/1719/1020 2311/1720/1024
f 2308/1721/1019 2295/1722/1019 2305/1718/1020 2313/1717/1020
f 2315/1723/1019 2308/1721/1019 2313/1717/1020 2320/1724/1026
f 2320/1724/1026 2311/1720/1024 2318/1725/1023
f 2301/1726/1021 2303/1727/1021 2312/1728/1021 2309/1729/1022
f 2303/1727/1021 2293/1730/1019 2307/1731/1019 2312/1728/1021
f 2318/1732/1023 2311/1733/1024 2310/1734/1023 2317/1703/1023
f 2298/1709/1019 2301/1735/1021 2309/1736/1022 2310/1710/1023
f 2299/1737/1019 2318/1732/1023 2317/1703/1023 2297/1706/1019
f 2306/1738/1019 2320/1724/1026 2318/1725/1023 2299/1739/1019
f 2296/1740/1019 2315/1723/1019 2320/1724/1026 2306/1738/1019
f 2309/1729/1022 2319/1711/1025 2316/1715/1023
f 2312/1728/1021 2307/1731/1019 2314/1712/1019 2319/1711/1025
f 2310/1734/1023 2309/1741/1022 2316/1704/1023 2317/1703/1023
f 2319/1711/1025 2309/1729/1022 2312/1728/1021
f 2311/1720/1024 2320/1724/1026 2313/1717/1020
f 2328/1742/1031 2325/1743/1031 2322/1744/1028 2327/1745/1033
f 2327/1746/1033 2322/1743/1028 2330/1747/1034 2326/1748/1032
f 2321/1749/1027 2327/1750/1033 2326/1751/1032 2323/1752/1029
f 2324/1753/1030 2328/1754/1031 2327/1750/1033 2321/1749/1027
f 2330/1755/1034 2335/1756/1038 2336/1757/1029 2329/1758/1029
f 2330/1747/1034 2322/1743/1028 2335/1759/1038
f 2322/1744/1028 2325/1743/1031 2334/1760/1037 2335/1761/1038
f 2339/1762/1041 2332/1763/1036 2333/1764/1029 2342/1765/1029
f 2338/1766/1040 2340/1767/1042 2335/1756/1038 2334/1768/1037
f 2335/1756/1038 2340/1767/1042 2341/1769/1029 2336/1757/1029
f 2337/1770/1039 2339/1762/1041 2340/1767/1042 2338/1766/1040
f 2339/1762/1041 2342/1765/1029 2341/1769/1029 2340/1767/1042
f 2339/1762/1041 2337/1770/1039 2331/1771/1035 2332/1763/1036
f 2350/1742/1046 2349/1745/1047 2344/1744/1044 2347/1743/1046
f 2349/1746/1047 2348/1748/1032 2352/1747/1034 2344/1743/1044
f 2343/1749/1043 2345/1752/1029 2348/1751/1032 2349/1750/1047
f 2346/1753/1045 2343/1749/1043 2349/1750/1047 2350/1754/1046
f 2352/1772/1034 2351/1773/1029 2355/1774/1029 2354/1775/1049
f 2352/1747/1034 2354/1759/1049 2344/1743/1044
f 2344/1744/1044 2354/1761/1049 2353/1760/1048 2347/1743/1046
f 2358/1776/1052 2361/1777/1029 2333/1764/1029 2332/1763/1036
f 2357/1778/1051 2353/1779/1048 2354/1775/1049 2359/1780/1053
f 2354/1775/1049 2355/1774/1029 2360/1781/1029 2359/1780/1053
f 2356/1782/1050 2357/1778/1051 2359/1780/1053 2358/1776/1052
f 2358/1776/1052 2359/1780/1053 2360/1781/1029 2361/1777/1029
f 2358/1776/1052 2332/1763/1036 2331/1771/1035 2356/1782/1050
f 2369/1742/1057 2368/1745/1059 2363/1744/1055 2366/1743/1057
f 2368/1746/1059 2367/1748/1058 2371/1747/1060 2363/1743/1055
f 2362/1749/1054 2364/1752/1056 2367/1751/1058 2368/1750/1059
f 2365/1753/1030 2362/1749/1054 2368/1750/1059 2369/1754/1057
f 2371/1755/1060 2370/1758/1056 2377/1757/1056 2376/1756/1063
f 2371/1747/1060 2376/1759/1063 2363/1743/1055
f 2363/1744/1055 2376/1761/1063 2375/1760/1062 2366/1743/1057
f 2380/1762/1066 2383/1765/1056 2374/1764/1056 2373/1763/1061
f 2379/1766/1065 2375/1768/1062 2376/1756/1063 2381/1767/1067
f 2376/1756/1063 2377/1757/1056 2382/1769/1056 2381/1767/1067
f 2378/1770/1064 2379/1766/1065 2381/1767/1067 2380/1762/1066
f 2380/1762/1066 2381/1767/1067 2382/1769/1056 2383/1765/1056
f 2380/1762/1066 2373/1763/1061 2372/1771/1035 2378/1770/1064
f 2391/1742/1070 2388/1743/1070 2385/1744/1069 2390/1745/1071
f 2390/1746/1071 2385/1743/1069 2393/1747/1072 2389/1748/1058
f 2384/1749/1068 2390/1750/1071 2389/1751/1058 2386/1752/1056
f 2387/1753/1045 2391/1754/1070 2390/1750/1071 2384/1749/1068
f 2393/1772/1072 2395/1775/1074 2396/1774/1056 2392/1773/1056
f 2393/1747/1072 2385/1743/1069 2395/1759/1074
f 2385/1744/1069 2388/1743/1070 2394/1760/1073 2395/1761/1074
f 2399/1776/1077 2373/1763/1061 2374/1764/1056 2402/1777/1056
f 2398/1778/1076 2400/1780/1078 2395/1775/1074 2394/1779/1073
f 2395/1775/1074 2400/1780/1078 2401/1781/1056 2396/1774/1056
f 2397/1782/1075 2399/1776/1077 2400/1780/1078 2398/1778/1076
f 2399/1776/1077 2402/1777/1056 2401/1781/1056 2400/1780/1078
f 2399/1776/1077 2397/1782/1075 2372/1771/1035 2373/1763/1061
f 2411/1783/1084 2412/1784/1085 2404/1785/1037 2403/1786/1079
f 2403/1787/1079 2404/1788/1037 2408/1789/1081 2409/1790/1082
f 2407/1791/1080 2410/1792/1083 2409/1790/1082 2408/1789/1081
f 2410/1792/1083 2407/1791/1080 2405/1793/1035 2406/1794/1061
f 2414/1795/1054 2413/1796/1030 2416/1797/1085 2415/1798/1084
f 2412/1799/1085 2411/1800/1084 2415/1798/1084 2416/1797/1085
f 2423/1783/1091 2417/1786/1086 2418/1785/1048 2424/1784/1092
f 2417/1801/1086 2421/1802/1089 2420/1803/1088 2418/1804/1048
f 2419/1805/1087 2420/1803/1088 2421/1802/1089 2422/1806/1090
f 2422/1806/1090 2406/1794/1061 2405/1793/1035 2419/1805/1087
f 2426/1795/1068 2427/1798/1091 2428/1797/1092 2425/1796/1045
f 2424/1799/1092 2428/1797/1092 2427/1798/1091 2423/1800/1091
f 2409/1807/1082 2410/1808/1083 2406/1809/1061 2422/1810/1090 2421/1811/1089 2417/1812/1086 2423/1813/1091 2427/1814/1091 2426/1815/1068 2414/1816/1054 2415/1817/1084 2411/1818/1084 2403/1819/1079
o S_Hall_Junction_X
v 3.000000 0.200000 -3.000000
v 3.000000 0.200000 3.000000
v -3.000000 0.200000 3.000000
v -3.000000 0.000000 0.000000
v 3.000000 0.000000 -0.000000
v -3.000000 0.000000 2.000000
v 3.000000 0.000000 2.000000
v 3.000000 0.000000 -2.000000
v -3.000000 0.000000 -2.000000
v 3.000000 0.200000 -2.200000
v -3.000000 0.200000 -2.200000
v 3.000000 0.200000 2.200000
v -3.000000 0.200000 2.200000
v 0.000000 0.000000 0.000000
v 2.000000 0.000000 2.000000
v 2.200001 0.200000 2.200000
v 2.200000 0.200000 -2.200000
v -2.000000 0.000000 -2.000000
v 2.000000 0.000000 -2.000000
v -2.200000 0.200000 -2.200000
v -3.000001 0.200000 -2.999999
v 0.000001 0.000000 3.000000
v -0.000001 0.000000 -3.000000
v 2.000001 0.000000 3.000000
v 1.999999 0.000000 -3.000000
v -2.000001 0.000000 -3.000000
v -1.999999 0.000000 3.000000
v -2.200001 0.200000 -2.999999
v -2.199999 0.200000 3.000001
v 2.199999 0.200000 -3.000001
v 2.200001 0.200000 2.999999
v -1.999999 0.000000 2.000000
v -2.199999 0.200000 2.200001
v 2.300000 0.000000 2.500000
v 2.200000 4.900000 2.400000
v 2.300000 0.000000 3.000000
v 2.200000 4.900000 3.000000
v 2.500000 4.700000 2.500000
v 2.300000 4.700000 2.500000
v 2.300000 4.700000 3.000000
v -0.000000 5.900001 3.000000
v -0.000000 5.900001 2.400000
v -0.000000 6.000000 2.400000
v 2.200000 5.158579 3.000000
v 2.200000 5.158579 2.400000
v 2.200000 5.300000 2.400000
v 0.940338 5.900000 3.000000
v 1.825030 5.533548 3.000000
v 0.939608 5.900000 2.400000
v 1.825546 5.533032 2.400000
v 1.867572 5.632428 2.400000
v 0.980175 6.000000 2.400000
v -2.300001 0.000000 2.500000
v -2.200001 4.900001 2.400000
v -2.500001 0.000000 2.500000
v -2.300001 0.000000 3.000000
v -2.200001 4.900001 3.000000
v -2.500001 4.700000 2.500000
v -2.300001 4.700000 2.500000
v -2.300001 4.700000 3.000000
v -2.200000 5.158579 3.000000
v -2.200000 5.158579 2.400000
v -2.200000 5.300001 2.400000
v -0.940338 5.900001 3.000000
v -1.825031 5.533549 3.000000
v -0.939609 5.900001 2.400000
v -1.825547 5.533033 2.400000
v -1.867573 5.632428 2.400000
v -0.980175 6.000001 2.400000
v 2.300000 0.000000 -2.500001
v 2.200000 4.900001 -2.400001
v 2.500000 0.000000 -2.500001
v 2.300000 0.000000 -3.000001
v 2.200000 4.900001 -3.000001
v 2.300000 4.700000 -2.500001
v 2.300000 4.700000 -3.000001
v -0.000001 5.900001 -3.000001
v -0.000001 5.900001 -2.400001
v -0.000001 6.000001 -2.400001
v 2.199999 5.158579 -3.000001
v 2.199999 5.158579 -2.400001
v 2.199999 5.300001 -2.400001
v 0.940337 5.900001 -3.000001
v 1.825030 5.533549 -3.000001
v 0.939608 5.900001 -2.400001
v 1.825546 5.533033 -2.400001
v 1.867572 5.632428 -2.400001
v 0.980174 6.000001 -2.400001
v -2.300002 0.000000 -2.500000
v -2.200002 4.900001 -2.400001
v -2.500002 0.000000 -2.500000
v -2.300002 0.000000 -3.000000
v -2.200002 4.900001 -3.000000
v -2.300002 4.700001 -2.500000
v -2.300002 4.700001 -3.000000
v -2.400001 4.900001 -2.400001
v -2.200001 5.158580 -3.000000
v -2.200001 5.158580 -2.400001
v -2.200001 5.300001 -2.400001
v -0.940339 5.900001 -3.000000
v -1.825032 5.533549 -3.000000
v -0.939610 5.900001 -2.400001
v -1.825548 5.533033 -2.400001
v -1.867574 5.632429 -2.400001
v -0.980176 6.000002 -2.400001
v 2.500000 0.000000 -2.300000
v 2.400000 4.900000 -2.200000
v 3.000000 0.000000 -2.300000
v 3.000000 4.900000 -2.200000
v 2.500000 4.700000 -2.500000
v 2.500000 4.700000 -2.300000
v 3.000000 4.700000 -2.300000
v 2.400000 5.158579 -2.400001
v 2.400000 4.900000 -2.400001
v 3.000000 5.900001 0.000000
v 2.400000 5.900001 0.000000
v 2.400000 6.000000 0.000000
v 3.000000 5.158579 -2.200000
v 2.400000 5.158579 -2.200000
v 2.400000 5.300000 -2.200000
v 3.000000 5.900000 -0.940338
v 3.000000 5.533548 -1.825030
v 2.400000 5.900000 -0.939608
v 2.400000 5.533032 -1.825546
v 2.400000 5.632428 -1.867572
v 2.400000 6.000000 -0.980175
v 2.500000 0.000000 2.300001
v 2.400000 4.900001 2.200001
v 2.500000 0.000000 2.500001
v 3.000000 0.000000 2.300001
v 3.000000 4.900001 2.200001
v 2.500000 4.700000 2.300001
v 3.000000 4.700000 2.300001
v 2.400000 5.158579 2.400000
v 2.400000 4.900001 2.400000
v 3.000000 5.158579 2.200000
v 2.400000 5.158579 2.200000
v 2.400000 5.300001 2.200000
v 3.000000 5.900001 0.940338
v 3.000000 5.533549 1.825031
v 2.400000 5.900001 0.939609
v 2.400000 5.533033 1.825547
v 2.400000 5.632428 1.867573
v 2.400000 6.000001 0.980175
v -2.500001 0.000000 -2.300000
v -2.400001 4.900001 -2.200000
v -3.000001 0.000000 -2.299999
v -3.000001 4.900001 -2.199999
v -2.500001 4.700000 -2.500000
v -2.500001 4.700000 -2.300000
v -3.000001 4.700000 -2.299999
v -2.400001 5.158580 -2.400001
v -3.000001 5.900001 0.000001
v -2.400001 5.900001 0.000001
v -2.400001 6.000001 0.000001
v -3.000001 5.158579 -2.199999
v -2.400001 5.158579 -2.199999
v -2.400001 5.300001 -2.199999
v -3.000001 5.900001 -0.940337
v -3.000001 5.533549 -1.825030
v -2.400001 5.900001 -0.939608
v -2.400001 5.533033 -1.825546
v -2.400001 5.632428 -1.867571
v -2.400001 6.000001 -0.980174
v -2.500000 0.000000 2.300002
v -2.400001 4.900001 2.200002
v -3.000000 0.000000 2.300002
v -3.000000 4.900001 2.200002
v -2.500000 4.700001 2.300002
v -3.000000 4.700001 2.300002
v -2.400001 5.158579 2.400000
v -2.400001 4.900001 2.400000
v -3.000000 5.158580 2.200001
v -2.400001 5.158580 2.200001
v -2.400001 5.300001 2.200001
v -3.000000 5.900001 0.940339
v -3.000000 5.533549 1.825032
v -2.400001 5.900001 0.939610
v -2.400001 5.533033 1.825548
v -2.400001 5.632429 1.867574
v -2.400001 6.000002 0.980176
v 2.500000 5.000000 -3.000000
v 2.500000 5.000000 3.000000
v 0.000000 6.000000 3.000000
v 0.000000 6.000000 -3.000000
v 1.000000 6.000000 3.000000
v 1.853553 5.646447 3.000000
v 1.853553 5.646447 -3.000000
v 1.000000 6.000000 -3.000000
v 2.500000 0.500000 -3.000000
v 2.500000 0.500000 3.000000
v 2.400000 0.000000 3.000000
v 2.400000 0.000000 -3.000000
v 2.400000 0.300000 -3.000000
v 2.400000 0.300000 3.000000
v -2.500000 5.000000 -3.000000
v -2.500000 5.000000 3.000000
v -1.000000 6.000000 3.000000
v -1.853553 5.646447 3.000000
v -1.853553 5.646447 -3.000000
v -1.000000 6.000000 -3.000000
v -2.500000 0.500000 -3.000000
v -2.500000 0.500000 3.000000
v -2.400000 0.000000 3.000000
v -2.400000 0.000000 -3.000000
v -2.400000 0.300000 -3.000000
v -2.400000 0.300000 3.000000
v 0.000000 6.000000 -1.000000
v 1.000000 6.000000 -1.000000
v 0.000000 6.000000 -1.853553
v 1.000000 6.000000 -1.853553
v -1.000000 6.000000 -1.853553
v -1.853553 5.646447 -1.853553
v 2.500000 5.000000 -2.500000
v 0.000000 6.000000 -2.500000
v 1.000000 6.000000 -2.500000
v 2.400000 0.000000 -2.500000
v 2.400000 0.300000 -2.500000
v -1.000000 6.000000 -2.500000
v -2.500000 0.500000 -2.500000
v -2.400000 0.000000 -2.500000
v -2.400000 0.300000 -2.500000
v 1.853553 5.646447 -2.500000
v -1.853553 5.646447 -2.500000
v 0.000000 6.000000 1.000000
v 1.000000 6.000000 1.000000
v 1.853553 5.646447 1.853553
v 0.000000 6.000000 1.853553
v 1.000000 6.000000 1.853553
v -1.000000 6.000000 1.853553
v 1.853553 5.646447 2.500000
v -1.853553 5.646447 2.500000
v 2.500000 5.000000 2.500000
v 0.000000 6.000000 2.500000
v 1.000000 6.000000 2.500000
v 2.500000 0.500000 2.500000
v 2.400000 0.000000 2.500000
v 2.400000 0.300000 2.500000
v -2.500000 5.000000 2.500000
v -1.000000 6.000000 2.500000
v -2.400000 0.000000 2.500000
v -2.400000 0.300000 2.500000
v -3.000000 5.000000 -2.500000
v 3.000000 5.000000 -2.500000
v 3.000000 6.000000 -0.000000
v -3.000000 6.000000 0.000000
v 3.000000 6.000000 -1.000000
v 3.000000 5.646447 -1.853553
v -3.000000 5.646447 -1.853553
v -3.000000 6.000000 -1.000000
v -3.000000 0.500000 -2.500000
v 3.000000 0.500000 -2.500000
v 3.000000 0.000000 -2.400000
v -3.000000 0.000000 -2.400000
v -3.000000 0.300000 -2.400000
v 3.000000 0.300000 -2.400000
v -3.000000 5.000000 2.500000
v 3.000000 5.000000 2.500000
v 3.000000 6.000000 1.000000
v 3.000000 5.646447 1.853553
v -3.000000 5.646447 1.853553
v -3.000000 6.000000 1.000000
v -3.000000 0.500000 2.500000
v 3.000000 0.500000 2.500000
v 3.000000 0.000000 2.400000
v -3.000000 0.000000 2.400000
v -3.000000 0.300000 2.400000
v 3.000000 0.300000 2.400000
v 2.500000 6.000000 -0.000000
v 2.500000 6.000000 -1.000000
v 2.500000 5.646447 -1.853553
v 2.500000 0.500000 -2.500000
v 2.500000 0.000000 -2.400000
v 2.500000 0.300000 -2.400000
v 2.500000 6.000000 1.000000
v 2.500000 5.646447 1.853553
v 2.500000 0.000000 2.400000
v 2.500000 0.300000 2.400000
v 1.853553 6.000000 -0.000000
v 1.853553 6.000000 -1.000000
v 1.853553 6.000000 1.000000
v 1.853553 5.646447 -1.853553
v 1.000000 6.000000 -0.000000
v -0.000000 6.000000 0.000000
v -1.000000 6.000000 0.000000
v -1.000000 6.000000 -1.000000
v -1.000000 6.000000 1.000000
v -1.853553 6.000000 0.000000
v -1.853553 6.000000 -1.000000
v -1.853553 6.000000 1.000000
v -1.853553 5.646447 1.853553
v -2.500000 5.000000 -2.500000
v -2.500000 6.000000 0.000000
v -2.500000 6.000000 -1.000000
v -2.500000 0.000000 -2.400000
v -2.500000 0.300000 -2.400000
v -2.500000 6.000000 1.000000
v -2.500000 0.500000 2.500000
v -2.500000 0.000000 2.400000
v -2.500000 0.300000 2.400000
v -2.500000 5.646447 -1.853553
v -2.500000 5.646447 1.853553
vn -0.0000 1.0000 -0.0000
vn -0.0000 0.9239 -0.3827
vn -0.0000 0.9239 0.3827
vn -0.1101 0.9878 -0.1101
vn -0.3002 0.9054 -0.3002
vn -0.3002 0.9054 0.3002
vn 0.1101 0.9878 0.1101
vn -0.1101 0.9878 0.1101
vn 0.3002 0.9054 0.3002
vn -0.3827 0.9239 -0.0000
vn 0.3827 0.9239 -0.0000
vn 0.1101 0.9878 -0.1101
vn 0.3002 0.9054 -0.3002
vn -0.7071 -0.0000 -0.7071
vn -0.6809 -0.2695 -0.6809
vn -1.0000 -0.0000 -0.0000
vn -0.9732 -0.2298 -0.0000
vn -0.6619 -0.3517 -0.6619
vn -0.0000 -1.0000 -0.0000
vn -0.0000 -0.7071 -0.7071
vn -0.0000 -0.0000 -1.0000
vn -0.9239 -0.3827 -0.0000
vn -0.5491 -0.2275 -0.8042
vn -0.1952 -0.9808 0.0002
vn -0.5554 -0.8316 0.0002
vn -0.1281 -0.6446 -0.7537
vn -0.3652 -0.5464 -0.7537
vn 0.7071 -0.0000 -0.7071
vn 0.6809 -0.2695 -0.6809
vn 1.0000 -0.0000 -0.0000
vn 0.9732 -0.2298 -0.0000
vn 0.6619 -0.3517 -0.6619
vn 0.9239 -0.3827 -0.0000
vn 0.5491 -0.2275 -0.8042
vn 0.1952 -0.9808 0.0002
vn 0.5554 -0.8316 0.0002
vn 0.1281 -0.6446 -0.7537
vn 0.3652 -0.5464 -0.7537
vn -0.7071 -0.0000 0.7071
vn -0.6809 -0.2695 0.6809
vn -0.6619 -0.3517 0.6619
vn -0.0000 -0.7071 0.7071
vn -0.0000 -0.0000 1.0000
vn -0.5491 -0.2275 0.8042
vn -0.1952 -0.9808 -0.0002
vn -0.5554 -0.8316 -0.0002
vn -0.1281 -0.6446 0.7537
vn -0.3652 -0.5464 0.7537
vn 0.7071 -0.0000 0.7071
vn 0.6809 -0.2695 0.6809
vn 0.6619 -0.3517 0.6619
vn 0.5491 -0.2275 0.8042
vn 0.1952 -0.9808 -0.0002
vn 0.5554 -0.8316 -0.0002
vn 0.1281 -0.6446 0.7537
vn 0.3652 -0.5464 0.7537
vn -0.0000 -0.2298 0.9732
vn -0.7071 -0.7071 -0.0000
vn -0.0000 -0.3827 0.9239
vn -0.8042 -0.2275 0.5491
vn 0.0002 -0.9808 0.1952
vn 0.0002 -0.8316 0.5554
vn -0.7537 -0.6446 0.1281
vn -0.7537 -0.5464 0.3652
vn -0.0000 -0.2298 -0.9732
vn -0.0000 -0.3827 -0.9239
vn -0.8042 -0.2275 -0.5491
vn 0.0002 -0.9808 -0.1952
vn 0.0002 -0.8316 -0.5554
vn -0.7537 -0.6446 -0.1281
vn -0.7537 -0.5464 -0.3652
vn 0.7071 -0.7071 -0.0000
vn 0.8042 -0.2275 0.5491
vn -0.0002 -0.9808 0.1952
vn -0.0002 -0.8316 0.5554
vn 0.7537 -0.6446 0.1281
vn 0.7537 -0.5464 0.3652
vn 0.8042 -0.2275 -0.5491
vn -0.0002 -0.9808 -0.1952
vn -0.0002 -0.8316 -0.5554
vn 0.7537 -0.6446 -0.1281
vn 0.7537 -0.5464 -0.3652
vn -0.1951 -0.9808 -0.0000
vn -0.5556 -0.8315 -0.0000
vn -0.9732 0.2298 -0.0000
vn 0.1951 -0.9808 -0.0000
vn 0.5556 -0.8315 -0.0000
vn 0.9732 0.2298 -0.0000
vn -0.0505 -0.9974 0.0505
vn 0.2582 -0.9309 0.2582
vn -0.5789 -0.5743 0.5789
vn 0.6707 0.3167 0.6707
vn -0.0505 -0.9974 -0.0505
vn -0.2582 -0.9309 -0.2582
vn -0.5789 -0.5743 -0.5789
vn -0.6707 0.3167 -0.6707
vn 0.5789 -0.5743 -0.5789
vn -0.0000 -0.9808 0.1951
vn -0.0000 -0.8315 0.5556
vn -0.0000 0.2298 0.9732
vn -0.0000 -0.9808 -0.1951
vn -0.0000 -0.8315 -0.5556
vn -0.0000 0.2298 -0.9732
vn -0.6707 0.3167 0.6707
vn -0.2582 -0.9309 0.2582
vn 0.0505 -0.9974 0.0505
vn 0.0505 -0.9974 -0.0505
vn 0.2582 -0.9309 -0.2582
vn 0.5789 -0.5743 0.5789
vn 0.6707 0.3167 -0.6707
vt 0.249900 0.500100
vt 0.216593 0.516740
vt 0.216593 0.500100
vt 0.208266 0.520900
vt 0.208266 0.500100
vt 0.041733 0.624900
vt 0.033407 0.624900
vt 0.033407 0.608260
vt 0.041733 0.604100
vt 0.000100 0.624900
vt 0.208266 0.750100
vt 0.208266 0.791733
vt 0.125000 0.875000
vt 0.125000 0.750100
vt 0.125000 0.999900
vt 0.041733 0.999900
vt 0.041733 0.958267
vt 0.208267 0.958267
vt 0.208267 0.999900
vt 0.216593 0.608260
vt 0.249900 0.624900
vt 0.216593 0.624900
vt 0.208267 0.604100
vt 0.208267 0.624900
vt 0.041733 0.791733
vt 0.041733 0.750100
vt 0.033407 0.516740
vt 0.000100 0.500100
vt 0.033407 0.500100
vt 0.041733 0.520900
vt 0.041733 0.500100
vt 0.084272 0.673426
vt 0.084272 0.685581
vt 0.120737 0.685581
vt 0.114659 0.673426
vt 0.090400 0.673325
vt 0.096528 0.685581
vt 0.102656 0.673325
vt 0.043628 0.500039
vt 0.043628 0.749961
vt 0.022500 0.749961
vt 0.022500 0.500039
vt 0.070838 0.500039
vt 0.070838 0.749961
vt 0.017291 0.738392
vt 0.028200 0.741571
vt 0.028200 0.745543
vt 0.011837 0.745543
vt 0.084272 0.701427
vt 0.084272 0.701296
vt 0.120737 0.701296
vt 0.086805 0.741571
vt 0.124840 0.741571
vt 0.124840 0.745543
vt 0.086805 0.745543
vt 0.048546 0.721513
vt 0.048546 0.741571
vt 0.028200 0.721513
vt 0.048546 0.745543
vt 0.086805 0.721513
vt 0.124840 0.721513
vt 0.096528 0.685581
vt 0.232389 0.738392
vt 0.237844 0.745543
vt 0.221480 0.745543
vt 0.221480 0.741571
vt 0.162875 0.741571
vt 0.162875 0.745543
vt 0.201134 0.721513
vt 0.221480 0.721513
vt 0.201134 0.741571
vt 0.201134 0.745543
vt 0.162875 0.721513
vt 0.096528 0.685581
vt 0.017291 0.738392
vt 0.096528 0.685581
vt 0.096528 0.685581
vt 0.017291 0.738392
vt 0.232389 0.738392
vt 0.096528 0.685581
vt 0.017291 0.738392
vt 0.096528 0.685581
vt 0.232389 0.738392
vt 0.479083 0.837352
vt 0.499900 0.837352
vt 0.499900 0.968650
vt 0.479083 0.968650
vt 0.500000 0.520833
vt 0.500000 0.500000
vt 0.467678 0.500000
vt 0.467678 0.520833
vt 0.425000 0.729167
vt 0.425000 0.750000
vt 0.467678 0.750000
vt 0.467678 0.729167
vt 0.425000 0.520833
vt 0.425000 0.500000
vt 0.375000 0.500000
vt 0.375000 0.520833
vt 0.479083 0.750100
vt 0.499900 0.750100
vt 0.499900 0.800091
vt 0.479083 0.800091
vt 0.270917 0.820126
vt 0.250100 0.820126
vt 0.250100 0.800091
vt 0.270917 0.800091
vt 0.250000 0.520833
vt 0.282322 0.520833
vt 0.282322 0.500000
vt 0.250000 0.500000
vt 0.325000 0.729167
vt 0.282322 0.729167
vt 0.282322 0.750000
vt 0.325000 0.750000
vt 0.325000 0.520833
vt 0.325000 0.500000
vt 0.325000 0.666667
vt 0.375000 0.666667
vt 0.375000 0.625000
vt 0.425000 0.666667
vt 0.425000 0.702231
vt 0.375000 0.702231
vt 0.325000 0.702231
vt 0.375000 0.729167
vt 0.250000 0.729167
vt 0.282322 0.702231
vt 0.500000 0.729167
vt 0.467678 0.702231
vt 0.250100 0.837352
vt 0.270917 0.837352
vt 0.270917 0.968650
vt 0.250100 0.968650
vt 0.500000 0.750000
vt 0.375000 0.750000
vt 0.250100 0.750100
vt 0.270917 0.750100
vt 0.250000 0.750000
vt 0.270917 0.750100
vt 0.425000 0.547769
vt 0.425000 0.583333
vt 0.467678 0.547769
vt 0.325000 0.547769
vt 0.282322 0.547769
vt 0.325000 0.583333
vt 0.375000 0.583333
vt 0.375000 0.547769
vt 0.499900 0.820126
vt 0.479083 0.820126
vt 0.479083 0.837352
vt 0.500000 0.520833
vt 0.467678 0.520833
vt 0.467678 0.729167
vt 0.425000 0.520833
vt 0.479083 0.750100
vt 0.270917 0.820126
vt 0.270917 0.800091
vt 0.479083 0.837352
vt 0.479083 0.968650
vt 0.282322 0.520833
vt 0.325000 0.729167
vt 0.282322 0.729167
vt 0.325000 0.520833
vt 0.270917 0.820126
vt 0.479083 0.820126
vt 0.325000 0.547768
vt 0.479083 0.820126
vt 0.425000 0.547768
vt 0.425000 0.583333
vt 0.325000 0.583333
vt 0.282322 0.547769
vt 0.467677 0.547768
vt 0.425000 0.666667
vt 0.325000 0.702231
vt 0.425000 0.702231
vt 0.500000 0.729167
vt 0.467678 0.702231
vt 0.375000 0.729167
vt 0.250000 0.729167
vt 0.282322 0.702231
vt 0.270917 0.968650
vt 0.270917 0.837352
s 1
usemtl M_DungeonEnviro
f 2431/1820/1093 2461/1821/1105 2441/1822/1094
f 2441/1822/1094 2461/1821/1105 2460/1823/1104 2434/1824/1094
f 2436/1825/1095 2438/1826/1095 2445/1827/1098 2447/1828/1100
f 2438/1826/1095 2429/1829/1093 2445/1827/1098
f 2434/1830/1094 2460/1831/1104 2442/1832/1093 2432/1833/1093
f 2433/1834/1093 2436/1835/1095 2447/1836/1100 2442/1832/1093
f 2442/1832/1093 2443/1837/1096 2435/1838/1094 2433/1834/1093
f 2444/1839/1097 2430/1840/1093 2440/1841/1094
f 2443/1842/1096 2444/1839/1097 2440/1841/1094 2435/1843/1094
f 2446/1844/1099 2437/1845/1095 2432/1833/1093 2442/1832/1093
f 2448/1846/1101 2449/1847/1093 2439/1848/1095
f 2446/1849/1099 2448/1846/1101 2439/1848/1095 2437/1850/1095
f 2430/1820/1093 2444/1821/1097 2459/1822/1102
f 2459/1822/1102 2444/1821/1097 2443/1823/1096 2452/1824/1102
f 2454/1825/1103 2456/1826/1103 2448/1827/1101 2446/1828/1099
f 2456/1826/1103 2449/1829/1093 2448/1827/1101
f 2452/1830/1102 2443/1831/1096 2442/1832/1093 2450/1833/1093
f 2451/1834/1093 2454/1835/1103 2446/1836/1099 2442/1832/1093
f 2442/1832/1093 2447/1837/1100 2453/1838/1102 2451/1834/1093
f 2445/1839/1098 2429/1840/1093 2458/1841/1102
f 2447/1842/1100 2445/1839/1098 2458/1841/1102 2453/1843/1102
f 2460/1844/1104 2455/1845/1103 2450/1833/1093 2442/1832/1093
f 2461/1846/1105 2431/1847/1093 2457/1848/1103
f 2460/1849/1104 2461/1846/1105 2457/1848/1103 2455/1850/1103
f 2468/1851/1109 2465/1852/1109 2463/1853/1107 2467/1854/1110
f 2467/1855/1110 2463/1852/1107 2563/1856/1110 2466/1857/1107
f 2462/1858/1106 2467/1859/1110 2466/1860/1107 2557/1861/1106
f 2464/1862/1108 2468/1863/1109 2467/1859/1110 2462/1858/1106
f 2563/1864/1110 2473/1865/1115 2474/1866/1113 2562/1867/1106
f 2563/1856/1110 2463/1852/1107 2473/1868/1115
f 2463/1853/1107 2465/1852/1109 2472/1869/1114 2473/1870/1115
f 2477/1871/1118 2470/1872/1112 2471/1873/1113 2480/1874/1113
f 2476/1875/1117 2478/1876/1119 2473/1865/1115 2472/1877/1114
f 2473/1865/1115 2478/1876/1119 2479/1878/1113 2474/1866/1113
f 2475/1879/1116 2477/1871/1118 2478/1876/1119 2476/1875/1117
f 2477/1871/1118 2480/1874/1113 2479/1878/1113 2478/1876/1119
f 2477/1871/1118 2475/1879/1116 2469/1880/1111 2470/1872/1112
f 2488/1851/1123 2487/1854/1124 2482/1853/1121 2485/1852/1123
f 2487/1855/1124 2486/1857/1121 2600/1881/1124 2482/1852/1121
f 2481/1858/1120 2483/1861/1120 2486/1860/1121 2487/1859/1124
f 2484/1862/1122 2481/1858/1120 2487/1859/1124 2488/1863/1123
f 2600/1882/1124 2599/1883/1120 2491/1884/1113 2490/1885/1126
f 2600/1881/1124 2490/1868/1126 2482/1852/1121
f 2482/1853/1121 2490/1870/1126 2489/1869/1125 2485/1852/1123
f 2494/1886/1129 2497/1887/1113 2471/1873/1113 2470/1872/1112
f 2493/1888/1128 2489/1889/1125 2490/1885/1126 2495/1890/1130
f 2490/1885/1126 2491/1884/1113 2496/1891/1113 2495/1890/1130
f 2492/1892/1127 2493/1888/1128 2495/1890/1130 2494/1886/1129
f 2494/1886/1129 2495/1890/1130 2496/1891/1113 2497/1887/1113
f 2494/1886/1129 2470/1872/1112 2469/1880/1111 2492/1892/1127
f 2504/1851/1109 2503/1854/1133 2499/1853/1132 2502/1852/1109
f 2503/1855/1133 2538/1857/1132 2542/1893/1133 2499/1852/1132
f 2498/1858/1131 2500/1861/1131 2538/1860/1132 2503/1859/1133
f 2501/1862/1108 2498/1858/1131 2503/1859/1133 2504/1863/1109
f 2542/1894/1133 2541/1867/1131 2510/1866/1135 2509/1865/1136
f 2542/1893/1133 2509/1868/1136 2499/1852/1132
f 2499/1853/1132 2509/1870/1136 2508/1869/1114 2502/1852/1109
f 2513/1871/1139 2516/1874/1135 2507/1873/1135 2506/1872/1134
f 2512/1875/1138 2508/1877/1114 2509/1865/1136 2514/1876/1140
f 2509/1865/1136 2510/1866/1135 2515/1878/1135 2514/1876/1140
f 2511/1879/1137 2512/1875/1138 2514/1876/1140 2513/1871/1139
f 2513/1871/1139 2514/1876/1140 2515/1878/1135 2516/1874/1135
f 2513/1871/1139 2506/1872/1134 2505/1880/1111 2511/1879/1137
f 2523/1851/1123 2521/1852/1123 2518/1853/1142 2522/1854/1143
f 2522/1855/1143 2518/1852/1142 2524/1895/1143 2577/1857/1142
f 2517/1858/1141 2522/1859/1143 2577/1860/1142 2519/1861/1141
f 2520/1862/1122 2523/1863/1123 2522/1859/1143 2517/1858/1141
f 2524/1882/1143 2526/1885/1144 2527/1884/1135 2580/1883/1141
f 2524/1895/1143 2518/1852/1142 2526/1868/1144
f 2518/1853/1142 2521/1852/1123 2525/1869/1125 2526/1870/1144
f 2530/1886/1147 2506/1872/1134 2507/1873/1135 2533/1887/1135
f 2529/1888/1146 2531/1890/1148 2526/1885/1144 2525/1889/1125
f 2526/1885/1144 2531/1890/1148 2532/1891/1135 2527/1884/1135
f 2528/1892/1145 2530/1886/1147 2531/1890/1148 2529/1888/1146
f 2530/1886/1147 2533/1887/1135 2532/1891/1135 2531/1890/1148
f 2530/1886/1147 2528/1892/1145 2505/1880/1111 2506/1872/1134
f 2540/1851/1149 2537/1852/1149 2535/1853/1132 2539/1854/1133
f 2539/1855/1133 2535/1852/1132 2542/1896/1133 2538/1857/1132
f 2534/1858/1131 2539/1859/1133 2538/1860/1132 2500/1861/1131
f 2536/1862/1135 2540/1863/1149 2539/1859/1133 2534/1858/1131
f 2542/1897/1133 2547/1865/1152 2548/1866/1108 2541/1867/1131
f 2542/1896/1133 2535/1852/1132 2547/1868/1152
f 2535/1853/1132 2537/1852/1149 2546/1869/1151 2547/1870/1152
f 2551/1871/1155 2544/1872/1150 2545/1873/1108 2554/1874/1108
f 2550/1875/1154 2552/1876/1156 2547/1865/1152 2546/1877/1151
f 2547/1865/1152 2552/1876/1156 2553/1878/1108 2548/1866/1108
f 2549/1879/1153 2551/1871/1155 2552/1876/1156 2550/1875/1154
f 2551/1871/1155 2554/1874/1108 2553/1878/1108 2552/1876/1156
f 2551/1871/1155 2549/1879/1153 2543/1880/1111 2544/1872/1150
f 2561/1851/1157 2560/1854/1110 2556/1853/1107 2559/1852/1157
f 2560/1855/1110 2466/1857/1107 2563/1895/1110 2556/1852/1107
f 2555/1858/1106 2557/1861/1106 2466/1860/1107 2560/1859/1110
f 2558/1862/1113 2555/1858/1106 2560/1859/1110 2561/1863/1157
f 2563/1898/1110 2562/1883/1106 2566/1884/1108 2565/1885/1159
f 2563/1895/1110 2565/1868/1159 2556/1852/1107
f 2556/1853/1107 2565/1870/1159 2564/1869/1158 2559/1852/1157
f 2569/1886/1162 2572/1887/1108 2545/1873/1108 2544/1872/1150
f 2568/1888/1161 2564/1889/1158 2565/1885/1159 2570/1890/1163
f 2565/1885/1159 2566/1884/1108 2571/1891/1108 2570/1890/1163
f 2567/1892/1160 2568/1888/1161 2570/1890/1163 2569/1886/1162
f 2569/1886/1162 2570/1890/1163 2571/1891/1108 2572/1887/1108
f 2569/1886/1162 2544/1872/1150 2543/1880/1111 2567/1892/1160
f 2579/1851/1149 2578/1854/1143 2574/1853/1142 2576/1852/1149
f 2578/1855/1143 2577/1857/1142 2524/1899/1143 2574/1852/1142
f 2573/1858/1141 2519/1861/1141 2577/1860/1142 2578/1859/1143
f 2575/1862/1135 2573/1858/1141 2578/1859/1143 2579/1863/1149
f 2524/1900/1143 2580/1867/1141 2586/1866/1122 2585/1865/1165
f 2524/1899/1143 2585/1868/1165 2574/1852/1142
f 2574/1853/1142 2585/1870/1165 2584/1869/1151 2576/1852/1149
f 2589/1871/1168 2592/1874/1122 2583/1873/1122 2582/1872/1164
f 2588/1875/1167 2584/1877/1151 2585/1865/1165 2590/1876/1169
f 2585/1865/1165 2586/1866/1122 2591/1878/1122 2590/1876/1169
f 2587/1879/1166 2588/1875/1167 2590/1876/1169 2589/1871/1168
f 2589/1871/1168 2590/1876/1169 2591/1878/1122 2592/1874/1122
f 2589/1871/1168 2582/1872/1164 2581/1880/1111 2587/1879/1166
f 2598/1851/1157 2596/1852/1157 2594/1853/1121 2597/1854/1124
f 2597/1855/1124 2594/1852/1121 2600/1901/1124 2486/1857/1121
f 2593/1858/1120 2597/1859/1124 2486/1860/1121 2483/1861/1120
f 2595/1862/1113 2598/1863/1157 2597/1859/1124 2593/1858/1120
f 2600/1902/1124 2602/1885/1170 2603/1884/1122 2599/1883/1120
f 2600/1901/1124 2594/1852/1121 2602/1868/1170
f 2594/1853/1121 2596/1852/1157 2601/1869/1158 2602/1870/1170
f 2606/1886/1173 2582/1872/1164 2583/1873/1122 2609/1887/1122
f 2605/1888/1172 2607/1890/1174 2602/1885/1170 2601/1889/1158
f 2602/1885/1170 2607/1890/1174 2608/1891/1122 2603/1884/1122
f 2604/1892/1171 2606/1886/1173 2607/1890/1174 2605/1888/1172
f 2606/1886/1173 2609/1887/1122 2608/1891/1122 2607/1890/1174
f 2606/1886/1173 2604/1892/1171 2581/1880/1111 2582/1872/1164
f 2664/1903/1188 2619/1904/1177 2611/1905/1114 2661/1906/1187
f 2661/1907/1187 2611/1908/1114 2615/1909/1176 2659/1910/1176
f 2644/1911/1175 2617/1912/1175 2616/1913/1176 2651/1914/1176
f 2663/1915/1175 2614/1916/1175 2612/1917/1111 2662/1918/1111
f 2665/1919/1108 2620/1920/1108 2623/1921/1177 2666/1922/1177
f 2700/1923/1196 2618/1924/1177 2622/1925/1177 2646/1926/1177
f 2726/1903/1202 2667/1906/1189 2625/1905/1125 2631/1904/1180
f 2667/1927/1189 2660/1928/1179 2627/1929/1179 2625/1930/1125
f 2647/1931/1178 2652/1932/1179 2628/1933/1179 2629/1934/1178
f 2668/1935/1178 2662/1918/1111 2612/1917/1111 2626/1936/1178
f 2669/1919/1122 2670/1922/1180 2635/1921/1180 2632/1920/1122
f 2648/1923/1184 2650/1926/1180 2634/1925/1180 2630/1924/1180
f 2714/1937/1198 2636/1938/1111 2712/1939/1111
f 2637/1940/1181 2712/1939/1111 2636/1938/1111
f 2639/1941/1175 2637/1940/1181 2636/1938/1111 2638/1942/1111
f 2640/1943/1178 2638/1942/1111 2636/1938/1111 2714/1937/1198
f 2647/1931/1178 2643/1944/1111 2638/1942/1111 2640/1943/1178
f 2720/1945/1201 2652/1932/1179 2641/1946/1182
f 2644/1911/1175 2639/1941/1175 2638/1942/1111 2643/1944/1111
f 2642/1947/1183 2710/1948/1197 2651/1914/1176
f 2714/1937/1198 2641/1946/1182 2640/1943/1178
f 2637/1940/1181 2639/1941/1175 2710/1948/1197
f 2618/1949/1177 2700/1950/1196 2642/1951/1183 2610/1952/1114
f 2610/1953/1114 2642/1947/1183 2651/1914/1176 2616/1913/1176
f 2617/1912/1175 2644/1911/1175 2643/1944/1111 2613/1954/1111
f 2621/1955/1108 2645/1956/1108 2646/1926/1177 2622/1925/1177
f 2630/1949/1180 2624/1952/1125 2720/1951/1201 2648/1950/1184
f 2624/1957/1125 2628/1933/1179 2652/1932/1179 2720/1945/1201
f 2629/1934/1178 2613/1954/1111 2643/1944/1111 2647/1931/1178
f 2633/1955/1122 2634/1925/1180 2650/1926/1180 2649/1958/1122
f 2640/1943/1178 2641/1946/1182 2652/1932/1179 2647/1931/1178
f 2639/1941/1175 2644/1911/1175 2651/1914/1176 2710/1948/1197
f 2657/1959/1175 2654/1960/1185 2655/1961/1186
f 2658/1962/1178 2719/1963/1200 2715/1964/1199
f 2668/1935/1178 2660/1928/1179 2719/1963/1200 2658/1962/1178
f 2663/1915/1175 2657/1959/1175 2655/1961/1186 2659/1910/1176
f 2715/1964/1199 2653/1965/1111 2656/1966/1111 2658/1962/1178
f 2654/1960/1185 2657/1959/1175 2656/1966/1111 2653/1965/1111
f 2614/1916/1175 2663/1915/1175 2659/1910/1176 2615/1909/1176
f 2619/1967/1177 2664/1968/1188 2666/1922/1177 2623/1921/1177
f 2626/1936/1178 2627/1929/1179 2660/1928/1179 2668/1935/1178
f 2631/1967/1180 2635/1921/1180 2670/1922/1180 2726/1968/1202
f 2658/1962/1178 2656/1966/1111 2662/1918/1111 2668/1935/1178
f 2657/1959/1175 2663/1915/1175 2662/1918/1111 2656/1966/1111
f 2712/1939/1111 2654/1960/1185 2653/1965/1111
f 2655/1961/1186 2661/1907/1187 2659/1910/1176
f 2667/1927/1189 2719/1963/1200 2660/1928/1179
f 2715/1964/1199 2712/1939/1111 2653/1965/1111
f 2700/1969/1196 2680/1904/1192 2672/1905/1151 2642/1906/1183
f 2642/1970/1183 2672/1908/1151 2676/1909/1191 2699/1971/1191
f 2722/1911/1190 2678/1912/1190 2677/1913/1191 2729/1972/1191
f 2698/1973/1190 2675/1916/1190 2673/1917/1111 2697/1918/1111
f 2701/1974/1135 2681/1920/1135 2684/1921/1192 2702/1922/1192
f 2648/1975/1184 2679/1924/1192 2683/1925/1192 2724/1976/1192
f 2664/1977/1188 2661/1978/1187 2686/1905/1158 2692/1904/1195
f 2661/1927/1187 2704/1979/1194 2688/1929/1194 2686/1930/1158
f 2725/1980/1193 2730/1981/1194 2689/1933/1194 2690/1934/1193
f 2703/1982/1193 2697/1918/1111 2673/1917/1111 2687/1936/1193
f 2705/1974/1113 2706/1922/1195 2696/1921/1195 2693/1920/1113
f 2726/1983/1202 2728/1976/1195 2695/1925/1195 2691/1924/1195
f 2692/1967/1195 2696/1921/1195 2706/1922/1195 2664/1984/1188
f 2709/1985/1193 2707/1966/1111 2697/1918/1111 2703/1982/1193
f 2687/1936/1193 2688/1929/1194 2704/1979/1194 2703/1982/1193
f 2680/1967/1192 2700/1986/1196 2702/1922/1192 2684/1921/1192
f 2708/1987/1190 2698/1973/1190 2697/1918/1111 2707/1966/1111
f 2675/1916/1190 2698/1973/1190 2699/1971/1191 2676/1909/1191
f 2637/1988/1181 2708/1987/1190 2707/1966/1111 2711/1965/1111
f 2654/1989/1185 2711/1965/1111 2707/1966/1111 2709/1985/1193
f 2703/1982/1193 2704/1979/1194 2655/1990/1186 2709/1985/1193
f 2698/1973/1190 2708/1987/1190 2710/1991/1197 2699/1971/1191
f 2709/1985/1193 2655/1990/1186 2654/1989/1185
f 2708/1987/1190 2637/1988/1181 2710/1991/1197
f 2714/1992/1198 2712/1939/1111 2713/1938/1111
f 2715/1937/1199 2713/1938/1111 2712/1939/1111
f 2718/1993/1193 2716/1942/1111 2713/1938/1111 2715/1937/1199
f 2717/1994/1190 2714/1992/1198 2713/1938/1111 2716/1942/1111
f 2720/1995/1201 2641/1996/1182 2729/1972/1191
f 2722/1911/1190 2717/1994/1190 2716/1942/1111 2721/1997/1111
f 2667/1998/1189 2730/1981/1194 2719/1999/1200
f 2725/1980/1193 2721/1997/1111 2716/1942/1111 2718/1993/1193
f 2715/1937/1199 2719/1999/1200 2718/1993/1193
f 2694/1955/1113 2695/1925/1195 2728/1976/1195 2727/1956/1113
f 2690/1934/1193 2674/1954/1111 2721/1997/1111 2725/1980/1193
f 2685/1957/1158 2689/1933/1194 2730/1981/1194 2667/1998/1189
f 2691/1949/1195 2685/1952/1158 2667/2000/1189 2726/2001/1202
f 2682/1955/1135 2723/1956/1135 2724/1976/1192 2683/1925/1192
f 2678/1912/1190 2722/1911/1190 2721/1997/1111 2674/1954/1111
f 2671/1953/1151 2720/1995/1201 2729/1972/1191 2677/1913/1191
f 2679/1949/1192 2648/2001/1184 2720/2000/1201 2671/1952/1151
f 2718/1993/1193 2719/1999/1200 2730/1981/1194 2725/1980/1193
f 2717/1994/1190 2722/1911/1190 2729/1972/1191 2641/1996/1182
f 2661/1927/1187 2655/1990/1186 2704/1979/1194
f 2654/1989/1185 2712/1939/1111 2711/1965/1111
f 2710/1991/1197 2642/1970/1183 2699/1971/1191
f 2712/1939/1111 2637/1988/1181 2711/1965/1111
f 2641/1996/1182 2714/1992/1198 2717/1994/1190
o S_Hall_90Turn
v -3.000000 0.200000 -3.000000
v -3.000000 0.200000 3.000000
v -3.000000 0.000000 0.000000
v -3.000000 0.000000 2.000000
v -3.000000 0.000000 -2.000000
v -3.000000 0.200000 -2.200000
v -3.000000 0.200000 2.200000
v -2.200000 0.200000 2.200000
v -2.000000 0.000000 2.000000
v 0.000000 0.000000 0.000000
v 3.000000 0.200000 3.000000
v 3.000000 0.200000 -3.000000
v 0.000000 0.000000 3.000000
v -2.000000 0.000000 3.000000
v 2.000000 0.000000 3.000000
v 2.200000 0.200000 3.000000
v -2.200000 0.200000 3.000000
v 2.000000 0.000000 -2.000000
v 2.200000 0.200000 -2.199999
v 2.300000 0.000000 2.500000
v 2.200000 4.900000 2.400000
v 2.500000 0.000000 2.500000
v 2.300000 0.000000 3.000000
v 2.200000 4.900000 3.000000
v 2.500000 4.700000 2.500000
v 2.300000 4.700000 2.500000
v 2.300000 4.700000 3.000000
v 2.500000 5.000000 2.400000
v 2.500000 4.900000 2.400000
v -0.000000 5.900001 3.000000
v -0.000000 5.900001 2.400000
v -0.000000 6.000000 2.400000
v 2.200000 5.158579 3.000000
v 2.200000 5.158579 2.400000
v 2.200000 5.300000 2.400000
v 0.940338 5.900000 3.000000
v 1.825030 5.533548 3.000000
v 0.939608 5.900000 2.400000
v 1.825546 5.533032 2.400000
v 1.867572 5.632428 2.400000
v 0.980175 6.000000 2.400000
v -2.300001 0.000000 2.500000
v -2.200001 4.900001 2.400000
v -2.500001 0.000000 2.500000
v -2.300001 0.000000 3.000000
v -2.200001 4.900001 3.000000
v -2.500001 4.700000 2.500000
v -2.300001 4.700000 2.500000
v -2.300001 4.700000 3.000000
v -2.200000 5.158579 3.000000
v -2.200000 5.158579 2.400000
v -2.200000 5.300001 2.400000
v -0.940338 5.900001 3.000000
v -1.825031 5.533549 3.000000
v -0.939609 5.900001 2.400000
v -1.825547 5.533033 2.400000
v -1.867573 5.632428 2.400000
v -0.980175 6.000001 2.400000
v -2.500000 0.000000 2.300000
v -2.400000 4.900000 2.200000
v -3.000000 0.000000 2.300000
v -3.000000 4.900000 2.200000
v -2.500000 4.700000 2.300000
v -3.000000 4.700000 2.300000
v -2.400000 5.158579 2.400000
v -2.400000 4.900000 2.400000
v -3.000000 5.900001 -0.000000
v -2.400000 5.900001 -0.000000
v -2.400000 6.000000 -0.000000
v -3.000000 5.158579 2.199999
v -2.400000 5.158579 2.200000
v -2.400000 5.300000 2.200000
v -3.000000 5.900000 0.940338
v -3.000000 5.533548 1.825030
v -2.400000 5.900000 0.939608
v -2.400000 5.533032 1.825546
v -2.400000 5.632428 1.867572
v -2.400000 6.000000 0.980174
v -2.500000 0.000000 -2.300001
v -2.400000 4.900001 -2.200001
v -2.500000 0.000000 -2.500001
v -3.000000 0.000000 -2.300001
v -3.000000 4.900001 -2.200001
v -2.500000 4.700000 -2.500001
v -2.500000 4.700000 -2.300001
v -3.000000 4.700000 -2.300001
v -2.400000 5.000000 -2.500001
v -2.400000 4.900001 -2.500001
v -3.000000 5.158579 -2.200001
v -2.400000 5.158579 -2.200000
v -2.400000 5.300001 -2.200000
v -3.000000 5.900001 -0.940338
v -3.000000 5.533549 -1.825031
v -2.400000 5.900001 -0.939609
v -2.400000 5.533033 -1.825547
v -2.400000 5.632428 -1.867573
v -2.400000 6.000001 -0.980175
v -3.000000 5.000000 -2.500000
v -3.000000 6.000000 0.000000
v -3.000000 5.646447 -1.853553
v -3.000000 6.000000 -1.000000
v -3.000000 0.500000 -2.500000
v -3.000000 0.000000 -2.400000
v -3.000000 0.300000 -2.400000
v -3.000000 5.000000 2.500000
v -3.000000 5.646447 1.853553
v -3.000000 6.000000 1.000000
v -3.000000 0.500000 2.500000
v -3.000000 0.000000 2.400000
v -3.000000 0.300000 2.400000
v -0.000000 5.000000 -2.500000
v 0.000000 6.000000 0.000000
v -0.000000 6.000000 -1.000000
v -0.000000 5.646447 -1.853553
v -0.000000 0.500000 -2.500000
v -0.000000 0.000000 -2.400000
v -0.000000 0.300000 -2.400000
v -1.000000 5.000000 -2.500000
v -1.000000 6.000000 0.000000
v -1.000000 6.000000 -1.000000
v -1.000000 0.500000 -2.500000
v -1.000000 0.000000 -2.400000
v -1.000000 0.300000 -2.400000
v -1.000000 5.646447 -1.853553
v 1.000000 5.646447 -1.853553
v 1.000000 5.000000 -2.500000
v 1.000000 6.000000 -1.000000
v 1.000000 0.500000 -2.500000
v 1.000000 0.000000 -2.400000
v 1.000000 0.300000 -2.400000
v -1.853554 5.000000 -2.500000
v -1.853553 6.000000 0.000000
v -1.853553 6.000000 -1.000000
v -1.853554 0.500000 -2.500000
v -1.853554 0.000000 -2.400000
v -1.853554 0.300000 -2.400000
v -1.853553 6.000000 1.000000
v -1.853554 5.646447 -1.853553
v -1.853553 5.646447 1.853553
v -2.500000 5.000000 -2.500000
v -2.500000 6.000000 0.000000
v -2.500000 6.000000 -1.000000
v -2.500000 0.500000 -2.500000
v -2.500000 0.000000 -2.400000
v -2.500000 0.300000 -2.400000
v -2.500000 6.000000 1.000000
v -2.500000 0.500000 2.500000
v -2.500000 0.000000 2.400000
v -2.500000 0.300000 2.400000
v -2.500000 5.646447 -1.853553
v -2.500000 5.646447 1.853553
v 1.853553 5.000000 -2.500000
v 1.853553 0.500000 -2.500000
v 1.853553 0.000000 -2.400000
v 1.853553 0.300000 -2.400000
v 2.500000 5.000000 -2.500000
v 2.500000 0.000000 -2.400000
v 2.500000 0.300000 -2.400000
v 2.500000 5.000000 3.000000
v 0.000000 6.000000 3.000000
v 1.000000 6.000000 3.000000
v 1.853553 5.646447 3.000000
v 2.500000 0.500000 3.000000
v 2.400000 0.000000 3.000000
v 2.400000 0.300000 3.000000
v -2.500000 5.000000 3.000000
v -1.000000 6.000000 3.000000
v -1.853553 5.646447 3.000000
v -2.500000 0.500000 3.000000
v -2.400000 0.000000 3.000000
v -2.400000 0.300000 3.000000
v 2.500000 5.000000 0.000000
v 1.000000 6.000000 0.000000
v 1.853553 5.646447 0.000000
v 2.500000 0.500000 0.000000
v 2.400000 0.000000 0.000000
v 2.400000 0.300000 0.000000
v 2.500000 5.000000 -1.000000
v 2.500000 0.500000 -1.000000
v 2.400000 0.000000 -1.000000
v 2.400000 0.300000 -1.000000
v 1.853553 5.646447 -1.000000
v 2.500000 5.000000 -1.853553
v 2.500000 0.500000 -1.853553
v 2.400000 0.000000 -1.853553
v 2.400000 0.300000 -1.853553
v 1.853553 5.646447 -1.853553
v 1.853553 5.646447 1.000000
v 2.500000 5.000000 1.000000
v 0.000000 6.000000 1.000000
v 1.000000 6.000000 1.000000
v 2.500000 0.500000 1.000000
v 2.400000 0.000000 1.000000
v 2.400000 0.300000 1.000000
v -1.000000 6.000000 1.000000
v 1.853553 5.646447 1.853553
v 2.500000 5.000000 1.853553
v 0.000000 6.000000 1.853553
v 1.000000 6.000000 1.853553
v 2.500000 0.500000 1.853553
v 2.400000 0.000000 1.853553
v 2.400000 0.300000 1.853553
v -1.000000 6.000000 1.853553
v 1.853553 5.646447 2.500000
v -1.853553 5.646447 2.500000
v 2.500000 5.000000 2.500000
v 0.000000 6.000000 2.500000
v 1.000000 6.000000 2.500000
v 2.500000 0.500000 2.500000
v 2.400000 0.000000 2.500000
v 2.400000 0.300000 2.500000
v -2.500000 5.000000 2.500000
v -1.000000 6.000000 2.500000
v -2.400000 0.000000 2.500000
v -2.400000 0.300000 2.500000
v 2.500000 0.500000 -2.500000
v 2.400000 0.000000 -2.500000
v 2.400000 0.300000 -2.500000
vn -0.0000 1.0000 -0.0000
vn -0.0000 0.9239 -0.3827
vn -0.0000 0.9239 0.3827
vn 0.3002 0.9054 -0.3002
vn 0.1101 0.9878 -0.1101
vn 0.3827 0.9239 -0.0000
vn -0.3827 0.9239 -0.0000
vn -0.3002 0.9054 0.3002
vn -0.1101 0.9878 0.1101
vn -0.7071 -0.0000 -0.7071
vn -0.6809 -0.2695 -0.6809
vn -0.0000 -0.0000 -1.0000
vn -1.0000 -0.0000 -0.0000
vn -0.9732 -0.2298 -0.0000
vn -0.0000 -0.2298 -0.9732
vn -0.6619 -0.3517 -0.6619
vn -0.0000 -0.2297 -0.9733
vn -0.0000 -1.0000 -0.0000
vn -0.0000 -0.7071 -0.7071
vn -0.9239 -0.3827 -0.0000
vn -0.5491 -0.2275 -0.8042
vn -0.1952 -0.9808 0.0002
vn -0.5554 -0.8316 0.0002
vn -0.1281 -0.6446 -0.7537
vn -0.3652 -0.5464 -0.7537
vn 0.7071 -0.0000 -0.7071
vn 0.6809 -0.2695 -0.6809
vn 1.0000 -0.0000 -0.0000
vn 0.9732 -0.2298 -0.0000
vn 0.6619 -0.3517 -0.6619
vn 0.9239 -0.3827 -0.0000
vn 0.5491 -0.2275 -0.8042
vn 0.1952 -0.9808 0.0002
vn 0.5554 -0.8316 0.0002
vn 0.1281 -0.6446 -0.7537
vn 0.3652 -0.5464 -0.7537
vn 0.7071 -0.7071 -0.0000
vn -0.0000 -0.3827 -0.9239
vn 0.8042 -0.2275 -0.5491
vn -0.0002 -0.9808 -0.1952
vn -0.0002 -0.8316 -0.5554
vn 0.7537 -0.6446 -0.1281
vn 0.7537 -0.5464 -0.3652
vn 0.7071 -0.0000 0.7071
vn 0.6809 -0.2695 0.6809
vn -0.0000 -0.0000 1.0000
vn -0.0000 -0.2298 0.9732
vn 0.6619 -0.3517 0.6619
vn 0.9733 -0.2297 -0.0000
vn -0.0000 -0.3827 0.9239
vn 0.8042 -0.2275 0.5491
vn -0.0002 -0.9808 0.1952
vn -0.0002 -0.8316 0.5554
vn 0.7537 -0.6446 0.1281
vn 0.7537 -0.5464 0.3652
vn -0.0000 -0.8315 0.5556
vn -0.0000 -0.9808 0.1951
vn -0.0000 0.2298 0.9732
vn -0.0000 -0.8315 -0.5556
vn -0.0000 -0.9808 -0.1951
vn -0.0000 0.2298 -0.9732
vn -0.1481 -0.9778 0.1481
vn 0.2582 -0.9309 -0.2582
vn 0.6707 0.3167 -0.6707
vn -0.6507 -0.3914 0.6507
vn -0.1951 -0.9808 -0.0000
vn -0.5556 -0.8315 -0.0000
vn -0.9732 0.2298 -0.0000
vn 0.1951 -0.9808 -0.0000
vn 0.5556 -0.8315 -0.0000
vn 0.9732 0.2298 -0.0000
vn -0.3503 -0.8687 0.3503
vn 0.0505 -0.9974 -0.0505
vn 0.5789 -0.5743 -0.5789
vn -0.6707 0.3167 0.6707
vt 0.208266 0.750100
vt 0.208266 0.791733
vt 0.125000 0.875000
vt 0.125000 0.750100
vt 0.216593 0.500100
vt 0.216593 0.516740
vt 0.208266 0.520900
vt 0.208266 0.500100
vt 0.249900 0.500100
vt 0.041733 0.958267
vt 0.041733 0.750100
vt 0.033407 0.608260
vt 0.000100 0.624900
vt 0.000100 0.500100
vt 0.033407 0.500100
vt 0.041733 0.604100
vt 0.041733 0.500100
vt 0.125000 0.999900
vt 0.041733 0.999900
vt 0.041733 0.791733
vt 0.125000 0.875000
vt 0.033407 0.624900
vt 0.033407 0.516740
vt 0.041733 0.624900
vt 0.041733 0.520900
vt 0.216593 0.608260
vt 0.249900 0.624900
vt 0.216593 0.624900
vt 0.208267 0.958267
vt 0.208267 0.999900
vt 0.208267 0.604100
vt 0.208267 0.624900
vt 0.084272 0.673426
vt 0.084272 0.685581
vt 0.120737 0.685581
vt 0.114659 0.673426
vt 0.090400 0.673325
vt 0.102656 0.685581
vt 0.102656 0.673325
vt 0.043628 0.500039
vt 0.043628 0.749961
vt 0.022500 0.749961
vt 0.022500 0.500039
vt 0.070838 0.500039
vt 0.070838 0.749961
vt 0.011837 0.741571
vt 0.028200 0.741571
vt 0.028200 0.745543
vt 0.011837 0.745543
vt 0.084272 0.701427
vt 0.084272 0.701296
vt 0.120737 0.701296
vt 0.086805 0.741571
vt 0.124840 0.741571
vt 0.124840 0.745543
vt 0.086805 0.745543
vt 0.048546 0.721513
vt 0.048546 0.741571
vt 0.028200 0.721513
vt 0.048546 0.745543
vt 0.086805 0.721513
vt 0.124840 0.721513
vt 0.096528 0.685581
vt 0.232389 0.738392
vt 0.237844 0.745543
vt 0.221480 0.745543
vt 0.221480 0.741571
vt 0.162875 0.741571
vt 0.162875 0.745543
vt 0.201134 0.721513
vt 0.221480 0.721513
vt 0.201134 0.741571
vt 0.201134 0.745543
vt 0.162875 0.721513
vt 0.096528 0.685581
vt 0.017291 0.738392
vt 0.237844 0.741571
vt 0.425000 0.729167
vt 0.425000 0.750000
vt 0.467678 0.750000
vt 0.467678 0.729167
vt 0.270917 0.796125
vt 0.250100 0.796125
vt 0.250100 0.789824
vt 0.270917 0.789824
vt 0.325000 0.729167
vt 0.282322 0.729167
vt 0.282322 0.750000
vt 0.325000 0.750000
vt 0.325000 0.666667
vt 0.375000 0.666667
vt 0.375000 0.625000
vt 0.416633 0.796125
vt 0.375000 0.796125
vt 0.375000 0.789824
vt 0.416633 0.789824
vt 0.333367 0.774101
vt 0.375000 0.774101
vt 0.333367 0.789824
vt 0.425000 0.666667
vt 0.425000 0.625000
vt 0.425000 0.583333
vt 0.467678 0.625000
vt 0.467678 0.583333
vt 0.500000 0.666667
vt 0.500000 0.625000
vt 0.467678 0.666667
vt 0.333367 0.837352
vt 0.375000 0.837352
vt 0.375000 0.968650
vt 0.333367 0.968650
vt 0.297830 0.837352
vt 0.297830 0.968650
vt 0.500000 0.702231
vt 0.467678 0.702231
vt 0.425000 0.702231
vt 0.375000 0.702231
vt 0.297830 0.774101
vt 0.297830 0.789824
vt 0.325000 0.702231
vt 0.333367 0.796125
vt 0.452169 0.796125
vt 0.452169 0.789824
vt 0.416633 0.774101
vt 0.500000 0.583333
vt 0.416633 0.837352
vt 0.416633 0.968650
vt 0.375000 0.729167
vt 0.270917 0.774101
vt 0.500000 0.729167
vt 0.270917 0.837352
vt 0.270917 0.968650
vt 0.282322 0.702231
vt 0.297830 0.796125
vt 0.250100 0.837352
vt 0.250100 0.968650
vt 0.500000 0.750000
vt 0.375000 0.750000
vt 0.250100 0.774101
vt 0.250000 0.750000
vt 0.250000 0.729167
vt 0.479083 0.796125
vt 0.479083 0.789824
vt 0.452169 0.774101
vt 0.500000 0.547769
vt 0.467678 0.547769
vt 0.452169 0.837352
vt 0.452169 0.968650
vt 0.479083 0.774101
vt 0.500000 0.520833
vt 0.479083 0.837352
vt 0.479083 0.968650
vt 0.479083 0.837352
vt 0.499900 0.837352
vt 0.499900 0.968650
vt 0.500000 0.500000
vt 0.467678 0.500000
vt 0.467678 0.520833
vt 0.425000 0.520833
vt 0.425000 0.500000
vt 0.375000 0.500000
vt 0.375000 0.520833
vt 0.479083 0.774101
vt 0.499900 0.774101
vt 0.499900 0.789824
vt 0.479083 0.789824
vt 0.250000 0.520833
vt 0.282322 0.520833
vt 0.282322 0.500000
vt 0.250000 0.500000
vt 0.325000 0.520833
vt 0.325000 0.500000
vt 0.416633 0.796125
vt 0.416633 0.789824
vt 0.333367 0.774101
vt 0.425000 0.583333
vt 0.467678 0.583333
vt 0.500000 0.666667
vt 0.333367 0.837352
vt 0.333367 0.968650
vt 0.297830 0.837352
vt 0.297830 0.968650
vt 0.500000 0.702231
vt 0.297830 0.774101
vt 0.297830 0.789824
vt 0.333367 0.796125
vt 0.425000 0.666667
vt 0.270917 0.789824
vt 0.270917 0.837352
vt 0.270917 0.968650
vt 0.297830 0.796125
vt 0.425000 0.547769
vt 0.467678 0.547769
vt 0.452169 0.789824
vt 0.325000 0.547769
vt 0.282322 0.547769
vt 0.325000 0.583333
vt 0.416633 0.774101
vt 0.375000 0.583333
vt 0.500000 0.583333
vt 0.416633 0.837352
vt 0.416633 0.968650
vt 0.375000 0.547769
vt 0.452169 0.774101
vt 0.500000 0.547769
vt 0.452169 0.837352
vt 0.499900 0.796125
vt 0.270917 0.796125
vt 0.500000 0.729167
s 1
usemtl M_DungeonEnviro
f 2734/2002/1204 2739/2003/1207 2740/2004/1203 2733/2005/1203
f 2737/2006/1204 2738/2007/1206 2739/2008/1207 2734/2009/1204
f 2732/2010/1203 2738/2007/1206 2737/2006/1204
f 2740/2004/1203 2748/2011/1210 2735/2012/1205 2733/2005/1203
f 2749/2013/1211 2742/2014/1203 2731/2015/1203 2736/2016/1205
f 2748/2017/1210 2749/2013/1211 2736/2016/1205 2735/2018/1205
f 2743/2019/1203 2745/2020/1209 2748/2021/1210 2740/2022/1203
f 2746/2023/1209 2741/2014/1203 2742/2015/1203 2749/2024/1211
f 2745/2025/1209 2746/2023/1209 2749/2024/1211 2748/2026/1210
f 2738/2027/1206 2732/2028/1203 2747/2029/1208
f 2740/2022/1203 2739/2030/1207 2744/2031/1208 2743/2019/1203
f 2739/2032/1207 2738/2027/1206 2747/2029/1208 2744/2033/1208
f 2757/2034/1216 2754/2035/1216 2751/2036/1213 2756/2037/1218
f 2756/2038/1218 2751/2035/1213 2759/2039/1219 2755/2040/1217
f 2750/2041/1212 2756/2042/1218 2755/2043/1217 2752/2044/1214
f 2753/2045/1215 2757/2046/1216 2756/2042/1218 2750/2041/1212
f 2759/2047/1219 2764/2048/1223 2765/2049/1214 2758/2050/1214
f 2759/2039/1219 2751/2035/1213 2764/2051/1223
f 2751/2036/1213 2754/2035/1216 2763/2052/1222 2764/2053/1223
f 2768/2054/1226 2761/2055/1221 2762/2056/1214 2771/2057/1214
f 2767/2058/1225 2769/2059/1227 2764/2048/1223 2763/2060/1222
f 2764/2048/1223 2769/2059/1227 2770/2061/1214 2765/2049/1214
f 2766/2062/1224 2768/2054/1226 2769/2059/1227 2767/2058/1225
f 2768/2054/1226 2771/2057/1214 2770/2061/1214 2769/2059/1227
f 2768/2054/1226 2766/2062/1224 2760/2063/1220 2761/2055/1221
f 2779/2034/1231 2778/2037/1232 2773/2036/1229 2776/2035/1231
f 2778/2038/1232 2777/2040/1229 2796/2064/1232 2773/2035/1229
f 2772/2041/1228 2774/2044/1228 2777/2043/1229 2778/2042/1232
f 2775/2045/1230 2772/2041/1228 2778/2042/1232 2779/2046/1231
f 2796/2065/1232 2795/2066/1228 2782/2067/1214 2781/2068/1234
f 2796/2064/1232 2781/2051/1234 2773/2035/1229
f 2773/2036/1229 2781/2053/1234 2780/2052/1233 2776/2035/1231
f 2785/2069/1237 2788/2070/1214 2762/2056/1214 2761/2055/1221
f 2784/2071/1236 2780/2072/1233 2781/2068/1234 2786/2073/1238
f 2781/2068/1234 2782/2067/1214 2787/2074/1214 2786/2073/1238
f 2783/2075/1235 2784/2071/1236 2786/2073/1238 2785/2069/1237
f 2785/2069/1237 2786/2073/1238 2787/2074/1214 2788/2070/1214
f 2785/2069/1237 2761/2055/1221 2760/2063/1220 2783/2075/1235
f 2794/2034/1217 2792/2035/1217 2790/2036/1229 2793/2037/1232
f 2793/2038/1232 2790/2035/1229 2796/2076/1232 2777/2040/1229
f 2789/2041/1228 2793/2042/1232 2777/2043/1229 2774/2044/1228
f 2791/2045/1214 2794/2046/1217 2793/2042/1232 2789/2041/1228
f 2796/2077/1232 2801/2048/1241 2802/2049/1230 2795/2050/1228
f 2796/2076/1232 2790/2035/1229 2801/2051/1241
f 2790/2036/1229 2792/2035/1217 2800/2052/1240 2801/2053/1241
f 2805/2054/1244 2798/2055/1239 2799/2056/1230 2808/2057/1230
f 2804/2058/1243 2806/2059/1245 2801/2048/1241 2800/2060/1240
f 2801/2048/1241 2806/2059/1245 2807/2061/1230 2802/2049/1230
f 2803/2062/1242 2805/2054/1244 2806/2059/1245 2804/2058/1243
f 2805/2054/1244 2808/2057/1230 2807/2061/1230 2806/2059/1245
f 2805/2054/1244 2803/2062/1242 2797/2063/1220 2798/2055/1239
f 2816/2034/1249 2815/2037/1250 2810/2036/1247 2813/2035/1249
f 2815/2038/1250 2814/2040/1231 2818/2039/1251 2810/2035/1247
f 2809/2041/1246 2811/2044/1230 2814/2043/1231 2815/2042/1250
f 2812/2045/1248 2809/2041/1246 2815/2042/1250 2816/2046/1249
f 2818/2078/1251 2817/2066/1230 2821/2067/1230 2820/2068/1253
f 2818/2039/1251 2820/2051/1253 2810/2035/1247
f 2810/2036/1247 2820/2053/1253 2819/2052/1252 2813/2035/1249
f 2824/2069/1256 2827/2070/1230 2799/2056/1230 2798/2055/1239
f 2823/2071/1255 2819/2072/1252 2820/2068/1253 2825/2073/1257
f 2820/2068/1253 2821/2067/1230 2826/2074/1230 2825/2073/1257
f 2822/2075/1254 2823/2071/1255 2825/2073/1257 2824/2069/1256
f 2824/2069/1256 2825/2073/1257 2826/2074/1230 2827/2070/1230
f 2824/2069/1256 2798/2055/1239 2797/2063/1220 2822/2075/1254
f 2872/2079/1259 2831/2080/1259 2830/2081/1258 2880/2082/1258
f 2873/2083/1260 2832/2084/1260 2834/2085/1260 2875/2086/1260
f 2876/2087/1262 2881/2088/1261 2836/2089/1261 2837/2090/1262
f 2877/2083/1266 2879/2086/1263 2840/2085/1263 2838/2084/1263
f 2925/2091/1275 2849/2092/1220 2842/2093/1220
f 2858/2094/1260 2845/2095/1260 2847/2096/1260 2860/2097/1260
f 2852/2098/1248 2846/2099/1248 2847/2096/1260 2853/2100/1260
f 2850/2101/1259 2843/2102/1259 2842/2093/1220 2849/2092/1220
f 2857/2103/1264 2843/2102/1259 2844/2104/1258 2855/2105/1258
f 2848/2106/1252 2841/2107/1252 2844/2104/1258 2854/2108/1258
f 2851/2109/1260 2845/2110/1260 2841/2111/1252 2848/2112/1252
f 2864/2113/1260 2851/2109/1260 2848/2112/1252 2861/2114/1252
f 2861/2115/1252 2848/2106/1252 2854/2108/1258 2868/2116/1258
f 2863/2117/1259 2850/2101/1259 2849/2092/1220 2862/2118/1220
f 2865/2119/1248 2852/2098/1248 2853/2100/1260 2866/2120/1260
f 2867/2121/1262 2862/2118/1220 2849/2092/1220 2925/2091/1275
f 2845/2095/1260 2851/2122/1260 2853/2100/1260 2847/2096/1260
f 2843/2102/1259 2850/2101/1259 2854/2108/1258 2844/2104/1258
f 2883/2123/1260 2858/2094/1260 2860/2097/1260 2885/2124/1260
f 2846/2099/1248 2859/2125/1248 2860/2097/1260 2847/2096/1260
f 2843/2102/1259 2857/2103/1264 2842/2093/1220
f 2841/2107/1252 2856/2126/1252 2855/2105/1258 2844/2104/1258
f 2845/2110/1260 2858/2127/1260 2856/2128/1252 2841/2111/1252
f 2876/2087/1262 2871/2129/1220 2862/2118/1220 2867/2121/1262
f 2874/2130/1248 2865/2119/1248 2866/2120/1260 2875/2086/1260
f 2872/2079/1259 2863/2117/1259 2862/2118/1220 2871/2129/1220
f 2870/2131/1252 2861/2115/1252 2868/2116/1258 2880/2082/1258
f 2873/2132/1260 2864/2113/1260 2861/2114/1252 2870/2133/1252
f 2925/2091/1275 2869/2134/1265 2867/2121/1262
f 2851/2122/1260 2864/2135/1260 2866/2120/1260 2853/2100/1260
f 2850/2101/1259 2863/2117/1259 2868/2116/1258 2854/2108/1258
f 2832/2136/1260 2873/2132/1260 2870/2133/1252 2828/2137/1252
f 2828/2138/1252 2870/2131/1252 2880/2082/1258 2830/2081/1258
f 2831/2080/1259 2872/2079/1259 2871/2129/1220 2829/2139/1220
f 2833/2140/1248 2874/2130/1248 2875/2086/1260 2834/2085/1260
f 2838/2136/1263 2835/2137/1240 2942/2133/1276 2877/2132/1266
f 2835/2141/1240 2836/2089/1261 2881/2088/1261 2942/2142/1276
f 2837/2090/1262 2829/2139/1220 2871/2129/1220 2876/2087/1262
f 2839/2140/1214 2840/2085/1263 2879/2086/1263 2878/2130/1214
f 2867/2121/1262 2869/2134/1265 2881/2088/1261 2876/2087/1262
f 2864/2135/1260 2873/2083/1260 2875/2086/1260 2866/2120/1260
f 2863/2117/1259 2872/2079/1259 2880/2082/1258 2868/2116/1258
f 2946/2143/1277 2883/2123/1260 2885/2124/1260 2888/2144/1260
f 2859/2125/1248 2884/2145/1248 2885/2124/1260 2860/2097/1260
f 2856/2126/1252 2882/2146/1252 2917/2147/1274 2855/2105/1258
f 2858/2127/1260 2883/2148/1260 2882/2149/1252 2856/2128/1252
f 2884/2145/1248 2887/2150/1248 2888/2144/1260 2885/2124/1260
f 2882/2146/1252 2886/2151/1267 2917/2147/1274
f 2883/2148/1260 2946/2152/1277 2886/2153/1267 2882/2149/1252
f 2917/2147/1274 2857/2103/1264 2855/2105/1258
f 2869/2134/1265 2942/2142/1276 2881/2088/1261
f 2939/2154/1270 2893/2155/1270 2889/2156/1222 2936/2153/1222
f 2936/2151/1222 2889/2157/1222 2892/2158/1269 2934/2159/1269
f 2938/2160/1268 2891/2161/1268 2890/2162/1220 2937/2163/1220
f 2940/2164/1215 2894/2165/1215 2895/2166/1270 2941/2167/1270
f 2877/2154/1266 2942/2153/1276 2896/2156/1233 2899/2155/1273
f 2942/2168/1276 2935/2169/1272 2898/2170/1272 2896/2171/1233
f 2943/2172/1271 2937/2163/1220 2890/2162/1220 2897/2173/1271
f 2944/2164/1230 2945/2167/1273 2901/2166/1273 2900/2165/1230
f 2922/2174/1270 2905/2095/1270 2907/2096/1270 2924/2175/1270
f 2910/2176/1215 2906/2099/1215 2907/2096/1270 2911/2100/1270
f 2921/2177/1268 2903/2102/1268 2904/2104/1269 2918/2178/1269
f 2908/2179/1222 2902/2107/1222 2904/2104/1269 2912/2108/1269
f 2909/2180/1270 2905/2110/1270 2902/2111/1222 2908/2181/1222
f 2914/2182/1270 2909/2180/1270 2908/2181/1222 2913/2183/1222
f 2913/2184/1222 2908/2179/1222 2912/2108/1269 2917/2116/1274
f 2915/2185/1215 2910/2176/1215 2911/2100/1270 2916/2186/1270
f 2905/2095/1270 2909/2187/1270 2911/2100/1270 2907/2096/1270
f 2903/2102/1268 2857/2188/1264 2912/2108/1269 2904/2104/1269
f 2947/2130/1215 2915/2185/1215 2916/2186/1270 2948/2189/1270
f 2946/2190/1277 2914/2182/1270 2913/2183/1222 2886/2191/1267
f 2909/2187/1270 2914/2192/1270 2916/2186/1270 2911/2100/1270
f 2929/2193/1268 2921/2177/1268 2918/2178/1269 2926/2194/1269
f 2930/2123/1270 2922/2174/1270 2924/2175/1270 2932/2195/1270
f 2933/2196/1271 2869/2197/1265 2925/2198/1275
f 2906/2099/1215 2923/2199/1215 2924/2175/1270 2907/2096/1270
f 2903/2102/1268 2921/2177/1268 2920/2200/1220 2842/2093/1220
f 2902/2107/1222 2919/2201/1222 2918/2178/1269 2904/2104/1269
f 2905/2110/1270 2922/2202/1270 2919/2203/1222 2902/2111/1222
f 2943/2172/1271 2935/2169/1272 2869/2197/1265 2933/2196/1271
f 2939/2143/1270 2930/2123/1270 2932/2195/1270 2941/2167/1270
f 2938/2160/1268 2929/2193/1268 2926/2194/1269 2934/2159/1269
f 2925/2198/1275 2920/2200/1220 2928/2204/1220 2933/2196/1271
f 2923/2199/1215 2931/2205/1215 2932/2195/1270 2924/2175/1270
f 2921/2177/1268 2929/2193/1268 2928/2204/1220 2920/2200/1220
f 2919/2201/1222 2927/2206/1222 2926/2194/1269 2918/2178/1269
f 2922/2202/1270 2930/2207/1270 2927/2149/1222 2919/2203/1222
f 2891/2161/1268 2938/2160/1268 2934/2159/1269 2892/2158/1269
f 2893/2208/1270 2939/2143/1270 2941/2167/1270 2895/2166/1270
f 2897/2173/1271 2898/2170/1272 2935/2169/1272 2943/2172/1271
f 2899/2208/1273 2901/2166/1273 2945/2167/1273 2877/2143/1266
f 2933/2196/1271 2928/2204/1220 2937/2163/1220 2943/2172/1271
f 2931/2205/1215 2940/2164/1215 2941/2167/1270 2932/2195/1270
f 2929/2193/1268 2938/2160/1268 2937/2163/1220 2928/2204/1220
f 2927/2206/1222 2936/2151/1222 2934/2159/1269 2926/2194/1269
f 2930/2207/1270 2939/2154/1270 2936/2153/1222 2927/2149/1222
f 2914/2192/1270 2946/2209/1277 2948/2189/1270 2916/2186/1270
f 2942/2168/1276 2869/2197/1265 2935/2169/1272
f 2917/2116/1274 2886/2210/1267 2913/2184/1222
f 2917/2116/1274 2912/2108/1269 2857/2188/1264
f 2842/2093/1220 2857/2188/1264 2903/2102/1268
f 2925/2198/1275 2842/2093/1220 2920/2200/1220
o S_Room_1Door
v -2.999999 0.200000 3.000001
v -2.999999 0.200000 2.000002
v 3.000001 0.200000 2.000000
v 2.000001 0.000000 2.000000
v -2.199999 0.200000 2.000002
v 2.200001 0.200000 2.000000
v -3.000001 0.200000 -2.000000
v 2.999999 0.200000 -2.000002
v 1.999999 0.000000 -2.000002
v -2.200001 0.200000 -2.000000
v 2.199999 0.200000 -2.000002
v -2.200001 0.200000 -2.199999
v 3.000000 0.200000 -3.000000
v -3.000000 0.200000 -3.000000
v 3.000000 0.200000 3.000000
v 2.200001 0.200000 2.200000
v -2.000000 0.200000 -3.000000
v -2.000000 0.200000 3.000000
v -2.000000 0.000000 -2.000000
v -1.999999 0.000000 2.000000
v -2.000000 0.200000 -2.200000
v -2.000000 0.200000 2.200000
v 2.000000 0.200000 -3.000000
v 2.000001 0.200000 3.000000
v 2.000000 0.200000 -2.200000
v 2.000001 0.200000 2.200000
v -2.199999 0.200000 2.200000
v 2.200001 0.200000 -2.200000
v 2.363570 4.620000 -0.934911
v 2.363570 4.620000 -1.274911
v 2.363570 0.200000 -0.934911
v 2.363570 0.200000 -1.274911
v 3.000000 0.200000 -0.854911
v 2.363570 4.316920 -0.934911
v 2.363570 4.316920 -1.274911
v 3.000000 4.236920 -0.854911
v 2.363570 4.316920 0.000000
v 2.363570 4.620001 0.000000
v 3.000000 4.236920 0.000000
v 2.500000 0.200000 -0.854911
v 2.500000 4.236920 -0.854911
v 2.500000 4.236920 0.000000
v 2.500000 4.700000 -1.354911
v 2.500000 4.700000 -0.934911
v 2.500000 0.200000 -1.354911
v 2.500000 4.316920 -1.354911
v 2.500000 4.700001 0.000000
v 2.363570 4.620001 0.934911
v 2.363570 4.620001 1.274911
v 2.363570 0.200000 0.934911
v 2.363570 0.200000 1.274911
v 3.000000 0.200000 0.854911
v 2.363570 4.316920 0.934911
v 2.363570 4.316920 1.274911
v 3.000000 4.236920 0.854911
v 2.500000 0.200000 0.854911
v 2.500000 4.236920 0.854911
v 2.500000 4.700001 1.354911
v 2.500000 4.700001 0.934911
v 2.500000 0.200000 1.354911
v 2.500000 4.316920 1.354911
v 2.500000 5.000000 -2.500000
v 2.400000 0.300000 -2.400000
v 2.500000 0.500000 2.500000
v 2.400000 0.000000 2.400000
v -2.500000 0.500000 -2.500000
v -2.500000 5.000000 2.500000
v -0.000000 5.646447 -1.853553
v 0.000000 5.646447 1.853553
v -0.000000 5.000000 -2.500000
v 0.000000 6.000000 0.000000
v -0.000000 6.000000 -1.000000
v -0.000000 0.500000 -2.500000
v -0.000000 0.000000 -2.400000
v -0.000000 0.300000 -2.400000
v 0.000000 5.000000 2.500000
v 0.000000 6.000000 1.000000
v 0.000000 0.500000 2.500000
v 0.000000 0.000000 2.400000
v 0.000000 0.300000 2.400000
v 1.000000 6.000000 -1.000000
v -1.853553 5.646447 1.853553
v 1.853553 5.646447 -1.853553
v 1.000000 6.000000 1.000000
v -1.853553 5.646447 -1.853553
v 0.000000 4.411132 2.500000
v 2.500000 4.411132 -2.500000
v -2.500000 4.411132 -2.500000
v -0.000000 4.411132 -2.500000
v 2.500000 5.000000 0.000000
v 1.000000 6.000000 0.000000
v 1.853553 5.646447 0.000000
v -2.500000 5.000000 0.000000
v -1.000000 6.000000 0.000000
v -1.853553 5.646447 0.000000
v -2.500000 0.500000 0.000000
v -2.400000 0.000000 0.000000
v -2.400000 0.300000 0.000000
v 2.500000 4.411132 0.000000
v 1.853553 5.646447 1.104911
v -1.853553 5.646447 1.104911
v 2.500000 5.000000 1.104911
v 2.500000 0.500000 1.104911
v 2.400000 0.000000 1.104911
v 2.400000 0.300000 1.104911
v -2.500000 5.000000 1.104911
v -1.000000 6.000000 1.000000
v -2.500000 0.500000 1.104911
v -2.400000 0.000000 1.104911
v -2.400000 0.300000 1.104911
v 2.500000 4.411132 1.104911
v 2.500000 5.000000 -1.104911
v 2.500000 0.500000 -1.104911
v 2.400000 0.000000 -1.104911
v 2.400000 0.300000 -1.104911
v -2.500000 5.000000 -1.104911
v -1.000000 6.000000 -1.000000
v -2.500000 0.500000 -1.104911
v -2.400000 0.000000 -1.104911
v -2.400000 0.300000 -1.104911
v 2.500000 4.411132 -1.104911
v 1.853553 5.646447 -1.104911
v -1.853553 5.646447 -1.104911
v 2.500000 5.000000 2.500000
v 2.400000 0.300000 2.400000
v -2.500000 0.500000 2.500000
v -2.400000 0.000000 2.400000
v -2.400000 0.300000 2.400000
v 2.500000 4.411132 2.500000
v 2.500000 0.500000 -2.500000
v 2.400000 0.000000 -2.400000
v -2.500000 5.000000 -2.500000
v -2.400000 0.000000 -2.400000
v -2.400000 0.300000 -2.400000
v 1.853553 5.646447 1.853554
v -2.500000 4.411132 0.000000
v -2.500000 4.411132 1.104911
v -2.500000 4.411132 -1.104911
v -2.500000 4.411132 2.500000
v -2.387677 0.000000 -2.147386
v -2.350408 4.900000 -1.987479
v -2.584854 0.000000 -2.344563
v -2.267533 0.000000 -2.267531
v -2.168944 4.900000 -2.168943
v -2.584854 4.700000 -2.344563
v -2.387677 4.700000 -2.147386
v -2.267533 4.700000 -2.267531
v -2.646173 5.000000 -2.283244
v -2.646173 4.900000 -2.283244
v -2.168944 5.075219 -2.168942
v -2.350407 5.075219 -1.987479
v -2.350407 5.300000 -1.987479
v -0.927064 5.900000 -0.927063
v -1.799268 5.450188 -1.799267
v -1.107808 5.900000 -0.744880
v -1.981240 5.449672 -1.618312
v -2.022673 5.632428 -1.659744
v -1.147802 6.000000 -0.784873
v 2.147388 0.000000 2.387679
v 1.987480 4.900001 2.350409
v 2.344564 0.000000 2.584855
v 2.344564 4.700000 2.584855
v 2.147388 4.700000 2.387679
v 2.283245 5.000000 2.646174
v 2.283245 4.900001 2.646174
v 1.987479 5.075219 2.350408
v 1.987479 5.300001 2.350408
v 0.744880 5.900001 1.107809
v 1.618312 5.449673 1.981241
v 1.659745 5.632428 2.022673
v 0.784874 6.000001 1.147803
v -2.147388 0.000000 -2.387676
v -1.987481 4.900001 -2.350407
v -2.344565 0.000000 -2.584853
v -2.344565 4.700000 -2.584853
v -2.147388 4.700000 -2.387676
v -2.283246 5.000000 -2.646172
v -2.283246 4.900001 -2.646172
v -1.987480 5.075219 -2.350406
v -1.987480 5.300001 -2.350406
v -0.744881 5.900001 -1.107807
v -1.618313 5.449673 -1.981239
v -1.659745 5.632428 -2.022671
v -0.784875 6.000001 -1.147801
v 2.387677 0.000000 2.147389
v 2.350407 4.900001 1.987481
v 2.584854 0.000000 2.344566
v 2.267533 0.000000 2.267534
v 2.168943 4.900001 2.168945
v 2.584854 4.700001 2.344566
v 2.387677 4.700001 2.147389
v 2.267533 4.700001 2.267534
v 2.646173 5.000001 2.283247
v 2.646173 4.900001 2.283247
v 2.168943 5.075220 2.168945
v 2.350407 5.075220 1.987481
v 2.350407 5.300001 1.987481
v 0.927063 5.900001 0.927065
v 1.799268 5.450189 1.799269
v 1.107808 5.900001 0.744882
v 1.981240 5.449673 1.618314
v 2.022672 5.632429 1.659746
v 1.147802 6.000002 0.784876
v -0.000001 5.900001 0.362927
v -0.362929 6.000000 0.000000
v -0.000001 6.000000 0.362927
v -0.000002 5.900001 0.000000
v 0.362926 5.900001 0.000000
v 0.362926 6.000001 0.000000
v 2.147386 0.000000 -2.387677
v 1.987479 4.900000 -2.350408
v 2.344563 0.000000 -2.584854
v 2.267531 0.000000 -2.267533
v 2.168943 4.900000 -2.168944
v 2.344563 4.700000 -2.584854
v 2.147386 4.700000 -2.387677
v 2.267531 4.700000 -2.267533
v 2.283244 5.000000 -2.646173
v 2.283244 4.900000 -2.646173
v 2.168942 5.075219 -2.168944
v 1.987479 5.075219 -2.350407
v 1.987479 5.300000 -2.350407
v 0.927063 5.900000 -0.927064
v 1.799267 5.450188 -1.799268
v 0.744880 5.900000 -1.107808
v 1.618312 5.449672 -1.981240
v 1.659744 5.632428 -2.022672
v 0.784873 6.000000 -1.147802
v -2.387679 0.000000 2.147388
v -2.350409 4.900001 1.987480
v -2.584855 0.000000 2.344564
v -2.584855 4.700000 2.344564
v -2.387679 4.700000 2.147388
v -2.646174 5.000000 2.283245
v -2.646174 4.900001 2.283245
v -2.350408 5.075219 1.987479
v -2.350408 5.300001 1.987479
v -1.107809 5.900001 0.744880
v -1.981241 5.449673 1.618312
v -2.022673 5.632428 1.659745
v -1.147803 6.000001 0.784874
v 2.387676 0.000000 -2.147388
v 2.350407 4.900001 -1.987481
v 2.584853 0.000000 -2.344565
v 2.584853 4.700000 -2.344565
v 2.387676 4.700000 -2.147388
v 2.646172 5.000000 -2.283246
v 2.646172 4.900001 -2.283246
v 2.350406 5.075219 -1.987480
v 2.350406 5.300001 -1.987480
v 1.107807 5.900001 -0.744881
v 1.981239 5.449673 -1.618313
v 2.022671 5.632428 -1.659745
v 1.147801 6.000001 -0.784875
v -2.147389 0.000000 2.387677
v -1.987481 4.900001 2.350407
v -2.344566 0.000000 2.584854
v -2.267534 0.000000 2.267533
v -2.168945 4.900001 2.168943
v -2.344566 4.700001 2.584854
v -2.147389 4.700001 2.387677
v -2.267534 4.700001 2.267533
v -2.283247 5.000001 2.646173
v -2.283247 4.900001 2.646173
v -2.168945 5.075220 2.168943
v -1.987481 5.075220 2.350407
v -1.987481 5.300001 2.350407
v -0.927065 5.900001 0.927063
v -1.799269 5.450189 1.799268
v -0.744882 5.900001 1.107808
v -1.618314 5.449673 1.981240
v -1.659746 5.632429 2.022672
v -0.784876 6.000002 1.147802
v -0.000001 5.900001 -0.362927
v -0.362929 5.900001 0.000000
v -0.000001 6.000000 -0.362927
vn -0.0000 1.0000 -0.0000
vn -0.3002 0.9054 -0.3002
vn 0.3827 0.9239 -0.0000
vn -0.3827 0.9239 -0.0000
vn -0.3002 0.9054 0.3002
vn 0.1101 0.9878 0.1101
vn -0.1101 0.9878 -0.1101
vn 0.3002 0.9054 0.3002
vn 0.3002 0.9054 -0.3002
vn -0.0000 0.9239 0.3827
vn -0.0000 0.9239 -0.3827
vn 0.1101 0.9878 -0.1101
vn -0.1101 0.9878 0.1101
vn -0.8677 0.4971 -0.0000
vn -0.8252 0.3994 -0.3994
vn -0.8677 -0.0000 0.4971
vn -0.8677 -0.0000 -0.4971
vn -0.0000 -0.0000 1.0000
vn -0.9744 -0.1590 0.1590
vn -0.0000 -0.7071 0.7071
vn -0.8677 -0.4971 -0.0000
vn -0.0000 -1.0000 -0.0000
vn -0.2621 -0.0000 0.9650
vn -0.4013 -0.6477 0.6477
vn -0.2621 -0.9650 -0.0000
vn -0.6383 0.5443 -0.5443
vn -0.5058 0.8626 -0.0000
vn -0.5058 -0.0000 -0.8626
vn -0.8252 0.3994 0.3994
vn -0.0000 -0.0000 -1.0000
vn -0.9744 -0.1590 -0.1590
vn -0.0000 -0.7071 -0.7071
vn -0.2621 -0.0000 -0.9650
vn -0.4013 -0.6477 -0.6477
vn -0.6383 0.5443 0.5443
vn -0.5058 -0.0000 0.8626
vn -0.6507 -0.3914 0.6507
vn -0.6619 0.3517 0.6619
vn -0.6809 0.2695 -0.6809
vn -0.7071 -0.0000 -0.7071
vn 0.6809 0.2695 0.6809
vn 0.6507 -0.3914 -0.6507
vn -0.0000 -0.8315 0.5556
vn -0.0000 -0.8315 -0.5556
vn -0.0000 -0.3827 0.9239
vn -0.0000 -0.9808 0.1951
vn -0.0000 0.2298 0.9732
vn -0.0000 -0.3827 -0.9239
vn -0.0000 -0.9808 -0.1951
vn -0.0000 0.2298 -0.9732
vn -0.1481 -0.9778 0.1481
vn 0.3503 -0.8687 -0.3503
vn -0.3503 -0.8687 0.3503
vn -0.1481 -0.9778 -0.1481
vn 0.3503 -0.8687 0.3503
vn -0.7071 -0.0000 0.7071
vn 0.7071 -0.0000 0.7071
vn -0.9239 -0.3827 -0.0000
vn -0.1951 -0.9808 -0.0000
vn -0.5556 -0.8315 -0.0000
vn 0.9239 -0.3827 -0.0000
vn 0.1951 -0.9808 -0.0000
vn 0.5556 -0.8315 -0.0000
vn 0.9732 0.2298 -0.0000
vn 1.0000 -0.0000 -0.0000
vn -1.0000 -0.0000 -0.0000
vn -0.9732 0.2298 -0.0000
vn 0.1481 -0.9778 -0.1481
vn 0.1481 -0.9778 0.1481
vn -0.6507 -0.3914 -0.6507
vn -0.6619 0.3517 -0.6619
vn 0.6809 0.2695 -0.6809
vn 0.7071 -0.0000 -0.7071
vn 0.6619 0.3517 -0.6619
vn -0.6809 0.2695 0.6809
vn 0.6507 -0.3914 0.6507
vn 0.6619 0.3517 0.6619
vn -0.3503 -0.8687 -0.3503
vn 0.0168 -0.2937 0.9558
vn 0.6746 -0.2997 0.6746
vn -0.6924 -0.2031 0.6924
vn -0.0545 -0.3805 0.9232
vn 0.6291 -0.4567 0.6291
vn -0.2289 -0.2577 0.9387
vn 0.1233 -0.9847 0.1233
vn 0.3300 -0.8844 0.3300
vn -0.4477 -0.6534 0.6105
vn -0.2998 -0.5958 0.7451
vn -0.9558 -0.2937 -0.0168
vn -0.9232 -0.3805 0.0545
vn -0.9387 -0.2577 0.2289
vn -0.6105 -0.6534 0.4477
vn -0.7451 -0.5958 0.2998
vn 0.9558 -0.2937 0.0168
vn 0.6924 -0.2031 -0.6924
vn 0.9232 -0.3805 -0.0545
vn 0.9387 -0.2577 -0.2289
vn 0.6105 -0.6534 -0.4477
vn 0.7451 -0.5958 -0.2998
vn -0.0168 -0.2937 -0.9558
vn -0.6746 -0.2997 -0.6746
vn 0.0545 -0.3805 -0.9232
vn -0.6291 -0.4567 -0.6291
vn 0.2289 -0.2577 -0.9387
vn -0.1233 -0.9847 -0.1233
vn -0.3300 -0.8844 -0.3301
vn 0.4477 -0.6534 -0.6105
vn 0.2998 -0.5958 -0.7451
vn -0.0000 -0.9045 0.4264
vn 0.4264 -0.9045 -0.0000
vn -0.9558 -0.2937 0.0168
vn -0.6746 -0.2997 0.6746
vn -0.6924 -0.2031 -0.6924
vn -0.9232 -0.3805 -0.0545
vn -0.6291 -0.4567 0.6291
vn -0.9387 -0.2577 -0.2289
vn -0.1233 -0.9847 0.1233
vn -0.3300 -0.8844 0.3300
vn -0.6105 -0.6534 -0.4477
vn -0.7451 -0.5958 -0.2998
vn 0.0168 -0.2937 -0.9558
vn -0.0545 -0.3805 -0.9232
vn -0.2289 -0.2577 -0.9387
vn -0.4477 -0.6534 -0.6105
vn -0.2998 -0.5958 -0.7451
vn -0.0168 -0.2937 0.9558
vn 0.6924 -0.2031 0.6924
vn 0.0545 -0.3805 0.9232
vn 0.2289 -0.2577 0.9387
vn 0.4477 -0.6534 0.6105
vn 0.2998 -0.5958 0.7451
vn 0.9558 -0.2937 -0.0168
vn 0.6746 -0.2997 -0.6746
vn 0.9232 -0.3805 0.0545
vn 0.6291 -0.4567 -0.6291
vn 0.9387 -0.2577 0.2289
vn 0.1233 -0.9847 -0.1233
vn 0.3301 -0.8844 -0.3300
vn 0.6105 -0.6534 0.4477
vn 0.7451 -0.5958 0.2998
vn -0.0000 -0.9045 -0.4264
vn -0.4264 -0.9045 -0.0000
vt 0.033407 0.520900
vt 0.000100 0.520900
vt 0.000100 0.500100
vt 0.033407 0.516740
vt 0.041733 0.520900
vt 0.216593 0.604100
vt 0.216593 0.608260
vt 0.208267 0.604100
vt 0.249900 0.604100
vt 0.249900 0.624900
vt 0.041733 0.604100
vt 0.033407 0.604100
vt 0.000100 0.604100
vt 0.249900 0.520900
vt 0.216593 0.520900
vt 0.208266 0.520900
vt 0.033407 0.608260
vt 0.000100 0.624900
vt 0.216593 0.516740
vt 0.249900 0.500100
vt 0.033407 0.520900
vt 0.000100 0.520900
vt 0.033407 0.516740
vt 0.041733 0.520900
vt 0.216593 0.608260
vt 0.208267 0.604100
vt 0.041733 0.604100
vt 0.033407 0.604100
vt 0.000100 0.604100
vt 0.208266 0.791733
vt 0.208267 0.958267
vt 0.041733 0.958267
vt 0.041733 0.791733
vt 0.213047 0.712577
vt 0.213047 0.743041
vt 0.241110 0.743041
vt 0.241110 0.712577
vt 0.208254 0.525464
vt 0.208254 0.707784
vt 0.213047 0.525464
vt 0.213047 0.747835
vt 0.169817 0.743041
vt 0.169817 0.747835
vt 0.245903 0.747835
vt 0.241110 0.525464
vt 0.086574 0.654092
vt 0.100887 0.654092
vt 0.100887 0.686517
vt 0.086574 0.686517
vt 0.169817 0.712577
vt 0.169817 0.707784
vt 0.100887 0.500983
vt 0.086574 0.500983
vt 0.245903 0.712577
vt 0.245903 0.525464
vt 0.375000 0.768238
vt 0.375000 0.792332
vt 0.474920 0.792332
vt 0.474920 0.768238
vt 0.325000 0.625000
vt 0.375000 0.625000
vt 0.325000 0.583333
vt 0.250000 0.625000
vt 0.282322 0.625000
vt 0.282322 0.547769
vt 0.250000 0.520833
vt 0.375000 0.951468
vt 0.375000 0.968650
vt 0.479083 0.968650
vt 0.479083 0.951468
vt 0.474920 0.792332
vt 0.375000 0.792332
vt 0.425000 0.625000
vt 0.425000 0.583333
vt 0.500000 0.625000
vt 0.500000 0.520833
vt 0.467678 0.547769
vt 0.467678 0.625000
vt 0.479083 0.951468
vt 0.479083 0.968650
vt 0.375000 0.968650
vt 0.375000 0.801988
vt 0.275080 0.792332
vt 0.270917 0.801988
vt 0.282322 0.702231
vt 0.325000 0.666667
vt 0.375000 0.801988
vt 0.425000 0.666667
vt 0.467678 0.702231
vt 0.479083 0.801988
vt 0.479083 0.801988
vt 0.270917 0.951468
vt 0.270917 0.968650
vt 0.275080 0.768238
vt 0.270917 0.951468
vt 0.275080 0.768238
vt 0.250000 0.729167
vt 0.500000 0.729167
vt 0.270917 0.837352
vt 0.375000 0.837352
vt 0.479083 0.837352
vt 0.375000 0.837352
vt 0.479083 0.837352
vt 0.421001 0.801988
vt 0.421001 0.792332
vt 0.328999 0.768238
vt 0.328999 0.792332
vt 0.325000 0.583333
vt 0.282322 0.578962
vt 0.282322 0.625000
vt 0.325000 0.625000
vt 0.250000 0.671038
vt 0.282322 0.671038
vt 0.328999 0.951468
vt 0.328999 0.968650
vt 0.375000 0.968650
vt 0.425000 0.583333
vt 0.425000 0.625000
vt 0.467678 0.625000
vt 0.467678 0.578962
vt 0.500000 0.671038
vt 0.467678 0.671038
vt 0.328999 0.951468
vt 0.375000 0.951468
vt 0.328999 0.968650
vt 0.479083 0.801988
vt 0.421001 0.801988
vt 0.421001 0.768238
vt 0.250000 0.578962
vt 0.421001 0.968650
vt 0.421001 0.951468
vt 0.500000 0.578962
vt 0.421001 0.951468
vt 0.421001 0.968650
vt 0.270917 0.951468
vt 0.270917 0.968650
vt 0.270917 0.951468
vt 0.270917 0.837352
vt 0.328999 0.837352
vt 0.328999 0.801988
vt 0.425000 0.666667
vt 0.421001 0.837352
vt 0.479083 0.837352
vt 0.479083 0.951468
vt 0.282322 0.547769
vt 0.250000 0.520833
vt 0.479083 0.951468
vt 0.474920 0.768238
vt 0.467678 0.547769
vt 0.270917 0.801988
vt 0.328999 0.801988
vt 0.282322 0.702231
vt 0.250000 0.729167
vt 0.467678 0.702231
vt 0.421001 0.837352
vt 0.328999 0.837352
vt 0.375000 0.837352
vt 0.084272 0.673426
vt 0.084272 0.685581
vt 0.120737 0.685581
vt 0.114659 0.673426
vt 0.090400 0.673325
vt 0.102656 0.685581
vt 0.102656 0.673325
vt 0.043628 0.500039
vt 0.043628 0.749961
vt 0.022500 0.749961
vt 0.022500 0.500039
vt 0.070838 0.500039
vt 0.070838 0.749961
vt 0.011837 0.741571
vt 0.028200 0.741571
vt 0.028200 0.745543
vt 0.011837 0.745543
vt 0.084272 0.701427
vt 0.084272 0.701296
vt 0.120737 0.701296
vt 0.086805 0.741571
vt 0.086805 0.721513
vt 0.119318 0.721513
vt 0.119314 0.741571
vt 0.048546 0.721513
vt 0.048546 0.741571
vt 0.028200 0.721513
vt 0.048546 0.745543
vt 0.086805 0.745543
vt 0.162875 0.741571
vt 0.162875 0.721513
vt 0.130362 0.721513
vt 0.130366 0.741571
vt 0.237844 0.741571
vt 0.237844 0.745543
vt 0.221480 0.745543
vt 0.221480 0.741571
vt 0.201134 0.721513
vt 0.221480 0.721513
vt 0.201134 0.741571
vt 0.201134 0.745543
vt 0.162875 0.745543
vt 0.119543 0.745543
vt 0.130138 0.745543
vt 0.119543 0.745543
vt 0.119318 0.721513
vt 0.130138 0.745543
vt 0.118960 0.741571
vt 0.118964 0.721513
vt 0.130721 0.741571
vt 0.130716 0.721513
vt 0.119203 0.745543
vt 0.130477 0.745543
vt 0.130721 0.741571
s 1
usemtl M_DungeonEnviro
f 2953/2211/1280 2950/2212/1278 2949/2213/1278 2975/2214/1289
f 2968/2215/1286 2953/2211/1280 2975/2214/1289
f 2959/2216/1281 2976/2217/1290 2957/2218/1282
f 2956/2219/1278 2961/2220/1278 2976/2217/1290 2959/2216/1281
f 2967/2221/1285 2958/2222/1280 2953/2211/1280 2968/2215/1286
f 2958/2222/1280 2955/2223/1278 2950/2212/1278 2953/2211/1280
f 2951/2224/1278 2956/2219/1278 2959/2216/1281 2954/2225/1281
f 2954/2225/1281 2959/2216/1281 2957/2218/1282 2952/2226/1279
f 2960/2227/1283 2962/2228/1278 2955/2223/1278 2958/2222/1280
f 2964/2229/1284 2963/2230/1278 2951/2224/1278 2954/2225/1281
f 2967/2221/1285 2960/2227/1283 2958/2222/1280
f 2952/2226/1279 2964/2229/1284 2954/2225/1281
f 2969/2231/1287 2965/2232/1278 2962/2213/1278 2960/2233/1283
f 2967/2234/1285 2969/2231/1287 2960/2233/1283
f 2974/2216/1288 2964/2235/1284 2952/2236/1279
f 2972/2219/1278 2963/2220/1278 2964/2235/1284 2974/2216/1288
f 2957/2237/1282 2973/2238/1287 2969/2231/1287 2967/2234/1285
f 2973/2238/1287 2971/2239/1278 2965/2232/1278 2969/2231/1287
f 2966/2224/1278 2972/2219/1278 2974/2216/1288 2970/2225/1288
f 2970/2225/1288 2974/2216/1288 2952/2236/1279 2968/2226/1286
f 2968/2226/1286 2975/2229/1289 2970/2225/1288
f 2975/2229/1289 2949/2230/1278 2966/2224/1278 2970/2225/1288
f 2957/2237/1282 2976/2227/1290 2973/2238/1287
f 2976/2227/1290 2961/2228/1278 2971/2239/1278 2973/2238/1287
f 2968/2240/1286 2952/2241/1279 2957/2242/1282 2967/2243/1285
f 2982/2244/1296 2977/2245/1291 2978/2246/1292 2983/2247/1294
f 2988/2248/1300 2989/2249/1301 2982/2244/1296 2979/2250/1293
f 2992/2251/1304 2977/2245/1291 2986/2252/1291 2995/2253/1304
f 2991/2254/1303 2978/2246/1292 2977/2245/1291 2992/2251/1304
f 2979/2250/1293 2982/2244/1296 2983/2247/1294 2980/2255/1294
f 2989/2256/1301 2984/2257/1297 2987/2258/1299 2990/2259/1302
f 2977/2245/1291 2982/2244/1296 2985/2260/1298 2986/2252/1291
f 2982/2244/1296 2989/2249/1301 2990/2261/1302 2985/2260/1298
f 2981/2262/1295 2984/2257/1297 2989/2256/1301 2988/2263/1300
f 2980/2255/1294 2983/2247/1294 2994/2264/1305 2993/2265/1305
f 2983/2247/1294 2978/2246/1292 2991/2254/1303 2994/2264/1305
f 3001/2244/1308 3002/2247/1293 2997/2246/1306 2996/2245/1291
f 3004/2248/1310 2998/2250/1294 3001/2244/1308 3005/2249/1311
f 3007/2251/1304 2995/2253/1304 2986/2252/1291 2996/2245/1291
f 3006/2254/1312 3007/2251/1304 2996/2245/1291 2997/2246/1306
f 2998/2250/1294 2999/2255/1293 3002/2247/1293 3001/2244/1308
f 3005/2256/1311 2990/2259/1302 2987/2258/1299 3003/2257/1309
f 2996/2245/1291 2986/2252/1291 2985/2260/1298 3001/2244/1308
f 3001/2244/1308 2985/2260/1298 2990/2261/1302 3005/2249/1311
f 3000/2262/1307 3004/2263/1310 3005/2256/1311 3003/2257/1309
f 2999/2255/1293 3008/2265/1313 3009/2264/1313 3002/2247/1293
f 3002/2247/1293 3009/2264/1313 3006/2254/1312 2997/2246/1306
f 3027/2266/1307 3028/2267/1327 3073/2268/1348 3013/2269/1317
f 3025/2270/1326 3019/2271/1299 3032/2272/1331
f 3024/2273/1325 3017/2274/1321 3083/2275/1355 3072/2276/1347
f 3034/2277/1307 3024/2278/1325 3072/2279/1347 3077/2280/1317
f 3022/2266/1295 3079/2269/1333 3011/2281/1315 3023/2282/1324
f 3020/2283/1323 3029/2284/1328 3019/2271/1299
f 3018/2285/1322 3010/2286/1314 3031/2287/1330 3016/2288/1320
f 3037/2277/1295 3035/2289/1333 3010/2290/1314 3018/2291/1322
f 3026/2292/1327 3028/2267/1327 3076/2293/1351 3074/2294/1349
f 3025/2270/1326 3017/2274/1321 3030/2295/1329 3055/2296/1345
f 3021/2297/1324 3014/2294/1318 3082/2293/1354 3023/2282/1324
f 3020/2283/1323 3065/2298/1346 3033/2299/1332 3016/2288/1320
f 3078/2300/1352 3021/2297/1324 3023/2282/1324 3011/2281/1315
f 3012/2301/1316 3073/2268/1348 3028/2267/1327 3026/2292/1327
f 3036/2302/1334 3037/2277/1295 3018/2291/1322 3080/2303/1353
f 3081/2304/1334 3022/2266/1295 3023/2282/1324 3082/2293/1354
f 3087/2305/1350 3015/2303/1319 3024/2278/1325 3034/2277/1307
f 3075/2306/1350 3076/2293/1351 3028/2267/1327 3027/2266/1307
f 3030/2295/1329 3017/2274/1321 3024/2273/1325 3015/2307/1319
f 3031/2287/1330 3029/2284/1328 3020/2283/1323 3016/2288/1320
f 3055/2296/1345 3019/2271/1299 3025/2270/1326
f 3033/2299/1332 3080/2308/1353 3018/2285/1322 3016/2288/1320
f 3019/2271/1299 3065/2298/1346 3020/2283/1323
f 3032/2272/1331 3083/2275/1355 3017/2274/1321 3025/2270/1326
f 3074/2309/1349 3087/2305/1350 3034/2277/1307 3026/2310/1327
f 3026/2310/1327 3034/2277/1307 3077/2280/1317 3012/2311/1316
f 3014/2309/1318 3021/2312/1324 3037/2277/1295 3036/2302/1334
f 3021/2312/1324 3078/2313/1352 3035/2289/1333 3037/2277/1295
f 3056/2314/1341 3058/2315/1341 3046/2282/1341 3044/2297/1341
f 3067/2316/1342 3068/2317/1341 3046/2282/1341 3045/2266/1342
f 3055/2318/1345 3049/2319/1340 3043/2320/1340 3042/2321/1339
f 3064/2322/1338 3071/2323/1340 3043/2320/1340 3041/2273/1338
f 3086/2324/1342 3064/2325/1338 3041/2326/1338 3084/2277/1342
f 3032/2327/1331 3039/2328/1336 3040/2329/1337 3048/2330/1337
f 3060/2331/1335 3038/2285/1335 3040/2329/1337 3070/2332/1337
f 3069/2333/1343 3047/2334/1343 3038/2326/1335 3060/2335/1335
f 3012/2336/1316 3051/2337/1344 3053/2315/1344 3073/2268/1348
f 3074/2336/1349 3076/2268/1351 3058/2315/1341 3056/2314/1341
f 3045/2266/1342 3046/2282/1341 3058/2315/1341 3057/2338/1342
f 3042/2321/1339 3019/2271/1299 3055/2318/1345
f 3041/2273/1338 3043/2320/1340 3049/2319/1340 3054/2339/1338
f 3084/2277/1342 3041/2326/1338 3054/2340/1338 3085/2341/1342
f 3039/2328/1336 3032/2327/1331 3019/2271/1299
f 3038/2285/1335 3050/2342/1335 3048/2330/1337 3040/2329/1337
f 3047/2334/1343 3059/2343/1343 3050/2344/1335 3038/2326/1335
f 3035/2345/1333 3069/2333/1343 3060/2335/1335 3010/2346/1314
f 3079/2304/1333 3062/2316/1343 3063/2317/1344 3011/2293/1315
f 3036/2347/1334 3080/2346/1353 3064/2325/1338 3086/2324/1342
f 3081/2306/1334 3082/2293/1354 3068/2317/1341 3067/2316/1342
f 3078/2348/1352 3061/2349/1344 3069/2333/1343 3035/2345/1333
f 3044/2297/1341 3046/2282/1341 3068/2317/1341 3066/2350/1341
f 3042/2321/1339 3043/2320/1340 3071/2323/1340 3065/2296/1346
f 3039/2328/1336 3029/2351/1328 3070/2332/1337 3040/2329/1337
f 3051/2352/1344 3012/2353/1316 3077/2354/1317 3059/2343/1343
f 3057/2338/1342 3058/2315/1341 3076/2268/1351 3075/2269/1350
f 3054/2339/1338 3049/2319/1340 3030/2355/1329 3015/2356/1319
f 3085/2341/1342 3054/2340/1338 3015/2290/1319 3087/2357/1350
f 3052/2338/1343 3013/2358/1317 3073/2268/1348 3053/2315/1344
f 3050/2342/1335 3072/2286/1347 3083/2359/1355 3048/2330/1337
f 3059/2343/1343 3077/2354/1317 3072/2290/1347 3050/2344/1335
f 3066/2350/1341 3068/2317/1341 3082/2293/1354 3014/2360/1318
f 3061/2361/1344 3078/2360/1352 3011/2293/1315 3063/2317/1344
f 3019/2271/1299 3042/2321/1339 3065/2296/1346
f 3033/2362/1332 3071/2323/1340 3064/2322/1338 3080/2363/1353
f 3083/2359/1355 3032/2327/1331 3048/2330/1337
f 3033/2362/1332 3065/2296/1346 3071/2323/1340
f 3055/2318/1345 3030/2355/1329 3049/2319/1340
f 3031/2364/1330 3070/2332/1337 3029/2351/1328
f 3031/2364/1330 3010/2308/1314 3060/2331/1335 3070/2332/1337
f 3019/2271/1299 3029/2351/1328 3039/2328/1336
f 3056/2365/1341 3085/2341/1342 3087/2357/1350 3074/2353/1349
f 3014/2348/1318 3036/2347/1334 3086/2324/1342 3066/2366/1341
f 3044/2367/1341 3084/2277/1342 3085/2341/1342 3056/2365/1341
f 3066/2366/1341 3086/2324/1342 3084/2277/1342 3044/2367/1341
f 3095/2368/1357 3092/2369/1357 3089/2370/1356 3094/2371/1359
f 3094/2372/1359 3089/2369/1356 3097/2373/1358 3093/2374/1358
f 3088/2375/1295 3094/2376/1359 3093/2377/1358 3090/2378/1333
f 3091/2379/1334 3095/2380/1357 3094/2376/1359 3088/2375/1295
f 3097/2381/1358 3099/2382/1361 3100/2383/1333 3096/2384/1333
f 3097/2373/1358 3089/2369/1356 3099/2385/1361
f 3089/2370/1356 3092/2369/1357 3098/2386/1360 3099/2387/1361
f 3103/2388/1364 3101/2389/1362 3155/2390/1299 3223/2391/1419
f 3102/2392/1363 3104/2393/1365 3099/2382/1361 3098/2394/1360
f 3099/2382/1361 3104/2393/1365 3105/2395/1333 3100/2383/1333
f 3101/2389/1362 3103/2388/1364 3104/2393/1365 3102/2392/1363
f 3103/2388/1364 3106/2396/1333 3105/2395/1333 3104/2393/1365
f 3148/2397/1384 3146/2398/1382 3155/2399/1299 3156/2400/1387
f 3140/2368/1378 3111/2371/1367 3108/2370/1366 3137/2369/1378
f 3111/2372/1367 3110/2374/1358 3113/2373/1358 3108/2369/1366
f 3107/2375/1343 3109/2378/1333 3110/2377/1358 3111/2376/1367
f 3136/2379/1317 3107/2375/1343 3111/2376/1367 3140/2380/1378
f 3113/2401/1358 3112/2402/1333 3115/2403/1333 3114/2404/1368
f 3113/2373/1358 3114/2385/1368 3108/2369/1366
f 3108/2370/1366 3114/2387/1368 3143/2386/1380 3137/2369/1378
f 3116/2397/1369 3152/2400/1386 3155/2399/1299 3146/2398/1382
f 3147/2405/1383 3143/2406/1380 3114/2404/1368 3117/2407/1370
f 3114/2404/1368 3115/2403/1333 3118/2408/1333 3117/2407/1370
f 3146/2398/1382 3147/2405/1383 3117/2407/1370 3116/2397/1369
f 3116/2397/1369 3117/2407/1370 3118/2408/1333 3119/2409/1333
f 3103/2388/1364 3223/2391/1419 3153/2410/1343 3106/2396/1333
f 3095/2368/1357 3124/2371/1373 3121/2370/1371 3092/2369/1357
f 3124/2372/1373 3123/2374/1372 3126/2373/1372 3121/2369/1371
f 3120/2375/1342 3122/2378/1350 3123/2377/1372 3124/2376/1373
f 3091/2379/1334 3120/2375/1342 3124/2376/1373 3095/2380/1357
f 3126/2381/1372 3125/2384/1350 3128/2383/1350 3127/2382/1374
f 3126/2373/1372 3127/2385/1374 3121/2369/1371
f 3121/2370/1371 3127/2387/1374 3098/2386/1360 3092/2369/1357
f 3102/2392/1363 3098/2394/1360 3127/2382/1374 3130/2393/1376
f 3127/2382/1374 3128/2383/1350 3131/2395/1350 3130/2393/1376
f 3101/2389/1362 3102/2392/1363 3130/2393/1376 3129/2388/1375
f 3129/2388/1375 3130/2393/1376 3131/2395/1350 3132/2396/1350
f 3148/2397/1384 3156/2400/1387 3157/2411/1342 3151/2409/1350
f 3140/2368/1378 3137/2369/1378 3134/2370/1377 3139/2371/1379
f 3139/2372/1379 3134/2369/1377 3142/2373/1372 3138/2374/1372
f 3133/2375/1307 3139/2376/1379 3138/2377/1372 3135/2378/1350
f 3136/2379/1317 3140/2380/1378 3139/2376/1379 3133/2375/1307
f 3142/2401/1372 3144/2404/1381 3145/2403/1350 3141/2402/1350
f 3142/2373/1372 3134/2369/1377 3144/2385/1381
f 3134/2370/1377 3137/2369/1378 3143/2386/1380 3144/2387/1381
f 3129/2388/1375 3132/2396/1350 3224/2412/1307 3222/2391/1418
f 3147/2405/1383 3149/2407/1385 3144/2404/1381 3143/2406/1380
f 3144/2404/1381 3149/2407/1385 3150/2408/1350 3145/2403/1350
f 3146/2398/1382 3148/2397/1384 3149/2407/1385 3147/2405/1383
f 3148/2397/1384 3151/2409/1350 3150/2408/1350 3149/2407/1385
f 3129/2388/1375 3222/2391/1418 3155/2413/1299 3101/2389/1362
f 3116/2397/1369 3119/2409/1333 3154/2414/1295 3152/2400/1386
f 3165/2368/1389 3162/2369/1389 3159/2370/1388 3164/2371/1391
f 3164/2372/1391 3159/2369/1388 3167/2373/1390 3163/2374/1390
f 3158/2375/1343 3164/2376/1391 3163/2377/1390 3160/2378/1317
f 3161/2379/1333 3165/2380/1389 3164/2376/1391 3158/2375/1343
f 3167/2381/1390 3169/2382/1393 3170/2383/1317 3166/2384/1317
f 3167/2373/1390 3159/2369/1388 3169/2385/1393
f 3159/2370/1388 3162/2369/1389 3168/2386/1392 3169/2387/1393
f 3172/2392/1395 3174/2393/1397 3169/2382/1393 3168/2394/1392
f 3169/2382/1393 3174/2393/1397 3175/2395/1317 3170/2383/1317
f 3171/2389/1394 3173/2388/1396 3174/2393/1397 3172/2392/1395
f 3173/2388/1396 3176/2396/1317 3175/2395/1317 3174/2393/1397
f 3199/2388/1407 3156/2415/1387 3155/2416/1299 3171/2389/1394
f 3210/2368/1410 3181/2371/1399 3178/2370/1398 3207/2369/1410
f 3181/2372/1399 3180/2374/1390 3183/2373/1390 3178/2369/1398
f 3177/2375/1307 3179/2378/1317 3180/2377/1390 3181/2376/1399
f 3206/2379/1350 3177/2375/1307 3181/2376/1399 3210/2380/1410
f 3183/2401/1390 3182/2402/1317 3185/2403/1317 3184/2404/1400
f 3183/2373/1390 3184/2385/1400 3178/2369/1398
f 3178/2370/1398 3184/2387/1400 3213/2386/1412 3207/2369/1410
f 3186/2397/1401 3223/2417/1419 3155/2418/1299 3216/2398/1414
f 3217/2405/1415 3213/2406/1412 3184/2404/1400 3187/2407/1402
f 3184/2404/1400 3185/2403/1317 3188/2408/1317 3187/2407/1402
f 3216/2398/1414 3217/2405/1415 3187/2407/1402 3186/2397/1401
f 3186/2397/1401 3187/2407/1402 3188/2408/1317 3189/2409/1317
f 3173/2388/1396 3171/2389/1394 3155/2416/1299 3222/2415/1418
f 3165/2368/1389 3194/2371/1405 3191/2370/1403 3162/2369/1389
f 3194/2372/1405 3193/2374/1404 3196/2373/1404 3191/2369/1403
f 3190/2375/1295 3192/2378/1334 3193/2377/1404 3194/2376/1405
f 3161/2379/1333 3190/2375/1295 3194/2376/1405 3165/2380/1389
f 3196/2381/1404 3195/2384/1334 3198/2383/1334 3197/2382/1406
f 3196/2373/1404 3197/2385/1406 3191/2369/1403
f 3191/2370/1403 3197/2387/1406 3168/2386/1392 3162/2369/1389
f 3173/2388/1396 3222/2415/1418 3224/2419/1307 3176/2396/1317
f 3172/2392/1395 3168/2394/1392 3197/2382/1406 3200/2393/1408
f 3197/2382/1406 3198/2383/1334 3201/2395/1334 3200/2393/1408
f 3171/2389/1394 3172/2392/1395 3200/2393/1408 3199/2388/1407
f 3199/2388/1407 3200/2393/1408 3201/2395/1334 3202/2396/1334
f 3210/2368/1410 3207/2369/1410 3204/2370/1409 3209/2371/1411
f 3209/2372/1411 3204/2369/1409 3212/2373/1404 3208/2374/1404
f 3203/2375/1342 3209/2376/1411 3208/2377/1404 3205/2378/1334
f 3206/2379/1350 3210/2380/1410 3209/2376/1411 3203/2375/1342
f 3212/2401/1404 3214/2404/1413 3215/2403/1334 3211/2402/1334
f 3212/2373/1404 3204/2369/1409 3214/2385/1413
f 3204/2370/1409 3207/2369/1410 3213/2386/1412 3214/2387/1413
f 3199/2388/1407 3202/2396/1334 3157/2419/1342 3156/2415/1387
f 3217/2405/1415 3219/2407/1417 3214/2404/1413 3213/2406/1412
f 3214/2404/1413 3219/2407/1417 3220/2408/1334 3215/2403/1334
f 3216/2398/1414 3218/2397/1416 3219/2407/1417 3217/2405/1415
f 3218/2397/1416 3221/2409/1334 3220/2408/1334 3219/2407/1417
f 3218/2397/1416 3152/2417/1386 3154/2420/1295 3221/2409/1334
f 3218/2397/1416 3216/2398/1414 3155/2418/1299 3152/2417/1386
f 3186/2397/1401 3189/2409/1317 3153/2420/1343 3223/2421/1419
o M_Room_2Door
v 6.000000 0.200000 6.000000
v 0.000001 0.200000 6.000000
v 0.000000 0.000000 5.000000
v 5.200000 0.200000 5.200000
v 0.800000 0.000000 0.800000
v 5.000001 0.000000 5.000000
v 3.000000 0.000000 3.000000
v 1.000000 0.000000 1.000000
v 6.000000 0.200000 0.000000
v 6.000000 0.200000 -6.000000
v 3.000000 0.000000 0.000000
v 1.000000 0.000000 0.000000
v 5.000000 0.000000 0.000000
v 5.200000 0.200000 0.000000
v 0.800000 0.000000 0.000000
v 5.200000 0.200000 -5.199999
v -0.000000 0.200000 -6.000000
v 0.000000 0.000000 -3.000000
v 0.000000 0.000000 -1.000000
v 0.000000 0.000000 -5.000000
v -0.000000 0.200000 -5.200000
v 0.000000 0.000000 -0.800000
v 1.000001 0.000000 -1.000000
v 3.000001 0.000000 -3.000000
v 5.000000 0.000000 -5.000000
v 0.800000 0.000000 -0.800000
v -5.200000 0.200000 0.000000
v -5.200000 0.200000 5.200000
v -0.800000 0.000000 0.800000
v -5.000000 0.000000 5.000000
v -6.000000 0.200000 6.000000
v 0.000000 0.200000 0.000000
v 0.000000 0.000000 3.000000
v 0.000000 0.000000 1.000000
v 0.000000 0.200000 5.200000
v 0.000000 0.200000 0.800000
v -1.000001 0.000000 1.000000
v -3.000001 0.000000 3.000000
v -6.000000 0.200000 0.000000
v -3.000000 0.000000 0.000000
v -5.000000 0.000000 0.000000
v -1.000000 0.000000 0.000000
v -0.800000 0.000000 0.000000
v -1.000000 0.000000 -0.999999
v -0.800000 0.000000 -0.799999
v -5.000000 0.000000 -5.000000
v -3.000000 0.000000 -3.000000
v -6.000000 0.200000 -6.000000
v -5.200002 0.200000 -5.200000
v 3.000000 6.000000 0.000000
v 4.000000 6.000000 0.000000
v 4.853553 5.646447 0.000000
v 5.400000 0.000000 0.000000
v 0.000000 6.000000 0.000000
v 4.853553 5.646447 -0.500000
v 1.146447 6.000000 -0.500000
v 5.500000 5.000000 -0.500000
v 3.000000 6.000000 -0.500000
v 4.000000 6.000000 -0.500000
v 5.500000 0.500000 -0.500000
v 5.400000 0.000000 -0.500000
v 5.400000 0.300000 -0.500000
v 2.000000 6.000000 -0.500000
v 2.000000 6.000000 -2.000000
v 5.500000 5.000000 0.000000
v 5.500000 0.500000 0.000000
v 5.400000 0.300000 0.000000
v 1.146447 6.000000 0.000000
v 2.000000 6.000000 0.000000
v 5.500000 5.000000 5.500000
v 5.500000 0.500000 5.500000
v 5.500000 5.000000 0.500000
v 3.000000 6.000000 0.500000
v 4.000000 6.000000 0.500000
v 5.500000 0.500000 0.500000
v 5.400000 0.000000 0.500000
v 5.400000 0.300000 0.500000
v 0.500000 6.000000 0.500000
v 2.000000 6.000000 0.500000
v 4.853553 5.646447 0.500000
v 1.146447 6.000000 0.500000
v 2.000000 6.000000 1.999998
v 4.853553 5.646447 4.853554
v 4.000000 6.000000 4.000000
v -2.000000 6.000000 0.000000
v -5.500000 5.000000 -5.500000
v -1.146447 6.000000 -0.500000
v -4.853553 5.646447 -0.500000
v -3.000000 6.000000 -0.500000
v -2.000000 6.000000 -0.500000
v -5.500000 5.000000 -0.500000
v -4.000000 6.000000 -0.500000
v -5.500000 0.500000 -0.500000
v -5.400000 0.000000 -0.500000
v -5.400000 0.300000 -0.500000
v -3.000000 6.000000 -2.999999
v -3.000000 6.000000 0.000000
v -1.146447 6.000000 0.000000
v -5.500000 5.000000 0.000000
v -4.853553 5.646447 0.000000
v -4.000000 6.000000 0.000000
v -5.500000 0.500000 0.000000
v -5.400000 0.000000 0.000000
v -5.400000 0.300000 0.000000
v -5.500000 5.000000 5.500000
v -5.400000 0.000000 5.400000
v -0.500000 6.000000 0.500000
v -3.000000 6.000000 0.500000
v -2.000000 6.000000 0.500000
v -5.500000 5.000000 0.500000
v -4.000000 6.000000 0.500000
v -5.500000 0.500000 0.500000
v -5.400000 0.000000 0.500000
v -5.400000 0.300000 0.500000
v -1.146447 6.000000 0.500000
v -4.853553 5.646447 0.500000
v -4.000000 6.000000 4.000000
v -3.000000 6.000000 3.000000
v -1.146447 6.000000 1.142765
v -4.853553 5.646447 4.853553
v -0.500000 6.000000 -0.500000
v -4.000000 6.000000 -4.000000
v -1.146447 6.000000 -1.146447
v -4.853553 5.646447 -4.853553
v 5.500000 5.000000 -5.500000
v 5.500000 0.500000 -5.500000
v 4.000001 6.000000 -4.000000
v 0.000000 6.000000 3.000000
v 0.000000 6.000000 2.000000
v 0.000000 6.000000 1.146447
v 0.000000 6.000000 4.000000
v -5.500000 0.500000 5.500000
v -5.400000 0.300000 5.400000
v -0.500000 6.000000 1.146447
v -0.500000 6.000000 3.000000
v -0.500000 6.000000 2.000000
v -0.500000 6.000000 4.000000
v -2.000000 6.000000 2.000000
v 0.500000 6.000000 1.146447
v 0.500000 6.000000 4.000000
v 0.500000 6.000000 2.000000
v 0.500000 6.000000 3.000000
v 5.397597 0.000000 5.400000
v 5.400000 0.300000 5.400000
v 1.146446 6.000000 1.146447
v 3.000000 6.000000 3.000000
v -2.000001 0.500000 5.500000
v -2.000001 0.000000 5.400000
v -2.000001 0.300000 5.400000
v -2.000001 5.646447 4.853553
v -2.000000 6.000000 3.000000
v 2.000000 6.000000 3.000000
v 1.999999 6.000000 4.000000
v 1.999999 5.646447 4.853553
v 5.500000 4.411132 -0.500000
v 5.500000 4.411132 0.000000
v 5.500000 4.411132 5.500000
v 5.500000 4.411132 0.500000
v -5.500000 4.411132 -5.500000
v -5.500000 4.411132 -0.500000
v -5.500000 4.411132 0.000000
v -5.500000 4.411132 0.500000
v -5.500000 4.411132 5.500000
v 0.000000 5.000000 5.500000
v 0.000000 5.646447 4.853553
v 0.000000 4.411132 5.500000
v -1.104911 5.646447 4.853553
v -1.104911 5.000000 5.500000
v -1.104911 0.500000 5.500000
v -1.104911 0.000000 5.400000
v -1.104911 0.300000 5.400000
v -1.104911 4.411132 5.500000
v 1.104911 5.000000 5.500000
v 1.104911 0.500000 5.500000
v 1.104911 0.000000 5.400000
v 1.104911 0.300000 5.400000
v 1.104911 4.411132 5.500000
v 1.104911 5.646447 4.853553
v -2.000001 5.000000 5.500000
v -2.000001 6.000000 4.000000
v -2.000001 4.411132 5.500000
v 2.000000 5.000000 5.500000
v 2.000000 0.500000 5.500000
v 2.000000 0.000000 5.400000
v 2.000000 0.300000 5.400000
v 2.000000 4.411132 5.500000
v 0.500000 6.000000 -0.500000
v 4.853553 5.646447 -4.853554
v -5.400000 0.000000 -5.400000
v 0.000000 6.000000 -3.000000
v 0.000000 6.000000 -2.000000
v 0.000000 6.000000 -1.146447
v 0.000000 6.000000 -4.000000
v -5.500000 0.500000 -5.500000
v -5.400000 0.300000 -5.400000
v -0.500000 6.000000 -1.146447
v -0.500000 6.000000 -3.000000
v -0.500000 6.000000 -2.000000
v -0.500000 6.000000 -4.000000
v -2.000000 6.000000 -2.000000
v 0.500000 6.000000 -1.146447
v 0.500000 6.000000 -4.000000
v 0.500000 6.000000 -2.000000
v 0.500000 6.000000 -3.000000
v 5.397597 0.000000 -5.400000
v 5.400000 0.300000 -5.400000
v 1.146446 6.000000 -1.146447
v 3.000000 6.000000 -3.000000
v -2.000001 0.500000 -5.500000
v -2.000001 0.000000 -5.400000
v -2.000001 0.300000 -5.400000
v -2.000001 5.646447 -4.853553
v -2.000000 6.000000 -3.000000
v 2.000000 6.000000 -3.000000
v 1.999999 6.000000 -4.000000
v 1.999999 5.646447 -4.853553
v 5.500000 4.411132 -5.500000
v 0.000000 5.000000 -5.500000
v 0.000000 5.646447 -4.853553
v 0.000000 4.411132 -5.500000
v -1.104911 5.646447 -4.853553
v -1.104911 5.000000 -5.500000
v -1.104911 0.500000 -5.500000
v -1.104911 0.000000 -5.400000
v -1.104911 0.300000 -5.400000
v -1.104911 4.411132 -5.500000
v 1.104911 5.000000 -5.500000
v 1.104911 0.500000 -5.500000
v 1.104911 0.000000 -5.400000
v 1.104911 0.300000 -5.400000
v 1.104911 4.411132 -5.500000
v 1.104911 5.646447 -4.853553
v -2.000001 5.000000 -5.500000
v -2.000001 6.000000 -4.000000
v -2.000001 4.411132 -5.500000
v 2.000000 5.000000 -5.500000
v 2.000000 0.500000 -5.500000
v 2.000000 0.000000 -5.400000
v 2.000000 0.300000 -5.400000
v 2.000000 4.411132 -5.500000
v 0.934911 4.620000 5.363570
v 1.274911 4.620000 5.363570
v 0.934911 0.200000 5.363570
v 1.274911 0.200000 5.363570
v 0.854911 0.200000 6.000000
v 0.934911 4.316920 5.363570
v 1.274911 4.316920 5.363570
v 0.854911 4.236920 6.000000
v -0.000000 4.316920 5.363570
v -0.000000 4.620001 5.363570
v -0.000000 4.236920 6.000000
v 0.854911 0.200000 5.500000
v 0.854911 4.236920 5.500000
v -0.000000 4.236920 5.500000
v 1.354911 4.700000 5.500000
v 0.934911 4.700000 5.500000
v 1.354911 0.200000 5.500000
v 1.354911 4.316920 5.500000
v -0.000000 4.700001 5.500000
v -0.934911 4.620001 5.363570
v -1.274911 4.620001 5.363570
v -0.934911 0.200000 5.363570
v -1.274911 0.200000 5.363570
v -0.854911 0.200000 6.000000
v -0.934911 4.316920 5.363570
v -1.274911 4.316920 5.363570
v -0.854911 4.236920 6.000000
v -0.854911 0.200000 5.500000
v -0.854911 4.236920 5.500000
v -1.354911 4.700001 5.500000
v -0.934911 4.700001 5.500000
v -1.354911 0.200000 5.500000
v -1.354911 4.316920 5.500000
v 0.934911 4.620000 -5.363569
v 1.274910 4.620000 -5.363569
v 0.934911 0.200001 -5.363570
v 1.274910 0.200001 -5.363570
v 0.854911 0.200001 -6.000000
v 0.934911 4.316920 -5.363569
v 1.274910 4.316920 -5.363569
v 0.854911 4.236920 -5.999999
v -0.000000 4.316920 -5.363569
v -0.000000 4.620001 -5.363569
v -0.000000 4.236921 -5.999999
v 0.854911 0.200001 -5.500000
v 0.854911 4.236920 -5.499999
v -0.000000 4.236920 -5.499999
v 1.354910 4.700000 -5.499999
v 0.934911 4.700000 -5.499999
v 1.354910 0.200001 -5.500000
v 1.354910 4.316920 -5.499999
v -0.000000 4.700001 -5.499999
v -0.934911 4.620001 -5.363569
v -1.274911 4.620001 -5.363569
v -0.934911 0.200001 -5.363570
v -1.274911 0.200001 -5.363570
v -0.854911 0.200001 -6.000000
v -0.934911 4.316920 -5.363569
v -1.274911 4.316920 -5.363569
v -0.854911 4.236921 -5.999999
v -0.854911 0.200001 -5.500000
v -0.854911 4.236920 -5.499999
v -1.354911 4.700001 -5.499999
v -0.934911 4.700001 -5.499999
v -1.354911 0.200001 -5.500000
v -1.354911 4.316920 -5.499999
v -5.428236 0.000000 -5.187945
v -5.390967 4.900000 -5.028038
v -5.625413 0.000000 -5.385122
v -5.308092 0.000000 -5.308090
v -5.209503 4.900000 -5.209502
v -5.625413 4.700000 -5.385122
v -5.428236 4.700000 -5.187945
v -5.308092 4.700000 -5.308090
v -5.686732 5.000000 -5.323803
v -5.686732 4.900000 -5.323803
v -5.209503 5.075219 -5.209501
v -5.390966 5.075219 -5.028037
v -5.390966 5.300000 -5.028037
v -3.984579 5.900000 -3.984577
v -4.836574 5.450188 -4.836572
v -4.165323 5.900000 -3.802394
v -5.018546 5.449672 -4.655617
v -5.059978 5.632428 -4.697050
v -4.205317 6.000000 -3.842387
v 5.187947 0.000000 5.428238
v 5.028039 4.900001 5.390968
v 5.385124 0.000000 5.625415
v 5.385124 4.700000 5.625415
v 5.187947 4.700000 5.428238
v 5.323804 5.000000 5.686734
v 5.323804 4.900001 5.686734
v 5.028039 5.075219 5.390967
v 5.028039 5.300001 5.390967
v 3.802394 5.900001 4.165323
v 4.655618 5.449673 5.018547
v 4.697050 5.632428 5.059979
v 3.842387 6.000001 4.205317
v -5.187947 0.000000 -5.428236
v -5.028039 4.900001 -5.390965
v -5.385124 0.000000 -5.625412
v -5.385124 4.700000 -5.625412
v -5.187947 4.700000 -5.428236
v -5.323805 5.000000 -5.686731
v -5.323805 4.900001 -5.686731
v -5.028039 5.075219 -5.390965
v -5.028039 5.300001 -5.390965
v -3.802396 5.900001 -4.165321
v -4.655619 5.449673 -5.018545
v -4.697051 5.632428 -5.059977
v -3.842389 6.000001 -4.205315
v 5.428236 0.000000 5.187948
v 5.390967 4.900001 5.028041
v 5.625413 0.000000 5.385125
v 5.308091 0.000000 5.308094
v 5.209503 4.900001 5.209505
v 5.625413 4.700001 5.385125
v 5.428236 4.700001 5.187948
v 5.308091 4.700001 5.308094
v 5.686732 5.000001 5.323806
v 5.686732 4.900001 5.323806
v 5.209502 5.075220 5.209504
v 5.390966 5.075220 5.028040
v 5.390966 5.300001 5.028040
v 3.984577 5.900001 3.984579
v 4.836572 5.450189 4.836575
v 4.165322 5.900001 3.802396
v 5.018545 5.449673 4.655619
v 5.059978 5.632429 4.697052
v 4.205316 6.000002 3.842390
v -0.000001 5.900001 0.362928
v -0.362929 6.000000 0.000000
v -0.000001 6.000000 0.362928
v -0.000002 5.900001 0.000001
v 0.362926 5.900001 0.000001
v 0.362926 6.000001 0.000001
v 5.187946 0.000000 -5.428236
v 5.028039 4.900000 -5.390966
v 5.385123 0.000000 -5.625413
v 5.308091 0.000000 -5.308091
v 5.209503 4.900000 -5.209504
v 5.385123 4.700000 -5.625413
v 5.187946 4.700000 -5.428236
v 5.308091 4.700000 -5.308091
v 5.323803 5.000000 -5.686731
v 5.323803 4.900000 -5.686731
v 5.209502 5.075219 -5.209503
v 5.028039 5.075219 -5.390966
v 5.028039 5.300000 -5.390966
v 3.984578 5.900000 -3.984579
v 4.836573 5.450188 -4.836573
v 3.802395 5.900000 -4.165323
v 4.655618 5.449672 -5.018546
v 4.697050 5.632428 -5.059978
v 3.842389 6.000000 -4.205317
v -5.428238 0.000000 5.187948
v -5.390968 4.900001 5.028039
v -5.625414 0.000000 5.385124
v -5.625414 4.700000 5.385124
v -5.428238 4.700000 5.187948
v -5.686733 5.000000 5.323805
v -5.686733 4.900001 5.323805
v -5.390968 5.075219 5.028040
v -5.390968 5.300001 5.028040
v -4.165322 5.900001 3.802394
v -5.018546 5.449673 4.655618
v -5.059978 5.632428 4.697050
v -4.205316 6.000001 3.842387
v 5.428236 0.000000 -5.187947
v 5.390966 4.900001 -5.028040
v 5.625413 0.000000 -5.385124
v 5.625413 4.700000 -5.385124
v 5.428236 4.700000 -5.187947
v 5.686731 5.000000 -5.323805
v 5.686731 4.900001 -5.323805
v 5.390965 5.075219 -5.028039
v 5.390965 5.300001 -5.028039
v 4.165322 5.900001 -3.802396
v 5.018545 5.449673 -4.655618
v 5.059978 5.632428 -4.697051
v 4.205316 6.000001 -3.842389
v -5.187948 0.000000 5.428237
v -5.028041 4.900001 5.390968
v -5.385125 0.000000 5.625414
v -5.308094 0.000000 5.308092
v -5.209505 4.900001 5.209504
v -5.385125 4.700001 5.625414
v -5.187948 4.700001 5.428237
v -5.308094 4.700001 5.308092
v -5.323806 5.000001 5.686733
v -5.323806 4.900001 5.686733
v -5.209505 5.075220 5.209503
v -5.028040 5.075220 5.390967
v -5.028040 5.300001 5.390967
v -3.984578 5.900001 3.984577
v -4.836574 5.450189 4.836573
v -3.802395 5.900001 4.165321
v -4.655619 5.449673 5.018546
v -4.697051 5.632429 5.059978
v -3.842388 6.000002 4.205315
v -0.000001 5.900001 -0.362927
v -0.362929 5.900001 0.000001
v -0.000001 6.000000 -0.362927
vn -0.0000 1.0000 -0.0000
vn -0.0000 0.9239 -0.3827
vn -0.1101 0.9878 -0.1101
vn 0.1010 0.9829 0.1541
vn -0.3002 0.9054 -0.3002
vn 0.0128 0.9986 0.0510
vn -0.3827 0.9239 -0.0000
vn 0.1222 0.9925 -0.0000
vn -0.1101 0.9878 0.1101
vn -0.0000 0.9239 0.3827
vn -0.0000 0.9925 -0.1222
vn -0.3002 0.9054 0.3002
vn 0.0310 0.9990 -0.0310
vn 0.3827 0.9239 -0.0000
vn 0.1101 0.9878 -0.1101
vn -0.1010 0.9829 0.1541
vn 0.3002 0.9054 -0.3002
vn -0.0000 0.9981 -0.0618
vn -0.0000 0.9783 0.2071
vn -0.0000 0.9802 0.1981
vn -0.0128 0.9986 0.0510
vn -0.1222 0.9925 -0.0000
vn -0.0310 0.9990 -0.0310
vn 0.3002 0.9054 0.3002
vn 0.1101 0.9878 0.1101
vn -0.0000 -1.0000 -0.0000
vn -0.1951 -0.9808 -0.0000
vn -0.5556 -0.8315 -0.0000
vn -1.0000 -0.0000 -0.0000
vn -0.9239 -0.3827 -0.0000
vn -0.9732 0.2298 -0.0000
vn -1.0000 0.0020 0.0001
vn -0.9730 0.2307 0.0001
vn -0.6507 -0.3914 -0.6507
vn -0.6809 0.2695 -0.6809
vn -1.0000 0.0020 -0.0001
vn -0.9730 0.2307 -0.0001
vn -0.3503 -0.8687 -0.3503
vn -0.1481 -0.9778 -0.1481
vn 0.6507 -0.3914 0.6507
vn 0.5556 -0.8315 -0.0000
vn 0.9239 -0.3827 -0.0000
vn 0.1951 -0.9808 -0.0000
vn 0.9732 0.2298 -0.0000
vn 1.0000 -0.0000 -0.0000
vn 0.6507 -0.3914 -0.6507
vn 0.7071 -0.0000 -0.7071
vn 0.1481 -0.9778 -0.1481
vn 0.3503 -0.8687 -0.3503
vn 0.1481 -0.9778 0.1481
vn 0.3503 -0.8687 0.3503
vn -0.6507 -0.3914 0.6507
vn -0.6809 0.2695 0.6809
vn -0.1481 -0.9778 0.1481
vn -0.0000 -0.9808 -0.1951
vn 0.6809 0.2695 -0.6809
vn 0.6619 0.3517 -0.6619
vn -0.7052 0.0028 -0.7090
vn -0.6623 0.3532 -0.6608
vn -0.0000 0.2298 -0.9732
vn -0.0000 -0.0000 -1.0000
vn -0.0000 -0.8315 -0.5556
vn -0.7071 -0.0000 -0.7071
vn 0.7071 -0.0000 0.7071
vn -0.0000 -0.3827 -0.9239
vn -0.3503 -0.8687 0.3503
vn -0.0000 -0.9808 0.1951
vn 0.6809 0.2695 0.6809
vn 0.6619 0.3517 0.6619
vn -0.7052 0.0028 0.7090
vn -0.6623 0.3532 0.6608
vn -0.0000 0.2298 0.9732
vn -0.0000 -0.0000 1.0000
vn -0.0000 -0.8315 0.5556
vn -0.7071 -0.0000 0.7071
vn -0.0000 -0.3827 0.9239
vn -0.0000 0.4971 -0.8677
vn 0.3994 0.3994 -0.8252
vn -0.4971 -0.0000 -0.8677
vn 0.4971 -0.0000 -0.8677
vn -0.1590 -0.1590 -0.9744
vn -0.7071 -0.7071 -0.0000
vn -0.0000 -0.4971 -0.8677
vn -0.9650 -0.0000 -0.2621
vn -0.6477 -0.6477 -0.4013
vn -0.0000 -0.9650 -0.2621
vn 0.5443 0.5443 -0.6383
vn -0.0000 0.8626 -0.5058
vn 0.8626 -0.0000 -0.5058
vn -0.3994 0.3994 -0.8252
vn 0.1590 -0.1590 -0.9744
vn 0.7071 -0.7071 -0.0000
vn 0.9650 -0.0000 -0.2621
vn 0.6477 -0.6477 -0.4013
vn -0.5443 0.5443 -0.6383
vn -0.8626 -0.0000 -0.5058
vn -0.0000 0.4971 0.8677
vn 0.3994 0.3994 0.8252
vn -0.4971 -0.0000 0.8677
vn 0.4971 -0.0000 0.8677
vn -0.1590 -0.1590 0.9744
vn -0.0000 -0.4971 0.8677
vn -0.9650 -0.0000 0.2621
vn -0.6477 -0.6477 0.4013
vn -0.0000 -0.9650 0.2621
vn 0.5443 0.5443 0.6383
vn -0.0000 0.8626 0.5058
vn 0.8626 -0.0000 0.5058
vn -0.3994 0.3994 0.8252
vn 0.1590 -0.1590 0.9744
vn 0.9650 -0.0000 0.2621
vn 0.6477 -0.6477 0.4013
vn -0.5443 0.5443 0.6383
vn -0.8626 -0.0000 0.5058
vn 0.0168 -0.2937 0.9558
vn 0.6746 -0.2997 0.6746
vn -0.6924 -0.2031 0.6924
vn -0.0545 -0.3805 0.9232
vn 0.6284 -0.4586 0.6284
vn -0.2302 -0.2583 0.9382
vn 0.1259 -0.9840 0.1259
vn 0.3311 -0.8836 0.3311
vn -0.4467 -0.6519 0.6128
vn -0.2975 -0.5966 0.7453
vn -0.9558 -0.2937 -0.0168
vn -0.9232 -0.3805 0.0545
vn -0.9382 -0.2583 0.2302
vn -0.6128 -0.6519 0.4467
vn -0.7453 -0.5966 0.2975
vn 0.9558 -0.2937 0.0168
vn 0.6924 -0.2031 -0.6924
vn 0.9232 -0.3805 -0.0545
vn 0.9382 -0.2583 -0.2302
vn 0.6128 -0.6519 -0.4467
vn 0.7453 -0.5966 -0.2975
vn -0.0168 -0.2937 -0.9558
vn -0.6746 -0.2997 -0.6746
vn 0.0545 -0.3805 -0.9232
vn -0.6284 -0.4586 -0.6284
vn 0.2302 -0.2583 -0.9382
vn -0.1259 -0.9840 -0.1259
vn -0.3311 -0.8836 -0.3311
vn 0.4467 -0.6519 -0.6128
vn 0.2975 -0.5966 -0.7453
vn -0.0000 -0.9045 0.4264
vn 0.4264 -0.9045 -0.0000
vn -0.9558 -0.2937 0.0168
vn -0.6746 -0.2997 0.6746
vn -0.6924 -0.2031 -0.6924
vn -0.9232 -0.3805 -0.0545
vn -0.6284 -0.4586 0.6284
vn -0.9382 -0.2583 -0.2302
vn -0.1259 -0.9840 0.1259
vn -0.3311 -0.8836 0.3311
vn -0.6128 -0.6519 -0.4467
vn -0.7453 -0.5966 -0.2975
vn 0.0168 -0.2937 -0.9558
vn -0.0545 -0.3805 -0.9232
vn -0.2302 -0.2583 -0.9382
vn -0.4467 -0.6519 -0.6128
vn -0.2975 -0.5966 -0.7453
vn -0.0168 -0.2937 0.9558
vn 0.6924 -0.2031 0.6924
vn 0.0545 -0.3805 0.9232
vn 0.2302 -0.2583 0.9382
vn 0.4467 -0.6519 0.6128
vn 0.2975 -0.5966 0.7453
vn 0.9558 -0.2937 -0.0168
vn 0.6746 -0.2997 -0.6746
vn 0.9232 -0.3805 0.0545
vn 0.6284 -0.4586 -0.6284
vn 0.9382 -0.2583 0.2302
vn 0.1259 -0.9840 -0.1259
vn 0.3311 -0.8836 -0.3311
vn 0.6128 -0.6519 0.4467
vn 0.7453 -0.5966 0.2975
vn -0.0000 -0.9045 -0.4264
vn -0.4264 -0.9045 -0.0000
vt 0.208266 0.750100
vt 0.208267 0.958267
vt 0.125000 0.875000
vt 0.125000 0.750100
vt 0.216593 0.500100
vt 0.216593 0.608260
vt 0.208267 0.604100
vt 0.208266 0.500100
vt 0.249900 0.500100
vt 0.249900 0.624900
vt 0.033407 0.516740
vt 0.000100 0.500100
vt 0.033407 0.500100
vt 0.041733 0.520900
vt 0.041733 0.500100
vt 0.041733 0.791733
vt 0.041733 0.750100
vt 0.208266 0.791733
vt 0.216593 0.516740
vt 0.208266 0.520900
vt 0.033407 0.608260
vt 0.000100 0.624900
vt 0.041733 0.604100
vt 0.041733 0.958267
vt 0.125000 0.999900
vt 0.041733 0.999900
vt 0.041733 0.791733
vt 0.033407 0.624900
vt 0.041733 0.624900
vt 0.041733 0.520900
vt 0.216593 0.624900
vt 0.208267 0.999900
vt 0.208267 0.604100
vt 0.208267 0.624900
vt 0.208266 0.791733
vt 0.125000 0.875000
vt 0.208266 0.520900
vt 0.033407 0.608260
vt 0.208267 0.958267
vt 0.208267 0.604100
vt 0.033407 0.608260
vt 0.041733 0.958267
vt 0.041733 0.604100
vt 0.033407 0.516740
vt 0.216593 0.608260
vt 0.479083 0.951468
vt 0.499900 0.951468
vt 0.499900 0.968650
vt 0.479083 0.968650
vt 0.500000 0.520833
vt 0.500000 0.500000
vt 0.467678 0.500000
vt 0.467678 0.520833
vt 0.425000 0.520833
vt 0.425000 0.500000
vt 0.375000 0.500000
vt 0.375000 0.520833
vt 0.479083 0.773091
vt 0.499900 0.773091
vt 0.499900 0.790256
vt 0.479083 0.790256
vt 0.250000 0.520833
vt 0.282322 0.520833
vt 0.282322 0.500000
vt 0.250000 0.500000
vt 0.325000 0.520833
vt 0.325000 0.500000
vt 0.282322 0.547769
vt 0.325000 0.583333
vt 0.479083 0.797135
vt 0.270917 0.797135
vt 0.275080 0.790256
vt 0.425000 0.666667
vt 0.467678 0.702231
vt 0.499900 0.797135
vt 0.275080 0.773091
vt 0.270917 0.951468
vt 0.270917 0.968650
vt 0.375000 0.625000
vt 0.500000 0.729167
vt 0.425000 0.729167
vt 0.425000 0.750000
vt 0.467678 0.750000
vt 0.467678 0.729167
vt 0.270917 0.797135
vt 0.250100 0.797135
vt 0.250100 0.790256
vt 0.270917 0.790256
vt 0.325000 0.729167
vt 0.282322 0.729167
vt 0.282322 0.750000
vt 0.325000 0.750000
vt 0.375000 0.729167
vt 0.375000 0.625000
vt 0.325000 0.666667
vt 0.250000 0.729167
vt 0.282322 0.702231
vt 0.270917 0.773091
vt 0.474920 0.773091
vt 0.474920 0.790256
vt 0.425000 0.583333
vt 0.500000 0.729167
vt 0.500000 0.520833
vt 0.467678 0.547769
vt 0.270917 0.951468
vt 0.479083 0.951468
vt 0.479083 0.968650
vt 0.270917 0.968650
vt 0.250100 0.951468
vt 0.250100 0.968650
vt 0.500000 0.750000
vt 0.375000 0.750000
vt 0.250100 0.773091
vt 0.250000 0.750000
vt 0.479083 0.797135
vt 0.467678 0.520833
vt 0.425000 0.520833
vt 0.499900 0.951468
vt 0.250000 0.520833
vt 0.282322 0.520833
vt 0.325000 0.520833
vt 0.479083 0.790256
vt 0.275080 0.790256
vt 0.282322 0.702231
vt 0.325000 0.666667
vt 0.425000 0.583333
vt 0.467678 0.547769
vt 0.275080 0.773091
vt 0.250000 0.729167
vt 0.467678 0.729167
vt 0.282322 0.729167
vt 0.270917 0.790256
vt 0.270917 0.773091
vt 0.375000 0.729167
vt 0.375000 0.625593
vt 0.325000 0.584164
vt 0.282322 0.548802
vt 0.250000 0.522020
vt 0.270917 0.951468
vt 0.270917 0.968650
vt 0.425000 0.667023
vt 0.467678 0.702385
vt 0.250100 0.951468
vt 0.416633 0.797135
vt 0.416633 0.790256
vt 0.275080 0.790256
vt 0.375000 0.583333
vt 0.325000 0.583333
vt 0.467678 0.729167
vt 0.375000 0.729167
vt 0.333367 0.773091
vt 0.333367 0.790256
vt 0.474920 0.790256
vt 0.474820 0.773091
vt 0.375000 0.666667
vt 0.333367 0.951468
vt 0.333367 0.968650
vt 0.425000 0.666667
vt 0.467678 0.702231
vt 0.325000 0.583333
vt 0.282322 0.666667
vt 0.270917 0.951468
vt 0.416633 0.968650
vt 0.416633 0.951468
vt 0.275080 0.773091
vt 0.416633 0.773091
vt 0.282322 0.583333
vt 0.250000 0.583333
vt 0.250000 0.666667
vt 0.375000 0.625000
vt 0.333367 0.797135
vt 0.270917 0.837352
vt 0.416633 0.837352
vt 0.333367 0.837352
vt 0.479083 0.837352
vt 0.250100 0.837352
vt 0.479083 0.837352
vt 0.499900 0.837352
vt 0.270917 0.837352
vt 0.479083 0.837352
vt 0.425000 0.604167
vt 0.425000 0.625000
vt 0.467678 0.625000
vt 0.467678 0.578962
vt 0.500000 0.671038
vt 0.500000 0.625000
vt 0.467678 0.671038
vt 0.328999 0.951468
vt 0.375000 0.951468
vt 0.375000 0.968650
vt 0.328999 0.968650
vt 0.425000 0.541667
vt 0.467678 0.541667
vt 0.458266 0.797135
vt 0.421001 0.797135
vt 0.421001 0.790256
vt 0.458267 0.790256
vt 0.500000 0.578962
vt 0.421001 0.951468
vt 0.421001 0.968650
vt 0.291733 0.951468
vt 0.291733 0.968650
vt 0.500000 0.708333
vt 0.467678 0.708333
vt 0.291733 0.773091
vt 0.328999 0.773091
vt 0.328999 0.790256
vt 0.291733 0.790256
vt 0.291733 0.837352
vt 0.328999 0.837352
vt 0.425000 0.645833
vt 0.421001 0.837352
vt 0.458266 0.837352
vt 0.458266 0.951468
vt 0.421001 0.773091
vt 0.458266 0.773091
vt 0.500000 0.541667
vt 0.458266 0.968650
vt 0.328999 0.797135
vt 0.291733 0.797135
vt 0.425000 0.708333
vt 0.213047 0.712577
vt 0.213047 0.743041
vt 0.241110 0.743041
vt 0.241110 0.712577
vt 0.208254 0.525464
vt 0.208254 0.707784
vt 0.213047 0.525464
vt 0.213047 0.747835
vt 0.169817 0.743041
vt 0.169817 0.747835
vt 0.245903 0.747835
vt 0.241110 0.525464
vt 0.086574 0.654092
vt 0.100887 0.654092
vt 0.100887 0.686517
vt 0.086574 0.686517
vt 0.169817 0.712577
vt 0.169817 0.707784
vt 0.100887 0.500983
vt 0.086574 0.500983
vt 0.245903 0.712577
vt 0.245903 0.525464
vt 0.084272 0.673426
vt 0.084272 0.685581
vt 0.120737 0.685581
vt 0.114659 0.673426
vt 0.090400 0.673325
vt 0.102656 0.685581
vt 0.102656 0.673325
vt 0.043628 0.500039
vt 0.043628 0.749961
vt 0.022500 0.749961
vt 0.022500 0.500039
vt 0.070838 0.500039
vt 0.070838 0.749961
vt 0.011837 0.741571
vt 0.028200 0.741571
vt 0.028200 0.745543
vt 0.011837 0.745543
vt 0.084272 0.701427
vt 0.084272 0.701296
vt 0.120737 0.701296
vt 0.086805 0.741571
vt 0.086805 0.721513
vt 0.119318 0.721513
vt 0.119314 0.741571
vt 0.048546 0.721513
vt 0.048546 0.741571
vt 0.028200 0.721513
vt 0.048546 0.745543
vt 0.086805 0.745543
vt 0.162875 0.741571
vt 0.162875 0.721513
vt 0.130362 0.721513
vt 0.130366 0.741571
vt 0.237844 0.741571
vt 0.237844 0.745543
vt 0.221480 0.745543
vt 0.221480 0.741571
vt 0.201134 0.721513
vt 0.221480 0.721513
vt 0.201134 0.741571
vt 0.201134 0.745543
vt 0.162875 0.745543
vt 0.119543 0.745543
vt 0.130138 0.745543
vt 0.119543 0.745543
vt 0.119318 0.721513
vt 0.130138 0.745543
vt 0.118960 0.741571
vt 0.118964 0.721513
vt 0.130721 0.741571
vt 0.130716 0.721513
vt 0.119203 0.745543
vt 0.130477 0.745543
vt 0.130721 0.741571
s 1
usemtl M_DungeonEnviro
f 3227/2422/1421 3230/2423/1424 3231/2424/1420 3257/2425/1420
f 3259/2426/1421 3228/2427/1422 3230/2428/1424 3227/2429/1421
f 3226/2430/1420 3225/2431/1420 3228/2427/1422 3259/2426/1421
f 3229/2432/1423 3256/2433/1437 3260/2434/1439
f 3232/2435/1425 3229/2432/1423 3260/2434/1439 3258/2436/1438
f 3231/2424/1420 3232/2437/1425 3258/2438/1438 3257/2425/1420
f 3236/2422/1420 3232/2439/1425 3231/2424/1420 3235/2425/1420
f 3239/2426/1427 3229/2440/1423 3232/2441/1425 3236/2429/1420
f 3256/2430/1437 3229/2440/1423 3239/2426/1427
f 3228/2442/1422 3225/2443/1420 3233/2433/1420 3238/2434/1426
f 3230/2444/1424 3228/2442/1422 3238/2434/1426 3237/2436/1426
f 3231/2424/1420 3230/2445/1424 3237/2438/1426 3235/2425/1420
f 3235/2446/1420 3237/2447/1426 3249/2448/1431 3248/2424/1420
f 3238/2449/1426 3233/2443/1420 3234/2433/1420 3240/2432/1428
f 3237/2450/1426 3238/2449/1426 3240/2432/1428 3249/2451/1431
f 3250/2427/1432 3256/2431/1437 3239/2452/1427
f 3248/2424/1420 3247/2423/1420 3236/2453/1420 3235/2446/1420
f 3247/2454/1420 3250/2427/1432 3239/2452/1427 3236/2455/1420
f 3243/2422/1420 3247/2456/1420 3248/2457/1420 3242/2425/1420
f 3246/2426/1430 3250/2440/1432 3247/2458/1420 3243/2429/1420
f 3256/2430/1437 3250/2440/1432 3246/2426/1430
f 3240/2459/1428 3234/2443/1420 3241/2433/1420 3245/2434/1429
f 3249/2444/1431 3240/2459/1428 3245/2434/1429 3244/2436/1429
f 3248/2457/1420 3249/2445/1431 3244/2438/1429 3242/2425/1420
f 3265/2422/1433 3254/2460/1436 3262/2457/1420 3264/2425/1420
f 3251/2426/1433 3252/2427/1434 3254/2461/1436 3265/2429/1433
f 3263/2430/1420 3255/2431/1420 3252/2427/1434 3251/2426/1433
f 3253/2432/1435 3256/2433/1437 3267/2434/1441
f 3261/2435/1440 3253/2432/1435 3267/2434/1441 3266/2436/1420
f 3262/2457/1420 3261/2437/1440 3266/2438/1420 3264/2425/1420
f 3258/2422/1438 3261/2456/1440 3262/2457/1420 3257/2425/1420
f 3260/2426/1439 3253/2440/1435 3261/2458/1440 3258/2429/1438
f 3256/2430/1437 3253/2440/1435 3260/2426/1439
f 3262/2457/1420 3254/2445/1436 3227/2438/1421 3257/2425/1420
f 3252/2462/1434 3255/2443/1420 3226/2433/1420 3259/2434/1421
f 3254/2444/1436 3252/2462/1434 3259/2434/1421 3227/2436/1421
f 3264/2446/1420 3266/2447/1420 3268/2463/1420 3271/2424/1420
f 3267/2449/1441 3256/2443/1437 3269/2462/1442
f 3266/2450/1420 3267/2449/1441 3269/2462/1442 3268/2464/1420
f 3273/2440/1444 3272/2430/1420 3263/2431/1420 3251/2452/1433
f 3271/2424/1420 3270/2439/1443 3265/2453/1433 3264/2446/1420
f 3270/2441/1443 3273/2440/1444 3251/2452/1433 3265/2455/1433
f 3242/2446/1420 3244/2447/1429 3270/2437/1443 3271/2457/1420
f 3245/2449/1429 3241/2443/1420 3272/2433/1420 3273/2465/1444
f 3244/2450/1429 3245/2449/1429 3273/2465/1444 3270/2435/1443
f 3268/2428/1420 3269/2466/1442 3246/2452/1430 3243/2455/1420
f 3269/2466/1442 3256/2431/1437 3246/2452/1430
f 3271/2457/1420 3268/2423/1420 3243/2453/1420 3242/2446/1420
f 3379/2467/1448 3380/2468/1448 3289/2469/1449 3281/2470/1449
f 3281/2471/1449 3289/2472/1449 3276/2473/1447 3279/2474/1447
f 3283/2475/1446 3275/2476/1446 3274/2477/1445 3282/2478/1445
f 3285/2479/1451 3277/2480/1448 3291/2481/1450 3286/2482/1452
f 3411/2483/1445 3280/2484/1445 3292/2485/1445 3278/2486/1445
f 3287/2487/1445 3282/2478/1445 3274/2477/1445 3293/2488/1445
f 3287/2487/1445 3280/2484/1445 3431/2489/1445 3288/2490/1445
f 3284/2491/1450 3350/2492/1472 3430/2493/1490 3286/2482/1452
f 3283/2475/1446 3351/2494/1473 3412/2495/1485 3279/2474/1447
f 3275/2476/1446 3283/2475/1446 3279/2474/1447 3276/2473/1447
f 3290/2496/1450 3284/2491/1450 3286/2482/1452 3291/2481/1450
f 3293/2488/1445 3292/2485/1445 3280/2484/1445 3287/2487/1445
f 3429/2497/1489 3285/2479/1451 3286/2482/1452 3430/2493/1490
f 3441/2498/1494 3379/2467/1448 3281/2470/1449 3349/2499/1471
f 3432/2500/1445 3351/2494/1473 3283/2475/1446 3282/2478/1445
f 3412/2495/1485 3349/2501/1471 3281/2471/1449 3279/2474/1447
f 3288/2490/1445 3432/2500/1445 3282/2478/1445 3287/2487/1445
f 3411/2483/1445 3431/2489/1445 3280/2484/1445
f 3298/2502/1446 3275/2503/1446 3276/2504/1447 3304/2505/1447
f 3299/2506/1450 3290/2507/1450 3291/2508/1450 3301/2509/1456
f 3303/2510/1445 3305/2511/1445 3292/2512/1445 3293/2513/1445
f 3303/2510/1445 3297/2514/1445 3370/2515/1445 3306/2516/1445
f 3302/2517/1445 3305/2511/1445 3369/2518/1445
f 3300/2519/1455 3367/2520/1477 3368/2521/1478 3301/2509/1456
f 3298/2502/1446 3308/2522/1458 3370/2515/1445 3297/2514/1445
f 3296/2523/1449 3294/2524/1453 3307/2525/1457 3304/2505/1447
f 3382/2526/1448 3381/2527/1482 3294/2528/1453 3296/2529/1449
f 3380/2530/1448 3382/2526/1448 3296/2529/1449 3289/2531/1449
f 3289/2532/1449 3296/2523/1449 3304/2505/1447 3276/2504/1447
f 3275/2503/1446 3298/2502/1446 3297/2514/1445 3274/2533/1445
f 3277/2534/1448 3300/2519/1455 3301/2509/1456 3291/2508/1450
f 3278/2535/1445 3292/2512/1445 3305/2511/1445 3302/2517/1445
f 3293/2513/1445 3274/2533/1445 3297/2514/1445 3303/2510/1445
f 3295/2536/1454 3299/2506/1450 3301/2509/1456 3368/2521/1478
f 3306/2516/1445 3369/2518/1445 3305/2511/1445 3303/2510/1445
f 3307/2525/1457 3308/2522/1458 3298/2502/1446 3304/2505/1447
f 3345/2524/1445 3278/2472/1445 3322/2473/1445 3311/2537/1445
f 3314/2538/1445 3309/2476/1445 3321/2477/1445 3313/2478/1445
f 3384/2467/1464 3315/2470/1461 3323/2469/1461 3385/2539/1464
f 3315/2540/1461 3312/2541/1460 3324/2485/1460 3323/2486/1461
f 3316/2542/1462 3313/2478/1445 3321/2477/1445 3325/2488/1462
f 3318/2479/1464 3319/2543/1463 3328/2481/1463 3327/2480/1464
f 3317/2491/1463 3319/2543/1463 3419/2544/1488 3418/2506/1487
f 3316/2542/1462 3312/2541/1460 3348/2545/1470 3346/2546/1469
f 3314/2538/1445 3424/2547/1445 3347/2548/1445 3311/2537/1445
f 3309/2476/1445 3314/2538/1445 3311/2537/1445 3322/2473/1445
f 3325/2488/1462 3324/2485/1460 3312/2541/1460 3316/2542/1462
f 3326/2496/1463 3328/2481/1463 3319/2543/1463 3317/2491/1463
f 3413/2549/1483 3419/2544/1488 3319/2543/1463 3318/2479/1464
f 3383/2498/1483 3310/2529/1459 3315/2470/1461 3384/2467/1464
f 3347/2548/1445 3345/2524/1445 3311/2537/1445
f 3346/2546/1469 3320/2500/1445 3313/2478/1445 3316/2542/1462
f 3348/2545/1470 3312/2541/1460 3315/2540/1461 3310/2550/1459
f 3320/2500/1445 3424/2547/1445 3314/2538/1445 3313/2478/1445
f 3333/2502/1445 3309/2503/1445 3322/2504/1445 3339/2551/1445
f 3335/2510/1462 3340/2552/1460 3324/2512/1460 3325/2513/1462
f 3336/2492/1463 3338/2553/1463 3328/2508/1463 3326/2507/1463
f 3337/2554/1464 3338/2553/1463 3357/2521/1476 3330/2520/1466
f 3335/2510/1462 3332/2555/1445 3342/2556/1445 3341/2557/1467
f 3334/2550/1461 3340/2552/1460 3344/2558/1468 3329/2559/1465
f 3386/2560/1464 3334/2561/1461 3329/2470/1465 3387/2527/1466
f 3333/2502/1445 3362/2562/1445 3342/2556/1445 3332/2555/1445
f 3331/2501/1445 3343/2563/1445 3339/2551/1445
f 3278/2532/1445 3331/2501/1445 3339/2551/1445 3322/2504/1445
f 3309/2503/1445 3333/2502/1445 3332/2555/1445 3321/2533/1445
f 3385/2564/1464 3323/2531/1461 3334/2561/1461 3386/2560/1464
f 3323/2535/1461 3324/2512/1460 3340/2552/1460 3334/2550/1461
f 3325/2513/1462 3321/2533/1445 3332/2555/1445 3335/2510/1462
f 3327/2534/1464 3328/2508/1463 3338/2553/1463 3337/2554/1464
f 3356/2491/1475 3357/2521/1476 3338/2553/1463 3336/2492/1463
f 3341/2557/1467 3344/2558/1468 3340/2552/1460 3335/2510/1462
f 3343/2563/1445 3362/2562/1445 3333/2502/1445 3339/2551/1445
f 3331/2471/1445 3278/2472/1445 3354/2473/1445 3358/2474/1445
f 3360/2475/1445 3353/2476/1445 3352/2477/1445 3359/2478/1445
f 3361/2487/1474 3359/2478/1445 3352/2477/1445 3355/2488/1474
f 3371/2565/1479 3373/2566/1479 3357/2567/1476 3356/2506/1475
f 3353/2476/1445 3360/2475/1445 3358/2474/1445 3354/2473/1445
f 3360/2475/1445 3362/2547/1445 3343/2548/1445 3358/2474/1445
f 3343/2548/1445 3331/2471/1445 3358/2474/1445
f 3342/2500/1445 3362/2547/1445 3375/2568/1445
f 3341/2546/1467 3342/2500/1445 3375/2568/1445 3404/2569/1474
f 3365/2502/1445 3353/2503/1445 3354/2504/1445 3363/2570/1445
f 3355/2513/1474 3352/2533/1445 3366/2571/1445 3364/2510/1474
f 3408/2572/1480 3409/2573/1479 3368/2574/1478 3367/2575/1477
f 3353/2503/1445 3365/2502/1445 3366/2571/1445 3352/2533/1445
f 3364/2510/1474 3366/2571/1445 3376/2576/1445 3377/2546/1474
f 3410/2577/1480 3406/2578/1484 3294/2470/1453 3381/2527/1482
f 3278/2532/1445 3302/2501/1445 3363/2570/1445 3354/2504/1445
f 3365/2502/1445 3306/2579/1445 3376/2576/1445 3366/2571/1445
f 3369/2580/1445 3363/2570/1445 3302/2501/1445
f 3308/2581/1458 3307/2489/1457 3378/2582/1481 3377/2546/1474
f 3387/2583/1466 3329/2529/1465 3403/2584/1484 3405/2585/1480
f 3330/2586/1466 3357/2567/1476 3373/2566/1479 3372/2587/1480
f 3344/2545/1468 3374/2588/1481 3403/2589/1484 3329/2550/1465
f 3404/2569/1474 3375/2568/1445 3359/2478/1445 3361/2487/1474
f 3404/2569/1474 3374/2588/1481 3344/2545/1468 3341/2546/1467
f 3375/2568/1445 3362/2547/1445 3360/2475/1445 3359/2478/1445
f 3406/2590/1484 3378/2582/1481 3307/2489/1457 3294/2483/1453
f 3376/2576/1445 3306/2579/1445 3370/2591/1445
f 3377/2546/1474 3376/2576/1445 3370/2591/1445 3308/2581/1458
f 3295/2491/1454 3368/2574/1478 3409/2573/1479 3407/2592/1479
f 3369/2580/1445 3306/2579/1445 3365/2502/1445 3363/2570/1445
f 3356/2593/1475 3387/2583/1466 3405/2585/1480 3371/2594/1479
f 3407/2595/1479 3410/2577/1480 3381/2527/1482 3295/2596/1454
f 3326/2597/1463 3385/2564/1464 3386/2560/1464 3336/2593/1463
f 3336/2593/1463 3386/2560/1464 3387/2527/1466 3356/2596/1475
f 3418/2593/1487 3383/2498/1483 3384/2467/1464 3317/2598/1463
f 3317/2598/1463 3384/2467/1464 3385/2539/1464 3326/2599/1463
f 3290/2597/1450 3299/2600/1450 3382/2526/1448 3380/2530/1448
f 3299/2600/1450 3295/2601/1454 3381/2527/1482 3382/2526/1448
f 3350/2600/1472 3284/2598/1450 3379/2467/1448 3441/2498/1494
f 3284/2598/1450 3290/2599/1450 3380/2468/1448 3379/2467/1448
f 3361/2602/1474 3355/2603/1474 3389/2604/1481 3391/2605/1481
f 3397/2606/1484 3388/2607/1484 3389/2604/1481 3402/2608/1481
f 3401/2609/1480 3390/2610/1480 3388/2611/1484 3397/2612/1484
f 3404/2613/1474 3361/2602/1474 3391/2605/1481 3374/2614/1481
f 3371/2615/1479 3393/2616/1479 3395/2617/1479 3373/2618/1479
f 3388/2607/1484 3392/2619/1484 3391/2605/1481 3389/2604/1481
f 3390/2610/1480 3396/2620/1480 3392/2621/1484 3388/2611/1484
f 3410/2622/1480 3401/2609/1480 3397/2612/1484 3406/2623/1484
f 3406/2624/1484 3397/2606/1484 3402/2608/1481 3378/2625/1481
f 3408/2626/1480 3399/2627/1480 3400/2628/1479 3409/2629/1479
f 3407/2630/1479 3398/2631/1479 3401/2609/1480 3410/2622/1480
f 3355/2603/1474 3364/2632/1474 3402/2608/1481 3389/2604/1481
f 3393/2633/1479 3371/2634/1479 3405/2635/1480 3396/2620/1480
f 3394/2636/1480 3372/2637/1480 3373/2618/1479 3395/2617/1479
f 3392/2619/1484 3403/2638/1484 3374/2614/1481 3391/2605/1481
f 3396/2620/1480 3405/2635/1480 3403/2639/1484 3392/2621/1484
f 3398/2640/1479 3407/2641/1479 3409/2629/1479 3400/2628/1479
f 3364/2632/1474 3377/2642/1474 3378/2625/1481 3402/2608/1481
f 3345/2471/1445 3420/2474/1445 3416/2473/1445 3278/2472/1445
f 3422/2475/1445 3421/2478/1445 3414/2477/1445 3415/2476/1445
f 3423/2487/1486 3417/2488/1486 3414/2477/1445 3421/2478/1445
f 3433/2565/1491 3418/2506/1487 3419/2567/1488 3435/2566/1491
f 3415/2476/1445 3416/2473/1445 3420/2474/1445 3422/2475/1445
f 3422/2475/1445 3420/2474/1445 3347/2548/1445 3424/2547/1445
f 3347/2548/1445 3420/2474/1445 3345/2471/1445
f 3320/2500/1445 3437/2568/1445 3424/2547/1445
f 3346/2546/1469 3458/2569/1486 3437/2568/1445 3320/2500/1445
f 3427/2502/1445 3425/2570/1445 3416/2504/1445 3415/2503/1445
f 3417/2513/1486 3426/2510/1486 3428/2571/1445 3414/2533/1445
f 3462/2572/1492 3429/2575/1489 3430/2574/1490 3463/2573/1491
f 3415/2503/1445 3414/2533/1445 3428/2571/1445 3427/2502/1445
f 3426/2510/1486 3439/2546/1486 3438/2576/1445 3428/2571/1445
f 3464/2577/1492 3441/2527/1494 3349/2470/1471 3460/2578/1495
f 3278/2532/1445 3416/2504/1445 3425/2570/1445 3411/2501/1445
f 3427/2502/1445 3428/2571/1445 3438/2576/1445 3288/2579/1445
f 3431/2580/1445 3411/2501/1445 3425/2570/1445
f 3351/2581/1473 3439/2546/1486 3440/2582/1493 3412/2489/1485
f 3383/2583/1483 3459/2585/1492 3457/2584/1495 3310/2529/1459
f 3413/2586/1483 3434/2587/1492 3435/2566/1491 3419/2567/1488
f 3348/2545/1470 3310/2550/1459 3457/2589/1495 3436/2588/1493
f 3458/2569/1486 3423/2487/1486 3421/2478/1445 3437/2568/1445
f 3458/2569/1486 3346/2546/1469 3348/2545/1470 3436/2588/1493
f 3437/2568/1445 3421/2478/1445 3422/2475/1445 3424/2547/1445
f 3460/2590/1495 3349/2483/1471 3412/2489/1485 3440/2582/1493
f 3438/2576/1445 3432/2591/1445 3288/2579/1445
f 3439/2546/1486 3351/2581/1473 3432/2591/1445 3438/2576/1445
f 3350/2491/1472 3461/2592/1491 3463/2573/1491 3430/2574/1490
f 3431/2580/1445 3425/2570/1445 3427/2502/1445 3288/2579/1445
f 3418/2593/1487 3433/2594/1491 3459/2585/1492 3383/2583/1483
f 3461/2595/1491 3350/2596/1472 3441/2527/1494 3464/2577/1492
f 3423/2602/1486 3445/2605/1493 3443/2604/1493 3417/2603/1486
f 3451/2606/1495 3456/2608/1493 3443/2604/1493 3442/2607/1495
f 3455/2609/1492 3451/2612/1495 3442/2611/1495 3444/2610/1492
f 3458/2613/1486 3436/2614/1493 3445/2605/1493 3423/2602/1486
f 3433/2615/1491 3435/2618/1491 3449/2617/1491 3447/2616/1491
f 3442/2607/1495 3443/2604/1493 3445/2605/1493 3446/2619/1495
f 3444/2610/1492 3442/2611/1495 3446/2621/1495 3450/2620/1492
f 3464/2622/1492 3460/2623/1495 3451/2612/1495 3455/2609/1492
f 3460/2624/1495 3440/2625/1493 3456/2608/1493 3451/2606/1495
f 3462/2626/1492 3463/2629/1491 3454/2628/1491 3453/2627/1492
f 3461/2630/1491 3464/2622/1492 3455/2609/1492 3452/2631/1491
f 3417/2603/1486 3443/2604/1493 3456/2608/1493 3426/2632/1486
f 3447/2633/1491 3450/2620/1492 3459/2635/1492 3433/2634/1491
f 3448/2636/1492 3449/2617/1491 3435/2618/1491 3434/2637/1492
f 3446/2619/1495 3445/2605/1493 3436/2614/1493 3457/2638/1495
f 3450/2620/1492 3446/2621/1495 3457/2639/1495 3459/2635/1492
f 3452/2640/1491 3454/2628/1491 3463/2629/1491 3461/2641/1491
f 3426/2632/1486 3456/2608/1493 3440/2625/1493 3439/2642/1486
f 3470/2643/1500 3465/2644/1496 3466/2645/1497 3471/2646/1499
f 3476/2647/1503 3477/2648/1504 3470/2643/1500 3467/2649/1498
f 3480/2650/1507 3465/2644/1496 3474/2651/1496 3483/2652/1507
f 3479/2653/1506 3466/2645/1497 3465/2644/1496 3480/2650/1507
f 3467/2649/1498 3470/2643/1500 3471/2646/1499 3468/2654/1499
f 3477/2655/1504 3472/2656/1501 3475/2657/1445 3478/2658/1505
f 3465/2644/1496 3470/2643/1500 3473/2659/1502 3474/2651/1496
f 3470/2643/1500 3477/2648/1504 3478/2660/1505 3473/2659/1502
f 3469/2661/1448 3472/2656/1501 3477/2655/1504 3476/2662/1503
f 3468/2654/1499 3471/2646/1499 3482/2663/1508 3481/2664/1508
f 3471/2646/1499 3466/2645/1497 3479/2653/1506 3482/2663/1508
f 3489/2643/1510 3490/2646/1498 3485/2645/1509 3484/2644/1496
f 3492/2647/1512 3486/2649/1499 3489/2643/1510 3493/2648/1513
f 3495/2650/1507 3483/2652/1507 3474/2651/1496 3484/2644/1496
f 3494/2653/1514 3495/2650/1507 3484/2644/1496 3485/2645/1509
f 3486/2649/1499 3487/2654/1498 3490/2646/1498 3489/2643/1510
f 3493/2655/1513 3478/2658/1505 3475/2657/1445 3491/2656/1511
f 3484/2644/1496 3474/2651/1496 3473/2659/1502 3489/2643/1510
f 3489/2643/1510 3473/2659/1502 3478/2660/1505 3493/2648/1513
f 3488/2661/1464 3492/2662/1512 3493/2655/1513 3491/2656/1511
f 3487/2654/1498 3496/2664/1515 3497/2663/1515 3490/2646/1498
f 3490/2646/1498 3497/2663/1515 3494/2653/1514 3485/2645/1509
f 3503/2643/1520 3504/2646/1519 3499/2645/1517 3498/2644/1516
f 3509/2647/1522 3500/2649/1518 3503/2643/1520 3510/2648/1523
f 3513/2650/1526 3516/2652/1526 3507/2651/1516 3498/2644/1516
f 3512/2653/1525 3513/2650/1526 3498/2644/1516 3499/2645/1517
f 3500/2649/1518 3501/2654/1519 3504/2646/1519 3503/2643/1520
f 3510/2655/1523 3511/2658/1524 3508/2657/1445 3505/2656/1501
f 3498/2644/1516 3507/2651/1516 3506/2659/1521 3503/2643/1520
f 3503/2643/1520 3506/2659/1521 3511/2660/1524 3510/2648/1523
f 3502/2661/1448 3509/2662/1522 3510/2655/1523 3505/2656/1501
f 3501/2654/1519 3514/2664/1527 3515/2663/1527 3504/2646/1519
f 3504/2646/1519 3515/2663/1527 3512/2653/1525 3499/2645/1517
f 3522/2643/1529 3517/2644/1516 3518/2645/1528 3523/2646/1518
f 3525/2647/1530 3526/2648/1531 3522/2643/1529 3519/2649/1519
f 3528/2650/1526 3517/2644/1516 3507/2651/1516 3516/2652/1526
f 3527/2653/1532 3518/2645/1528 3517/2644/1516 3528/2650/1526
f 3519/2649/1519 3522/2643/1529 3523/2646/1518 3520/2654/1518
f 3526/2655/1531 3524/2656/1511 3508/2657/1445 3511/2658/1524
f 3517/2644/1516 3522/2643/1529 3506/2659/1521 3507/2651/1516
f 3522/2643/1529 3526/2648/1531 3511/2660/1524 3506/2659/1521
f 3521/2661/1464 3524/2656/1511 3526/2655/1531 3525/2662/1530
f 3520/2654/1518 3523/2646/1518 3530/2663/1533 3529/2664/1533
f 3523/2646/1518 3518/2645/1528 3527/2653/1532 3530/2663/1533
f 3538/2665/1535 3535/2666/1535 3532/2667/1534 3537/2668/1537
f 3537/2669/1537 3532/2666/1534 3540/2670/1536 3536/2671/1536
f 3531/2672/1492 3537/2673/1537 3536/2674/1536 3533/2675/1494
f 3534/2676/1483 3538/2677/1535 3537/2673/1537 3531/2672/1492
f 3540/2678/1536 3542/2679/1539 3543/2680/1494 3539/2681/1494
f 3540/2670/1536 3532/2666/1534 3542/2682/1539
f 3532/2667/1534 3535/2666/1535 3541/2683/1538 3542/2684/1539
f 3546/2685/1542 3544/2686/1540 3598/2687/1445 3666/2688/1597
f 3545/2689/1541 3547/2690/1543 3542/2679/1539 3541/2691/1538
f 3542/2679/1539 3547/2690/1543 3548/2692/1494 3543/2680/1494
f 3544/2686/1540 3546/2685/1542 3547/2690/1543 3545/2689/1541
f 3546/2685/1542 3549/2693/1494 3548/2692/1494 3547/2690/1543
f 3591/2694/1562 3589/2695/1560 3598/2696/1445 3599/2697/1565
f 3583/2665/1556 3554/2668/1545 3551/2667/1544 3580/2666/1556
f 3554/2669/1545 3553/2671/1536 3556/2670/1536 3551/2666/1544
f 3550/2672/1448 3552/2675/1494 3553/2674/1536 3554/2673/1545
f 3579/2676/1482 3550/2672/1448 3554/2673/1545 3583/2677/1556
f 3556/2698/1536 3555/2699/1494 3558/2700/1494 3557/2701/1546
f 3556/2670/1536 3557/2682/1546 3551/2666/1544
f 3551/2667/1544 3557/2684/1546 3586/2683/1558 3580/2666/1556
f 3559/2694/1547 3595/2697/1564 3598/2696/1445 3589/2695/1560
f 3590/2702/1561 3586/2703/1558 3557/2701/1546 3560/2704/1548
f 3557/2701/1546 3558/2700/1494 3561/2705/1494 3560/2704/1548
f 3589/2695/1560 3590/2702/1561 3560/2704/1548 3559/2694/1547
f 3559/2694/1547 3560/2704/1548 3561/2705/1494 3562/2706/1494
f 3546/2685/1542 3666/2688/1597 3596/2707/1448 3549/2693/1494
f 3538/2665/1535 3567/2668/1551 3564/2667/1549 3535/2666/1535
f 3567/2669/1551 3566/2671/1550 3569/2670/1550 3564/2666/1549
f 3563/2672/1464 3565/2675/1466 3566/2674/1550 3567/2673/1551
f 3534/2676/1483 3563/2672/1464 3567/2673/1551 3538/2677/1535
f 3569/2678/1550 3568/2681/1466 3571/2680/1466 3570/2679/1552
f 3569/2670/1550 3570/2682/1552 3564/2666/1549
f 3564/2667/1549 3570/2684/1552 3541/2683/1538 3535/2666/1535
f 3545/2689/1541 3541/2691/1538 3570/2679/1552 3573/2690/1554
f 3570/2679/1552 3571/2680/1466 3574/2692/1466 3573/2690/1554
f 3544/2686/1540 3545/2689/1541 3573/2690/1554 3572/2685/1553
f 3572/2685/1553 3573/2690/1554 3574/2692/1466 3575/2693/1466
f 3591/2694/1562 3599/2697/1565 3600/2708/1464 3594/2706/1466
f 3583/2665/1556 3580/2666/1556 3577/2667/1555 3582/2668/1557
f 3582/2669/1557 3577/2666/1555 3585/2670/1550 3581/2671/1550
f 3576/2672/1480 3582/2673/1557 3581/2674/1550 3578/2675/1466
f 3579/2676/1482 3583/2677/1556 3582/2673/1557 3576/2672/1480
f 3585/2698/1550 3587/2701/1559 3588/2700/1466 3584/2699/1466
f 3585/2670/1550 3577/2666/1555 3587/2682/1559
f 3577/2667/1555 3580/2666/1556 3586/2683/1558 3587/2684/1559
f 3572/2685/1553 3575/2693/1466 3667/2709/1480 3665/2688/1596
f 3590/2702/1561 3592/2704/1563 3587/2701/1559 3586/2703/1558
f 3587/2701/1559 3592/2704/1563 3593/2705/1466 3588/2700/1466
f 3589/2695/1560 3591/2694/1562 3592/2704/1563 3590/2702/1561
f 3591/2694/1562 3594/2706/1466 3593/2705/1466 3592/2704/1563
f 3572/2685/1553 3665/2688/1596 3598/2710/1445 3544/2686/1540
f 3559/2694/1547 3562/2706/1494 3597/2711/1492 3595/2697/1564
f 3608/2665/1567 3605/2666/1567 3602/2667/1566 3607/2668/1569
f 3607/2669/1569 3602/2666/1566 3610/2670/1568 3606/2671/1568
f 3601/2672/1448 3607/2673/1569 3606/2674/1568 3603/2675/1482
f 3604/2676/1494 3608/2677/1567 3607/2673/1569 3601/2672/1448
f 3610/2678/1568 3612/2679/1571 3613/2680/1482 3609/2681/1482
f 3610/2670/1568 3602/2666/1566 3612/2682/1571
f 3602/2667/1566 3605/2666/1567 3611/2683/1570 3612/2684/1571
f 3615/2689/1573 3617/2690/1575 3612/2679/1571 3611/2691/1570
f 3612/2679/1571 3617/2690/1575 3618/2692/1482 3613/2680/1482
f 3614/2686/1572 3616/2685/1574 3617/2690/1575 3615/2689/1573
f 3616/2685/1574 3619/2693/1482 3618/2692/1482 3617/2690/1575
f 3642/2685/1585 3599/2712/1565 3598/2713/1445 3614/2686/1572
f 3653/2665/1588 3624/2668/1577 3621/2667/1576 3650/2666/1588
f 3624/2669/1577 3623/2671/1568 3626/2670/1568 3621/2666/1576
f 3620/2672/1480 3622/2675/1482 3623/2674/1568 3624/2673/1577
f 3649/2676/1466 3620/2672/1480 3624/2673/1577 3653/2677/1588
f 3626/2698/1568 3625/2699/1482 3628/2700/1482 3627/2701/1578
f 3626/2670/1568 3627/2682/1578 3621/2666/1576
f 3621/2667/1576 3627/2684/1578 3656/2683/1590 3650/2666/1588
f 3629/2694/1579 3666/2714/1597 3598/2715/1445 3659/2695/1592
f 3660/2702/1593 3656/2703/1590 3627/2701/1578 3630/2704/1580
f 3627/2701/1578 3628/2700/1482 3631/2705/1482 3630/2704/1580
f 3659/2695/1592 3660/2702/1593 3630/2704/1580 3629/2694/1579
f 3629/2694/1579 3630/2704/1580 3631/2705/1482 3632/2706/1482
f 3616/2685/1574 3614/2686/1572 3598/2713/1445 3665/2712/1596
f 3608/2665/1567 3637/2668/1583 3634/2667/1581 3605/2666/1567
f 3637/2669/1583 3636/2671/1582 3639/2670/1582 3634/2666/1581
f 3633/2672/1492 3635/2675/1483 3636/2674/1582 3637/2673/1583
f 3604/2676/1494 3633/2672/1492 3637/2673/1583 3608/2677/1567
f 3639/2678/1582 3638/2681/1483 3641/2680/1483 3640/2679/1584
f 3639/2670/1582 3640/2682/1584 3634/2666/1581
f 3634/2667/1581 3640/2684/1584 3611/2683/1570 3605/2666/1567
f 3616/2685/1574 3665/2712/1596 3667/2716/1480 3619/2693/1482
f 3615/2689/1573 3611/2691/1570 3640/2679/1584 3643/2690/1586
f 3640/2679/1584 3641/2680/1483 3644/2692/1483 3643/2690/1586
f 3614/2686/1572 3615/2689/1573 3643/2690/1586 3642/2685/1585
f 3642/2685/1585 3643/2690/1586 3644/2692/1483 3645/2693/1483
f 3653/2665/1588 3650/2666/1588 3647/2667/1587 3652/2668/1589
f 3652/2669/1589 3647/2666/1587 3655/2670/1582 3651/2671/1582
f 3646/2672/1464 3652/2673/1589 3651/2674/1582 3648/2675/1483
f 3649/2676/1466 3653/2677/1588 3652/2673/1589 3646/2672/1464
f 3655/2698/1582 3657/2701/1591 3658/2700/1483 3654/2699/1483
f 3655/2670/1582 3647/2666/1587 3657/2682/1591
f 3647/2667/1587 3650/2666/1588 3656/2683/1590 3657/2684/1591
f 3642/2685/1585 3645/2693/1483 3600/2716/1464 3599/2712/1565
f 3660/2702/1593 3662/2704/1595 3657/2701/1591 3656/2703/1590
f 3657/2701/1591 3662/2704/1595 3663/2705/1483 3658/2700/1483
f 3659/2695/1592 3661/2694/1594 3662/2704/1595 3660/2702/1593
f 3661/2694/1594 3664/2706/1483 3663/2705/1483 3662/2704/1595
f 3661/2694/1594 3595/2714/1564 3597/2717/1492 3664/2706/1483
f 3661/2694/1594 3659/2695/1592 3598/2715/1445 3595/2714/1564
f 3629/2694/1579 3632/2706/1482 3596/2717/1448 3666/2718/1597
o M_Room_4Door
v 6.000000 0.200000 6.000000
v 0.000001 0.200000 6.000000
v 0.000000 0.000000 5.000000
v 5.200000 0.200000 5.200000
v 0.800000 0.000000 0.800000
v 5.000001 0.000000 5.000000
v 3.000000 0.000000 3.000000
v 1.000000 0.000000 1.000000
v 6.000000 0.200000 0.000000
v 6.000000 0.200000 -6.000000
v 3.000000 0.000000 0.000000
v 1.000000 0.000000 0.000000
v 5.000000 0.000000 0.000000
v 5.200000 0.200000 0.000000
v 0.800000 0.000000 0.000000
v 5.200000 0.200000 -5.199999
v -0.000000 0.200000 -6.000000
v 0.000000 0.000000 -3.000000
v 0.000000 0.000000 -1.000000
v 0.000000 0.000000 -5.000000
v -0.000000 0.200000 -5.200000
v 0.000000 0.000000 -0.800000
v 1.000001 0.000000 -1.000000
v 3.000001 0.000000 -3.000000
v 5.000000 0.000000 -5.000000
v 0.800000 0.000000 -0.800000
v -5.200000 0.200000 0.000000
v -5.200000 0.200000 5.200000
v -0.800000 0.000000 0.800000
v -5.000000 0.000000 5.000000
v -6.000000 0.200000 6.000000
v 0.000000 0.200000 0.000000
v 0.000000 0.000000 3.000000
v 0.000000 0.000000 1.000000
v 0.000000 0.200000 5.200000
v 0.000000 0.200000 0.800000
v -1.000001 0.000000 1.000000
v -3.000001 0.000000 3.000000
v -6.000000 0.200000 0.000000
v -3.000000 0.000000 0.000000
v -5.000000 0.000000 0.000000
v -1.000000 0.000000 0.000000
v -0.800000 0.000000 0.000000
v -1.000000 0.000000 -0.999999
v -0.800000 0.000000 -0.799999
v -5.000000 0.000000 -5.000000
v -3.000000 0.000000 -3.000000
v -6.000000 0.200000 -6.000000
v -5.200002 0.200000 -5.200000
v 0.000000 6.000000 -0.000000
v -5.500000 5.000000 5.500000
v -5.500000 0.500000 5.500000
v -0.500000 6.000000 0.500000
v -4.000000 6.000000 4.000000
v 2.999999 6.000000 -3.000000
v -5.500000 5.000000 -5.500000
v -5.400000 0.000000 -5.400000
v -0.500000 6.000000 -0.500000
v -4.000000 6.000000 -4.000000
v -3.000000 6.000000 -3.000000
v 4.000000 6.000000 -4.000000
v 1.146447 6.000000 -1.146447
v -3.000000 6.000000 -0.000000
v -2.000000 6.000000 -0.000000
v -1.146447 6.000000 -0.000000
v -4.000000 6.000000 -0.000000
v -5.400000 0.300000 -5.400000
v -1.146447 6.000000 -0.500000
v -3.000000 6.000000 -0.500000
v -2.000000 6.000000 -0.500000
v -4.000000 6.000000 -0.500000
v -2.000000 6.000000 -2.000000
v -1.146447 6.000000 0.500000
v -4.000000 6.000000 0.500000
v -2.000000 6.000000 0.500000
v -3.000000 6.000000 0.500000
v -5.400000 0.000000 5.397596
v -5.500000 0.500000 -2.000001
v -5.400000 0.000000 -2.000001
v -5.400000 0.300000 -2.000001
v -4.853553 5.646447 -2.000001
v -3.000000 6.000000 -2.000001
v -3.000000 6.000000 2.000000
v -4.000000 6.000000 1.999999
v -4.853553 5.646447 1.999999
v -5.500000 5.000000 -0.000000
v -4.853553 5.646447 -0.000000
v -5.500000 4.411132 -0.000000
v -4.853553 5.646447 -1.104911
v -5.500000 5.000000 -1.104911
v -5.500000 0.500000 -1.104911
v -5.400000 0.000000 -1.104911
v -5.400000 0.300000 -1.104911
v -5.500000 4.411132 -1.104911
v -5.500000 5.000000 1.104910
v -5.500000 0.500000 1.104910
v -5.400000 0.000000 1.104910
v -5.400000 0.300000 1.104910
v -5.500000 4.411132 1.104910
v -4.853553 5.646447 1.104910
v -5.500000 5.000000 -2.000001
v -4.000000 6.000000 -2.000001
v -5.500000 4.411132 -2.000001
v -5.500000 5.000000 1.999999
v -5.500000 0.500000 1.999999
v -5.400000 0.000000 1.999999
v -5.400000 0.300000 1.999999
v -5.500000 4.411132 1.999999
v 4.853554 5.646447 4.853553
v 3.000000 6.000000 0.000000
v 2.000000 6.000000 0.000000
v 1.146447 6.000000 0.000000
v 4.000000 6.000000 0.000000
v 5.500000 0.500000 -5.500000
v 5.400000 0.300000 -5.400000
v 1.146447 6.000000 -0.500000
v 3.000000 6.000000 -0.500000
v 2.000000 6.000000 -0.500000
v 4.000000 6.000000 -0.500000
v 1.146447 6.000000 0.500000
v 4.000000 6.000000 0.500000
v 2.000000 6.000000 0.500000
v 3.000000 6.000000 0.500000
v 1.146447 6.000000 1.146446
v 5.500000 0.500000 -2.000001
v 5.400000 0.000000 -2.000001
v 5.400000 0.300000 -2.000001
v 4.853554 5.646447 -2.000001
v 3.000000 6.000000 -2.000000
v 3.000000 6.000000 2.000000
v 4.000000 6.000000 1.999999
v 4.853553 5.646447 1.999999
v 5.500000 5.000000 0.000000
v 4.853553 5.646447 0.000000
v 5.500000 4.411132 0.000000
v 4.853554 5.646447 -1.104911
v 5.500000 5.000000 -1.104911
v 5.500000 0.500000 -1.104911
v 5.400000 0.000000 -1.104911
v 5.400000 0.300000 -1.104911
v 5.500000 4.411132 -1.104911
v 5.500000 5.000000 1.104911
v 5.500000 0.500000 1.104911
v 5.400000 0.000000 1.104911
v 5.400000 0.300000 1.104911
v 5.500000 4.411132 1.104911
v 4.853553 5.646447 1.104911
v 5.500000 5.000000 -2.000001
v 4.000000 6.000000 -2.000001
v 5.500000 4.411132 -2.000001
v 5.500000 5.000000 2.000000
v 5.500000 0.500000 2.000000
v 5.400000 0.000000 2.000000
v 5.400000 0.300000 2.000000
v 5.500000 4.411132 2.000000
v 2.000000 6.000000 -2.000000
v 5.500000 5.000000 5.500000
v 5.500000 0.500000 5.500000
v 0.500000 6.000000 0.500000
v 2.000000 6.000000 1.999998
v 4.000000 6.000000 4.000000
v -3.000000 6.000000 3.000000
v -1.146447 6.000000 1.142765
v -4.853553 5.646447 4.853553
v -1.146447 6.000000 -1.146447
v -4.853553 5.646447 -4.853553
v 5.500000 5.000000 -5.500000
v 0.000000 6.000000 3.000000
v 0.000000 6.000000 2.000000
v 0.000000 6.000000 1.146447
v 0.000000 6.000000 4.000000
v -5.400000 0.300000 5.399999
v -0.500000 6.000000 1.146447
v -0.500000 6.000000 3.000000
v -0.500000 6.000000 2.000000
v -0.500000 6.000000 4.000000
v -2.000001 6.000000 2.000000
v 0.500000 6.000000 1.146447
v 0.500000 6.000000 4.000000
v 0.500000 6.000000 2.000000
v 0.500000 6.000000 3.000000
v 5.397597 0.000000 5.400000
v 5.400001 0.300000 5.400000
v 3.000000 6.000000 3.000000
v -2.000001 0.500000 5.500000
v -2.000001 0.000000 5.400000
v -2.000001 0.300000 5.400000
v -2.000001 5.646447 4.853553
v -2.000000 6.000000 3.000000
v 2.000000 6.000000 3.000000
v 2.000000 6.000000 4.000000
v 1.999999 5.646447 4.853553
v 5.500000 4.411132 5.500000
v -5.500000 4.411132 -5.500000
v -5.500000 4.411132 5.500000
v 0.000000 5.000000 5.500000
v 0.000000 5.646447 4.853553
v 0.000000 4.411132 5.500000
v -1.104911 5.646447 4.853553
v -1.104911 5.000000 5.500000
v -1.104911 0.500000 5.500000
v -1.104911 0.000000 5.400000
v -1.104911 0.300000 5.400000
v -1.104911 4.411132 5.500000
v 1.104911 5.000000 5.500000
v 1.104911 0.500000 5.500000
v 1.104911 0.000000 5.400000
v 1.104911 0.300000 5.400000
v 1.104911 4.411132 5.500000
v 1.104911 5.646447 4.853553
v -2.000001 5.000000 5.500000
v -2.000001 6.000000 4.000000
v -2.000001 4.411132 5.500000
v 2.000000 5.000000 5.500000
v 2.000000 0.500000 5.500000
v 2.000000 0.000000 5.400000
v 2.000000 0.300000 5.400000
v 2.000000 4.411132 5.500000
v 0.500000 6.000000 -0.500000
v 4.853553 5.646447 -4.853554
v 0.000000 6.000000 -3.000000
v 0.000000 6.000000 -2.000000
v 0.000000 6.000000 -1.146447
v 0.000000 6.000000 -4.000000
v -5.500000 0.500000 -5.500000
v -0.500000 6.000000 -1.146447
v -0.500000 6.000000 -3.000000
v -0.500000 6.000000 -2.000000
v -0.500000 6.000000 -4.000000
v 0.500000 6.000000 -1.146447
v 0.500000 6.000000 -4.000000
v 0.500000 6.000000 -2.000000
v 0.500000 6.000000 -3.000000
v 5.397597 0.000000 -5.400000
v -2.000000 0.500000 -5.500000
v -2.000000 0.000000 -5.400000
v -2.000000 0.300000 -5.400000
v -2.000000 5.646447 -4.853553
v -2.000000 6.000000 -3.000000
v 2.000000 6.000000 -3.000000
v 2.000000 6.000000 -4.000000
v 1.999999 5.646447 -4.853553
v 5.500000 4.411132 -5.500000
v 0.000000 5.000000 -5.500000
v 0.000000 5.646447 -4.853553
v 0.000000 4.411132 -5.500000
v -1.104910 5.646447 -4.853553
v -1.104910 5.000000 -5.500000
v -1.104910 0.500000 -5.500000
v -1.104910 0.000000 -5.400000
v -1.104910 0.300000 -5.400000
v -1.104910 4.411132 -5.500000
v 1.104911 5.000000 -5.500000
v 1.104911 0.500000 -5.500000
v 1.104911 0.000000 -5.400000
v 1.104911 0.300000 -5.400000
v 1.104911 4.411132 -5.500000
v 1.104911 5.646447 -4.853553
v -2.000000 5.000000 -5.500000
v -2.000000 6.000000 -4.000000
v -2.000000 4.411132 -5.500000
v 2.000000 5.000000 -5.500000
v 2.000000 0.500000 -5.500000
v 2.000000 0.000000 -5.400000
v 2.000000 0.300000 -5.400000
v 2.000000 4.411132 -5.500000
v 0.934911 4.620000 5.363570
v 1.274911 4.620000 5.363570
v 0.934911 0.200000 5.363570
v 1.274911 0.200000 5.363570
v 0.854911 0.200000 6.000000
v 0.934911 4.316920 5.363570
v 1.274911 4.316920 5.363570
v 0.854911 4.236920 6.000000
v -0.000000 4.316920 5.363570
v -0.000000 4.620001 5.363570
v -0.000000 4.236920 6.000000
v 0.854911 0.200000 5.500000
v 0.854911 4.236920 5.500000
v -0.000000 4.236920 5.500000
v 1.354911 4.700000 5.500000
v 0.934911 4.700000 5.500000
v 1.354911 0.200000 5.500000
v 1.354911 4.316920 5.500000
v -0.000000 4.700001 5.500000
v -0.934911 4.620001 5.363570
v -1.274911 4.620001 5.363570
v -0.934911 0.200000 5.363570
v -1.274911 0.200000 5.363570
v -0.854911 0.200000 6.000000
v -0.934911 4.316920 5.363570
v -1.274911 4.316920 5.363570
v -0.854911 4.236920 6.000000
v -0.854911 0.200000 5.500000
v -0.854911 4.236920 5.500000
v -1.354911 4.700001 5.500000
v -0.934911 4.700001 5.500000
v -1.354911 0.200000 5.500000
v -1.354911 4.316920 5.500000
v 0.934911 4.620000 -5.363569
v 1.274910 4.620000 -5.363569
v 0.934911 0.200001 -5.363570
v 1.274910 0.200001 -5.363570
v 0.854911 0.200001 -6.000000
v 0.934911 4.316920 -5.363569
v 1.274910 4.316920 -5.363569
v 0.854911 4.236920 -5.999999
v -0.000000 4.316920 -5.363569
v -0.000000 4.620001 -5.363569
v -0.000000 4.236921 -5.999999
v 0.854911 0.200001 -5.500000
v 0.854911 4.236920 -5.499999
v -0.000000 4.236920 -5.499999
v 1.354910 4.700000 -5.499999
v 0.934911 4.700000 -5.499999
v 1.354910 0.200001 -5.500000
v 1.354910 4.316920 -5.499999
v -0.000000 4.700001 -5.499999
v -0.934911 4.620001 -5.363569
v -1.274911 4.620001 -5.363569
v -0.934911 0.200001 -5.363570
v -1.274911 0.200001 -5.363570
v -0.854911 0.200001 -6.000000
v -0.934911 4.316920 -5.363569
v -1.274911 4.316920 -5.363569
v -0.854911 4.236921 -5.999999
v -0.854911 0.200001 -5.500000
v -0.854911 4.236920 -5.499999
v -1.354911 4.700001 -5.499999
v -0.934911 4.700001 -5.499999
v -1.354911 0.200001 -5.500000
v -1.354911 4.316920 -5.499999
v -5.363571 4.620000 0.934909
v -5.363571 4.620000 1.274909
v -5.363571 0.200000 0.934909
v -5.363571 0.200000 1.274909
v -6.000001 0.200000 0.854909
v -5.363571 4.316920 0.934909
v -5.363571 4.316920 1.274909
v -6.000001 4.236920 0.854909
v -5.363571 4.316920 -0.000001
v -5.363571 4.620001 -0.000001
v -6.000000 4.236920 -0.000002
v -5.500001 0.200000 0.854909
v -5.500001 4.236920 0.854909
v -5.500000 4.236920 -0.000002
v -5.500001 4.700000 1.354909
v -5.500001 4.700000 0.934909
v -5.500001 0.200000 1.354909
v -5.500001 4.316920 1.354909
v -5.500000 4.700001 -0.000002
v -5.363570 4.620001 -0.934912
v -5.363570 4.620001 -1.274912
v -5.363570 0.200000 -0.934912
v -5.363570 0.200000 -1.274912
v -6.000000 0.200000 -0.854912
v -5.363570 4.316920 -0.934912
v -5.363570 4.316920 -1.274912
v -6.000000 4.236920 -0.854912
v -5.500000 0.200000 -0.854912
v -5.500000 4.236920 -0.854912
v -5.500000 4.700001 -1.354912
v -5.500000 4.700001 -0.934912
v -5.500000 0.200000 -1.354912
v -5.500000 4.316920 -1.354912
v 5.363568 4.620000 0.934912
v 5.363568 4.620000 1.274912
v 5.363569 0.200001 0.934912
v 5.363569 0.200001 1.274912
v 5.999999 0.200001 0.854913
v 5.363568 4.316920 0.934912
v 5.363568 4.316920 1.274912
v 5.999998 4.236920 0.854913
v 5.363569 4.316920 0.000002
v 5.363569 4.620001 0.000002
v 5.999999 4.236921 0.000002
v 5.499999 0.200001 0.854912
v 5.499998 4.236920 0.854912
v 5.499999 4.236920 0.000002
v 5.499998 4.700000 1.354912
v 5.499998 4.700000 0.934912
v 5.499999 0.200001 1.354912
v 5.499998 4.316920 1.354912
v 5.499999 4.700001 0.000002
v 5.363569 4.620001 -0.934909
v 5.363569 4.620001 -1.274909
v 5.363570 0.200001 -0.934909
v 5.363570 0.200001 -1.274909
v 6.000000 0.200001 -0.854909
v 5.363569 4.316920 -0.934909
v 5.363569 4.316920 -1.274909
v 5.999999 4.236921 -0.854909
v 5.500000 0.200001 -0.854909
v 5.499999 4.236920 -0.854909
v 5.499999 4.700001 -1.354909
v 5.499999 4.700001 -0.934909
v 5.500000 0.200001 -1.354909
v 5.499999 4.316920 -1.354909
v -5.428236 0.000000 -5.187945
v -5.390967 4.900000 -5.028038
v -5.625413 0.000000 -5.385122
v -5.308092 0.000000 -5.308090
v -5.209503 4.900000 -5.209502
v -5.625413 4.700000 -5.385122
v -5.428236 4.700000 -5.187945
v -5.308092 4.700000 -5.308090
v -5.686732 5.000000 -5.323803
v -5.686732 4.900000 -5.323803
v -5.209503 5.075219 -5.209501
v -5.390966 5.075219 -5.028037
v -5.390966 5.300000 -5.028037
v -3.984579 5.900000 -3.984577
v -4.836574 5.450188 -4.836572
v -4.165323 5.900000 -3.802394
v -5.018546 5.449672 -4.655617
v -5.059978 5.632428 -4.697050
v -4.205317 6.000000 -3.842387
v 5.187947 0.000000 5.428238
v 5.028039 4.900001 5.390968
v 5.385124 0.000000 5.625415
v 5.385124 4.700000 5.625415
v 5.187947 4.700000 5.428238
v 5.323804 5.000000 5.686734
v 5.323804 4.900001 5.686734
v 5.028039 5.075219 5.390967
v 5.028039 5.300001 5.390967
v 3.802394 5.900001 4.165323
v 4.655618 5.449673 5.018547
v 4.697050 5.632428 5.059979
v 3.842387 6.000001 4.205317
v -5.187947 0.000000 -5.428236
v -5.028039 4.900001 -5.390965
v -5.385124 0.000000 -5.625412
v -5.385124 4.700000 -5.625412
v -5.187947 4.700000 -5.428236
v -5.323805 5.000000 -5.686731
v -5.323805 4.900001 -5.686731
v -5.028039 5.075219 -5.390965
v -5.028039 5.300001 -5.390965
v -3.802396 5.900001 -4.165321
v -4.655619 5.449673 -5.018545
v -4.697051 5.632428 -5.059977
v -3.842389 6.000001 -4.205315
v 5.428236 0.000000 5.187948
v 5.390967 4.900001 5.028041
v 5.625413 0.000000 5.385125
v 5.308091 0.000000 5.308094
v 5.209503 4.900001 5.209505
v 5.625413 4.700001 5.385125
v 5.428236 4.700001 5.187948
v 5.308091 4.700001 5.308094
v 5.686732 5.000001 5.323806
v 5.686732 4.900001 5.323806
v 5.209502 5.075220 5.209504
v 5.390966 5.075220 5.028040
v 5.390966 5.300001 5.028040
v 3.984577 5.900001 3.984579
v 4.836572 5.450189 4.836575
v 4.165322 5.900001 3.802396
v 5.018545 5.449673 4.655619
v 5.059978 5.632429 4.697052
v 4.205316 6.000002 3.842390
v -0.000001 5.900001 0.362928
v -0.362929 6.000000 0.000000
v -0.000001 6.000000 0.362928
v -0.000002 5.900001 0.000001
v 0.362926 5.900001 0.000001
v 0.362926 6.000001 0.000001
v 5.187946 0.000000 -5.428236
v 5.028039 4.900000 -5.390966
v 5.385123 0.000000 -5.625413
v 5.308091 0.000000 -5.308091
v 5.209503 4.900000 -5.209504
v 5.385123 4.700000 -5.625413
v 5.187946 4.700000 -5.428236
v 5.308091 4.700000 -5.308091
v 5.323803 5.000000 -5.686731
v 5.323803 4.900000 -5.686731
v 5.209502 5.075219 -5.209503
v 5.028039 5.075219 -5.390966
v 5.028039 5.300000 -5.390966
v 3.984578 5.900000 -3.984579
v 4.836573 5.450188 -4.836573
v 3.802395 5.900000 -4.165323
v 4.655618 5.449672 -5.018546
v 4.697050 5.632428 -5.059978
v 3.842389 6.000000 -4.205317
v -5.428238 0.000000 5.187948
v -5.390968 4.900001 5.028039
v -5.625414 0.000000 5.385124
v -5.625414 4.700000 5.385124
v -5.428238 4.700000 5.187948
v -5.686733 5.000000 5.323805
v -5.686733 4.900001 5.323805
v -5.390968 5.075219 5.028040
v -5.390968 5.300001 5.028040
v -4.165322 5.900001 3.802394
v -5.018546 5.449673 4.655618
v -5.059978 5.632428 4.697050
v -4.205316 6.000001 3.842387
v 5.428236 0.000000 -5.187947
v 5.390966 4.900001 -5.028040
v 5.625413 0.000000 -5.385124
v 5.625413 4.700000 -5.385124
v 5.428236 4.700000 -5.187947
v 5.686731 5.000000 -5.323805
v 5.686731 4.900001 -5.323805
v 5.390965 5.075219 -5.028039
v 5.390965 5.300001 -5.028039
v 4.165322 5.900001 -3.802396
v 5.018545 5.449673 -4.655618
v 5.059978 5.632428 -4.697051
v 4.205316 6.000001 -3.842389
v -5.187948 0.000000 5.428237
v -5.028041 4.900001 5.390968
v -5.385125 0.000000 5.625414
v -5.308094 0.000000 5.308092
v -5.209505 4.900001 5.209504
v -5.385125 4.700001 5.625414
v -5.187948 4.700001 5.428237
v -5.308094 4.700001 5.308092
v -5.323806 5.000001 5.686733
v -5.323806 4.900001 5.686733
v -5.209505 5.075220 5.209503
v -5.028040 5.075220 5.390967
v -5.028040 5.300001 5.390967
v -3.984578 5.900001 3.984577
v -4.836574 5.450189 4.836573
v -3.802395 5.900001 4.165321
v -4.655619 5.449673 5.018546
v -4.697051 5.632429 5.059978
v -3.842388 6.000002 4.205315
v -0.000001 5.900001 -0.362927
v -0.362929 5.900001 0.000001
v -0.000001 6.000000 -0.362927
vn -0.0000 1.0000 -0.0000
vn -0.0000 0.9239 -0.3827
vn -0.1101 0.9878 -0.1101
vn 0.1010 0.9829 0.1541
vn -0.3002 0.9054 -0.3002
vn 0.0128 0.9986 0.0510
vn -0.3827 0.9239 -0.0000
vn 0.1222 0.9925 -0.0000
vn -0.1101 0.9878 0.1101
vn -0.0000 0.9239 0.3827
vn -0.0000 0.9925 -0.1222
vn -0.3002 0.9054 0.3002
vn 0.0310 0.9990 -0.0310
vn 0.3827 0.9239 -0.0000
vn 0.1101 0.9878 -0.1101
vn -0.1010 0.9829 0.1541
vn 0.3002 0.9054 -0.3002
vn -0.0000 0.9981 -0.0618
vn -0.0000 0.9783 0.2071
vn -0.0000 0.9802 0.1981
vn -0.0128 0.9986 0.0510
vn -0.1222 0.9925 -0.0000
vn -0.0310 0.9990 -0.0310
vn 0.3002 0.9054 0.3002
vn 0.1101 0.9878 0.1101
vn -0.0000 -1.0000 -0.0000
vn 0.6507 -0.3914 -0.6507
vn 0.6809 0.2695 -0.6809
vn 0.1481 -0.9778 -0.1481
vn 0.6507 -0.3914 0.6507
vn 0.7071 -0.0000 0.7071
vn 0.1481 -0.9778 0.1481
vn -0.1481 -0.9778 0.1481
vn 0.1951 -0.9808 -0.0000
vn 0.6619 0.3517 0.6619
vn 0.7090 0.0028 -0.7052
vn 0.9732 0.2298 -0.0000
vn 1.0000 -0.0000 -0.0000
vn 0.5556 -0.8315 -0.0000
vn 0.9239 -0.3827 -0.0000
vn -0.3503 -0.8687 -0.3503
vn -0.1951 -0.9808 -0.0000
vn -0.6809 0.2695 0.6809
vn -0.6623 0.3532 0.6608
vn -0.9732 0.2298 -0.0000
vn -1.0000 0.0020 0.0002
vn -0.9730 0.2307 0.0001
vn -0.5556 -0.8315 -0.0000
vn -0.9239 -0.3827 -0.0000
vn -1.0000 -0.0000 -0.0000
vn -1.0000 0.0020 -0.0002
vn -0.9730 0.2307 -0.0001
vn -0.6507 -0.3914 -0.6507
vn -0.6809 0.2695 -0.6809
vn -0.1481 -0.9778 -0.1481
vn 0.3503 -0.8687 -0.3503
vn 0.3503 -0.8687 0.3503
vn -0.6507 -0.3914 0.6507
vn -0.0000 -0.9808 -0.1951
vn 0.6608 0.3532 -0.6623
vn -0.7052 0.0028 -0.7090
vn -0.6623 0.3532 -0.6608
vn -0.0000 0.2298 -0.9732
vn 0.0002 0.0020 -1.0000
vn 0.0001 0.2307 -0.9730
vn -0.0000 -0.8315 -0.5556
vn -0.7071 -0.0000 -0.7071
vn 0.7071 -0.0000 -0.7071
vn -0.0000 -0.3827 -0.9239
vn -0.0000 -0.0000 -1.0000
vn -0.3503 -0.8687 0.3503
vn -0.0000 -0.9808 0.1951
vn 0.6809 0.2695 0.6809
vn -0.7052 0.0028 0.7090
vn -0.0000 0.2298 0.9732
vn -0.0000 -0.0000 1.0000
vn -0.0000 -0.8315 0.5556
vn -0.7071 -0.0000 0.7071
vn -0.0000 -0.3827 0.9239
vn -0.0000 0.4971 -0.8677
vn 0.3994 0.3994 -0.8252
vn -0.4971 -0.0000 -0.8677
vn 0.4971 -0.0000 -0.8677
vn -0.1590 -0.1590 -0.9744
vn -0.7071 -0.7071 -0.0000
vn -0.0000 -0.4971 -0.8677
vn -0.9650 -0.0000 -0.2621
vn -0.6477 -0.6477 -0.4013
vn -0.0000 -0.9650 -0.2621
vn 0.5443 0.5443 -0.6383
vn -0.0000 0.8626 -0.5058
vn 0.8626 -0.0000 -0.5058
vn -0.3994 0.3994 -0.8252
vn 0.1590 -0.1590 -0.9744
vn 0.7071 -0.7071 -0.0000
vn 0.9650 -0.0000 -0.2621
vn 0.6477 -0.6477 -0.4013
vn -0.5443 0.5443 -0.6383
vn -0.8626 -0.0000 -0.5058
vn -0.0000 0.4971 0.8677
vn 0.3994 0.3994 0.8252
vn -0.4971 -0.0000 0.8677
vn 0.4971 -0.0000 0.8677
vn -0.1590 -0.1590 0.9744
vn -0.0000 -0.4971 0.8677
vn -0.9650 -0.0000 0.2621
vn -0.6477 -0.6477 0.4013
vn -0.0000 -0.9650 0.2621
vn 0.5443 0.5443 0.6383
vn -0.0000 0.8626 0.5058
vn 0.8626 -0.0000 0.5058
vn -0.3994 0.3994 0.8252
vn 0.1590 -0.1590 0.9744
vn 0.9650 -0.0000 0.2621
vn 0.6477 -0.6477 0.4013
vn -0.5443 0.5443 0.6383
vn -0.8626 -0.0000 0.5058
vn 0.8677 0.4971 -0.0000
vn 0.8252 0.3994 0.3994
vn 0.8677 -0.0000 -0.4971
vn 0.8677 -0.0000 0.4971
vn 0.9744 -0.1590 -0.1590
vn -0.0000 -0.7071 -0.7071
vn 0.8677 -0.4971 -0.0000
vn 0.2621 -0.0000 -0.9650
vn 0.4013 -0.6477 -0.6477
vn 0.2621 -0.9650 -0.0000
vn 0.6383 0.5443 0.5443
vn 0.5058 0.8626 -0.0000
vn 0.5058 -0.0000 0.8626
vn 0.8252 0.3994 -0.3994
vn 0.9744 -0.1590 0.1590
vn -0.0000 -0.7071 0.7071
vn 0.2621 -0.0000 0.9650
vn 0.4013 -0.6477 0.6477
vn 0.6383 0.5443 -0.5443
vn 0.5058 -0.0000 -0.8626
vn -0.8677 0.4971 -0.0000
vn -0.8252 0.3994 0.3994
vn -0.8677 -0.0000 -0.4971
vn -0.8677 -0.0000 0.4971
vn -0.9744 -0.1590 -0.1590
vn -0.8677 -0.4971 -0.0000
vn -0.2621 -0.0000 -0.9650
vn -0.4013 -0.6477 -0.6477
vn -0.2621 -0.9650 -0.0000
vn -0.6383 0.5443 0.5443
vn -0.5058 0.8626 -0.0000
vn -0.5058 -0.0000 0.8626
vn -0.8252 0.3994 -0.3994
vn -0.9744 -0.1590 0.1590
vn -0.2621 -0.0000 0.9650
vn -0.4013 -0.6477 0.6477
vn -0.6383 0.5443 -0.5443
vn -0.5058 -0.0000 -0.8626
vn 0.0168 -0.2937 0.9558
vn 0.6746 -0.2997 0.6746
vn -0.6924 -0.2031 0.6924
vn -0.0545 -0.3805 0.9232
vn 0.6284 -0.4586 0.6284
vn -0.2302 -0.2583 0.9382
vn 0.1259 -0.9840 0.1259
vn 0.3311 -0.8836 0.3311
vn -0.4467 -0.6519 0.6128
vn -0.2975 -0.5966 0.7453
vn -0.9558 -0.2937 -0.0168
vn -0.9232 -0.3805 0.0545
vn -0.9382 -0.2583 0.2302
vn -0.6128 -0.6519 0.4467
vn -0.7453 -0.5966 0.2975
vn 0.9558 -0.2937 0.0168
vn 0.6924 -0.2031 -0.6924
vn 0.9232 -0.3805 -0.0545
vn 0.9382 -0.2583 -0.2302
vn 0.6128 -0.6519 -0.4467
vn 0.7453 -0.5966 -0.2975
vn -0.0168 -0.2937 -0.9558
vn -0.6746 -0.2997 -0.6746
vn 0.0545 -0.3805 -0.9232
vn -0.6284 -0.4586 -0.6284
vn 0.2302 -0.2583 -0.9382
vn -0.1259 -0.9840 -0.1259
vn -0.3311 -0.8836 -0.3311
vn 0.4467 -0.6519 -0.6128
vn 0.2975 -0.5966 -0.7453
vn -0.0000 -0.9045 0.4264
vn 0.4264 -0.9045 -0.0000
vn -0.9558 -0.2937 0.0168
vn -0.6746 -0.2997 0.6746
vn -0.6924 -0.2031 -0.6924
vn -0.9232 -0.3805 -0.0545
vn -0.6284 -0.4586 0.6284
vn -0.9382 -0.2583 -0.2302
vn -0.1259 -0.9840 0.1259
vn -0.3311 -0.8836 0.3311
vn -0.6128 -0.6519 -0.4467
vn -0.7453 -0.5966 -0.2975
vn 0.0168 -0.2937 -0.9558
vn -0.0545 -0.3805 -0.9232
vn -0.2302 -0.2583 -0.9382
vn -0.4467 -0.6519 -0.6128
vn -0.2975 -0.5966 -0.7453
vn -0.0168 -0.2937 0.9558
vn 0.6924 -0.2031 0.6924
vn 0.0545 -0.3805 0.9232
vn 0.2302 -0.2583 0.9382
vn 0.4467 -0.6519 0.6128
vn 0.2975 -0.5966 0.7453
vn 0.9558 -0.2937 -0.0168
vn 0.6746 -0.2997 -0.6746
vn 0.9232 -0.3805 0.0545
vn 0.6284 -0.4586 -0.6284
vn 0.9382 -0.2583 0.2302
vn 0.1259 -0.9840 -0.1259
vn 0.3311 -0.8836 -0.3311
vn 0.6128 -0.6519 0.4467
vn 0.7453 -0.5966 0.2975
vn -0.0000 -0.9045 -0.4264
vn -0.4264 -0.9045 -0.0000
vt 0.208266 0.750100
vt 0.208267 0.958267
vt 0.125000 0.875000
vt 0.125000 0.750100
vt 0.216593 0.500100
vt 0.216593 0.608260
vt 0.208267 0.604100
vt 0.208266 0.500100
vt 0.249900 0.500100
vt 0.249900 0.624900
vt 0.033407 0.516740
vt 0.000100 0.500100
vt 0.033407 0.500100
vt 0.041733 0.520900
vt 0.041733 0.500100
vt 0.041733 0.791733
vt 0.041733 0.750100
vt 0.208266 0.791733
vt 0.216593 0.516740
vt 0.208266 0.520900
vt 0.033407 0.608260
vt 0.000100 0.624900
vt 0.041733 0.604100
vt 0.041733 0.958267
vt 0.125000 0.999900
vt 0.041733 0.999900
vt 0.041733 0.791733
vt 0.033407 0.624900
vt 0.041733 0.624900
vt 0.041733 0.520900
vt 0.216593 0.624900
vt 0.208267 0.999900
vt 0.208267 0.604100
vt 0.208267 0.624900
vt 0.208266 0.791733
vt 0.125000 0.875000
vt 0.208266 0.520900
vt 0.033407 0.608260
vt 0.208267 0.958267
vt 0.208267 0.604100
vt 0.033407 0.608260
vt 0.041733 0.958267
vt 0.041733 0.604100
vt 0.033407 0.516740
vt 0.216593 0.608260
vt 0.500000 0.520833
vt 0.500000 0.500000
vt 0.467678 0.500000
vt 0.467678 0.520833
vt 0.425000 0.520833
vt 0.425000 0.500000
vt 0.375000 0.500000
vt 0.375000 0.520833
vt 0.325000 0.520833
vt 0.325000 0.500000
vt 0.416633 0.796302
vt 0.416633 0.789899
vt 0.275080 0.789899
vt 0.270917 0.796302
vt 0.425000 0.583333
vt 0.467678 0.547769
vt 0.375000 0.625000
vt 0.375000 0.583333
vt 0.325000 0.666667
vt 0.325000 0.583333
vt 0.425000 0.729167
vt 0.425000 0.750000
vt 0.467678 0.750000
vt 0.467678 0.729167
vt 0.325000 0.750000
vt 0.375000 0.750000
vt 0.375000 0.729167
vt 0.325000 0.729167
vt 0.333367 0.773924
vt 0.333367 0.789899
vt 0.474920 0.789899
vt 0.474820 0.773924
vt 0.375000 0.666667
vt 0.333367 0.951468
vt 0.333367 0.968650
vt 0.479083 0.968650
vt 0.479083 0.951468
vt 0.500000 0.750000
vt 0.500000 0.729167
vt 0.425000 0.666667
vt 0.467678 0.702231
vt 0.325000 0.583333
vt 0.282322 0.547769
vt 0.282322 0.666667
vt 0.270917 0.951468
vt 0.270917 0.968650
vt 0.416633 0.968650
vt 0.416633 0.951468
vt 0.275080 0.773924
vt 0.416633 0.773924
vt 0.282322 0.702231
vt 0.282322 0.583333
vt 0.250000 0.583333
vt 0.250000 0.729167
vt 0.250000 0.666667
vt 0.250000 0.520833
vt 0.375000 0.625000
vt 0.479083 0.796302
vt 0.333367 0.796302
vt 0.270917 0.837352
vt 0.416633 0.837352
vt 0.333367 0.837352
vt 0.479083 0.837352
vt 0.425000 0.604167
vt 0.425000 0.625000
vt 0.467678 0.625000
vt 0.467678 0.578962
vt 0.500000 0.671038
vt 0.500000 0.625000
vt 0.467678 0.671038
vt 0.328999 0.951468
vt 0.375000 0.951468
vt 0.375000 0.968650
vt 0.328999 0.968650
vt 0.425000 0.541667
vt 0.467678 0.541667
vt 0.458266 0.796302
vt 0.421001 0.796302
vt 0.421001 0.789899
vt 0.458267 0.789899
vt 0.500000 0.578962
vt 0.421001 0.951468
vt 0.421001 0.968650
vt 0.291733 0.951468
vt 0.291733 0.968650
vt 0.500000 0.708333
vt 0.467678 0.708333
vt 0.291733 0.773924
vt 0.328999 0.773924
vt 0.328999 0.789899
vt 0.291733 0.789899
vt 0.291733 0.837352
vt 0.328999 0.837352
vt 0.425000 0.645833
vt 0.421001 0.837352
vt 0.458266 0.837352
vt 0.458266 0.951468
vt 0.421001 0.773924
vt 0.458266 0.773924
vt 0.500000 0.541667
vt 0.458266 0.968650
vt 0.328999 0.796302
vt 0.291733 0.796302
vt 0.425000 0.708333
vt 0.213047 0.712577
vt 0.213047 0.743041
vt 0.241110 0.743041
vt 0.241110 0.712577
vt 0.208254 0.525464
vt 0.208254 0.707784
vt 0.213047 0.525464
vt 0.213047 0.747835
vt 0.169817 0.743041
vt 0.169817 0.747835
vt 0.245903 0.747835
vt 0.241110 0.525464
vt 0.086574 0.654092
vt 0.100887 0.654092
vt 0.100887 0.686517
vt 0.086574 0.686517
vt 0.169817 0.712577
vt 0.169817 0.707784
vt 0.100887 0.500983
vt 0.086574 0.500983
vt 0.245903 0.712577
vt 0.245903 0.525464
vt 0.084272 0.673426
vt 0.084272 0.685581
vt 0.120737 0.685581
vt 0.114659 0.673426
vt 0.090400 0.673325
vt 0.102656 0.685581
vt 0.102656 0.673325
vt 0.043628 0.500039
vt 0.043628 0.749961
vt 0.022500 0.749961
vt 0.022500 0.500039
vt 0.070838 0.500039
vt 0.070838 0.749961
vt 0.011837 0.741571
vt 0.028200 0.741571
vt 0.028200 0.745543
vt 0.011837 0.745543
vt 0.084272 0.701427
vt 0.084272 0.701296
vt 0.120737 0.701296
vt 0.086805 0.741571
vt 0.086805 0.721513
vt 0.119318 0.721513
vt 0.119314 0.741571
vt 0.048546 0.721513
vt 0.048546 0.741571
vt 0.028200 0.721513
vt 0.048546 0.745543
vt 0.086805 0.745543
vt 0.162875 0.741571
vt 0.162875 0.721513
vt 0.130362 0.721513
vt 0.130366 0.741571
vt 0.237844 0.741571
vt 0.237844 0.745543
vt 0.221480 0.745543
vt 0.221480 0.741571
vt 0.201134 0.721513
vt 0.221480 0.721513
vt 0.201134 0.741571
vt 0.201134 0.745543
vt 0.162875 0.745543
vt 0.119543 0.745543
vt 0.130138 0.745543
vt 0.119543 0.745543
vt 0.119318 0.721513
vt 0.130138 0.745543
vt 0.118960 0.741571
vt 0.118964 0.721513
vt 0.130721 0.741571
vt 0.130716 0.721513
vt 0.119203 0.745543
vt 0.130477 0.745543
vt 0.130721 0.741571
s 1
usemtl M_DungeonEnviro
f 3670/2719/1599 3673/2720/1602 3674/2721/1598 3700/2722/1598
f 3702/2723/1599 3671/2724/1600 3673/2725/1602 3670/2726/1599
f 3669/2727/1598 3668/2728/1598 3671/2724/1600 3702/2723/1599
f 3672/2729/1601 3699/2730/1615 3703/2731/1617
f 3675/2732/1603 3672/2729/1601 3703/2731/1617 3701/2733/1616
f 3674/2721/1598 3675/2734/1603 3701/2735/1616 3700/2722/1598
f 3679/2719/1598 3675/2736/1603 3674/2721/1598 3678/2722/1598
f 3682/2723/1605 3672/2737/1601 3675/2738/1603 3679/2726/1598
f 3699/2727/1615 3672/2737/1601 3682/2723/1605
f 3671/2739/1600 3668/2740/1598 3676/2730/1598 3681/2731/1604
f 3673/2741/1602 3671/2739/1600 3681/2731/1604 3680/2733/1604
f 3674/2721/1598 3673/2742/1602 3680/2735/1604 3678/2722/1598
f 3678/2743/1598 3680/2744/1604 3692/2745/1609 3691/2721/1598
f 3681/2746/1604 3676/2740/1598 3677/2730/1598 3683/2729/1606
f 3680/2747/1604 3681/2746/1604 3683/2729/1606 3692/2748/1609
f 3693/2724/1610 3699/2728/1615 3682/2749/1605
f 3691/2721/1598 3690/2720/1598 3679/2750/1598 3678/2743/1598
f 3690/2751/1598 3693/2724/1610 3682/2749/1605 3679/2752/1598
f 3686/2719/1598 3690/2753/1598 3691/2754/1598 3685/2722/1598
f 3689/2723/1608 3693/2737/1610 3690/2755/1598 3686/2726/1598
f 3699/2727/1615 3693/2737/1610 3689/2723/1608
f 3683/2756/1606 3677/2740/1598 3684/2730/1598 3688/2731/1607
f 3692/2741/1609 3683/2756/1606 3688/2731/1607 3687/2733/1607
f 3691/2754/1598 3692/2742/1609 3687/2735/1607 3685/2722/1598
f 3708/2719/1611 3697/2757/1614 3705/2754/1598 3707/2722/1598
f 3694/2723/1611 3695/2724/1612 3697/2758/1614 3708/2726/1611
f 3706/2727/1598 3698/2728/1598 3695/2724/1612 3694/2723/1611
f 3696/2729/1613 3699/2730/1615 3710/2731/1619
f 3704/2732/1618 3696/2729/1613 3710/2731/1619 3709/2733/1598
f 3705/2754/1598 3704/2734/1618 3709/2735/1598 3707/2722/1598
f 3701/2719/1616 3704/2753/1618 3705/2754/1598 3700/2722/1598
f 3703/2723/1617 3696/2737/1613 3704/2755/1618 3701/2726/1616
f 3699/2727/1615 3696/2737/1613 3703/2723/1617
f 3705/2754/1598 3697/2742/1614 3670/2735/1599 3700/2722/1598
f 3695/2759/1612 3698/2740/1598 3669/2730/1598 3702/2731/1599
f 3697/2741/1614 3695/2759/1612 3702/2731/1599 3670/2733/1599
f 3707/2743/1598 3709/2744/1598 3711/2760/1598 3714/2721/1598
f 3710/2746/1619 3699/2740/1615 3712/2759/1620
f 3709/2747/1598 3710/2746/1619 3712/2759/1620 3711/2761/1598
f 3716/2737/1622 3715/2727/1598 3706/2728/1598 3694/2749/1611
f 3714/2721/1598 3713/2736/1621 3708/2750/1611 3707/2743/1598
f 3713/2738/1621 3716/2737/1622 3694/2749/1611 3708/2752/1611
f 3685/2743/1598 3687/2744/1607 3713/2734/1621 3714/2754/1598
f 3688/2746/1607 3684/2740/1598 3715/2730/1598 3716/2762/1622
f 3687/2747/1607 3688/2746/1607 3716/2762/1622 3713/2732/1621
f 3711/2725/1598 3712/2763/1620 3689/2749/1608 3686/2752/1598
f 3712/2763/1620 3699/2728/1615 3689/2749/1608
f 3714/2754/1598 3711/2720/1598 3686/2750/1598 3685/2743/1598
f 3725/2764/1623 3717/2765/1623 3732/2766/1623 3735/2767/1623
f 3737/2768/1623 3731/2769/1623 3730/2770/1623 3736/2771/1623
f 3738/2772/1631 3736/2771/1623 3730/2770/1623 3733/2773/1631
f 3745/2774/1634 3747/2775/1634 3734/2776/1632 3892/2777/1670
f 3731/2769/1623 3737/2768/1623 3735/2767/1623 3732/2766/1623
f 3737/2768/1623 3739/2778/1623 3832/2779/1623 3735/2767/1623
f 3832/2779/1623 3725/2764/1623 3735/2767/1623
f 3727/2780/1623 3739/2778/1623 3749/2781/1623
f 3726/2782/1629 3727/2780/1623 3749/2781/1623 3769/2783/1631
f 3742/2784/1623 3731/2785/1623 3732/2786/1623 3740/2787/1623
f 3733/2788/1631 3730/2789/1623 3743/2790/1623 3741/2791/1631
f 3773/2792/1635 3774/2793/1634 3839/2794/1657 3744/2795/1633
f 3731/2785/1623 3742/2784/1623 3743/2790/1623 3730/2789/1623
f 3741/2791/1631 3743/2790/1623 3750/2796/1623 3751/2782/1631
f 3775/2797/1635 3771/2798/1637 3718/2799/1624 3862/2800/1665
f 3717/2801/1623 3720/2802/1623 3740/2787/1623 3732/2786/1623
f 3742/2784/1623 3844/2803/1623 3750/2796/1623 3743/2790/1623
f 3830/2804/1623 3740/2787/1623 3720/2802/1623
f 3721/2805/1626 3831/2806/1653 3752/2807/1636 3751/2782/1631
f 3861/2808/1628 3723/2809/1627 3768/2810/1637 3770/2811/1635
f 3724/2812/1628 3734/2776/1632 3747/2775/1634 3746/2813/1635
f 3833/2814/1654 3748/2815/1636 3768/2816/1637 3723/2817/1627
f 3769/2783/1631 3749/2781/1623 3736/2771/1623 3738/2772/1631
f 3769/2783/1631 3748/2815/1636 3833/2814/1654 3726/2782/1629
f 3749/2781/1623 3739/2778/1623 3737/2768/1623 3736/2771/1623
f 3771/2818/1637 3752/2807/1636 3831/2806/1653 3718/2819/1624
f 3750/2796/1623 3844/2803/1623 3829/2820/1623
f 3751/2782/1631 3750/2796/1623 3829/2820/1623 3721/2805/1626
f 3719/2821/1625 3839/2794/1657 3774/2793/1634 3772/2822/1634
f 3830/2804/1623 3844/2803/1623 3742/2784/1623 3740/2787/1623
f 3892/2823/1670 3861/2808/1628 3770/2811/1635 3745/2824/1634
f 3772/2825/1634 3775/2797/1635 3862/2800/1665 3719/2826/1625
f 3738/2827/1631 3733/2828/1631 3754/2829/1636 3756/2830/1636
f 3762/2831/1637 3753/2832/1637 3754/2829/1636 3767/2833/1636
f 3766/2834/1635 3755/2835/1635 3753/2836/1637 3762/2837/1637
f 3769/2838/1631 3738/2827/1631 3756/2830/1636 3748/2839/1636
f 3745/2840/1634 3758/2841/1634 3760/2842/1634 3747/2843/1634
f 3753/2832/1637 3757/2844/1637 3756/2830/1636 3754/2829/1636
f 3755/2835/1635 3761/2845/1635 3757/2846/1637 3753/2836/1637
f 3775/2847/1635 3766/2834/1635 3762/2837/1637 3771/2848/1637
f 3771/2849/1637 3762/2831/1637 3767/2833/1636 3752/2850/1636
f 3773/2851/1635 3764/2852/1635 3765/2853/1634 3774/2854/1634
f 3772/2855/1634 3763/2856/1634 3766/2834/1635 3775/2847/1635
f 3733/2828/1631 3741/2857/1631 3767/2833/1636 3754/2829/1636
f 3758/2858/1634 3745/2859/1634 3770/2860/1635 3761/2845/1635
f 3759/2861/1635 3746/2862/1635 3747/2843/1634 3760/2842/1634
f 3757/2844/1637 3768/2863/1637 3748/2839/1636 3756/2830/1636
f 3761/2845/1635 3770/2860/1635 3768/2864/1637 3757/2846/1637
f 3763/2865/1634 3772/2866/1634 3774/2854/1634 3765/2853/1634
f 3741/2857/1631 3751/2867/1631 3752/2850/1636 3767/2833/1636
f 3886/2764/1623 3783/2767/1623 3779/2766/1623 3717/2765/1623
f 3785/2768/1623 3784/2771/1623 3777/2770/1623 3778/2769/1623
f 3786/2772/1639 3780/2773/1639 3777/2770/1623 3784/2771/1623
f 3792/2774/1642 3781/2777/1640 3782/2776/1641 3794/2775/1644
f 3778/2769/1623 3779/2766/1623 3783/2767/1623 3785/2768/1623
f 3785/2768/1623 3783/2767/1623 3729/2779/1623 3823/2778/1623
f 3729/2779/1623 3783/2767/1623 3886/2764/1623
f 3722/2780/1623 3796/2781/1623 3823/2778/1623
f 3728/2782/1630 3816/2783/1639 3796/2781/1623 3722/2780/1623
f 3789/2784/1623 3787/2787/1623 3779/2786/1623 3778/2785/1623
f 3780/2788/1639 3788/2791/1639 3790/2790/1623 3777/2789/1623
f 3820/2792/1648 3849/2795/1658 3850/2794/1659 3821/2793/1649
f 3778/2785/1623 3777/2789/1623 3790/2790/1623 3789/2784/1623
f 3788/2791/1639 3798/2782/1639 3797/2796/1623 3790/2790/1623
f 3822/2797/1647 3860/2800/1664 3824/2799/1650 3818/2798/1646
f 3717/2801/1623 3779/2786/1623 3787/2787/1623 3826/2802/1623
f 3789/2784/1623 3790/2790/1623 3797/2796/1623 3827/2803/1623
f 3791/2804/1623 3826/2802/1623 3787/2787/1623
f 3828/2805/1652 3798/2782/1639 3799/2807/1645 3776/2806/1638
f 3910/2808/1675 3817/2811/1647 3815/2810/1646 3834/2809/1655
f 3901/2812/1671 3793/2813/1643 3794/2775/1644 3782/2776/1641
f 3887/2814/1668 3834/2817/1655 3815/2816/1646 3795/2815/1645
f 3816/2783/1639 3786/2772/1639 3784/2771/1623 3796/2781/1623
f 3816/2783/1639 3728/2782/1630 3887/2814/1668 3795/2815/1645
f 3796/2781/1623 3784/2771/1623 3785/2768/1623 3823/2778/1623
f 3818/2818/1646 3824/2819/1650 3776/2806/1638 3799/2807/1645
f 3797/2796/1623 3851/2820/1623 3827/2803/1623
f 3798/2782/1639 3828/2805/1652 3851/2820/1623 3797/2796/1623
f 3825/2821/1651 3819/2822/1642 3821/2793/1649 3850/2794/1659
f 3791/2804/1623 3787/2787/1623 3789/2784/1623 3827/2803/1623
f 3781/2823/1640 3792/2824/1642 3817/2811/1647 3910/2808/1675
f 3819/2825/1642 3825/2826/1651 3860/2800/1664 3822/2797/1647
f 3786/2827/1639 3803/2830/1645 3801/2829/1645 3780/2828/1639
f 3809/2831/1646 3814/2833/1645 3801/2829/1645 3800/2832/1646
f 3813/2834/1647 3809/2837/1646 3800/2836/1646 3802/2835/1647
f 3816/2838/1639 3795/2839/1645 3803/2830/1645 3786/2827/1639
f 3792/2840/1642 3794/2843/1644 3807/2842/1642 3805/2841/1642
f 3800/2832/1646 3801/2829/1645 3803/2830/1645 3804/2844/1646
f 3802/2835/1647 3800/2836/1646 3804/2846/1646 3808/2845/1647
f 3822/2847/1647 3818/2848/1646 3809/2837/1646 3813/2834/1647
f 3818/2849/1646 3799/2850/1645 3814/2833/1645 3809/2831/1646
f 3820/2851/1648 3821/2854/1649 3812/2853/1642 3811/2852/1647
f 3819/2855/1642 3822/2847/1647 3813/2834/1647 3810/2856/1642
f 3780/2828/1639 3801/2829/1645 3814/2833/1645 3788/2857/1639
f 3805/2858/1642 3808/2845/1647 3817/2860/1647 3792/2859/1642
f 3806/2861/1647 3807/2842/1642 3794/2843/1644 3793/2862/1643
f 3804/2844/1646 3803/2830/1645 3795/2839/1645 3815/2863/1646
f 3808/2845/1647 3804/2846/1646 3815/2864/1646 3817/2860/1647
f 3810/2865/1642 3812/2853/1642 3821/2854/1649 3819/2866/1642
f 3788/2857/1639 3814/2833/1645 3799/2850/1645 3798/2867/1639
f 3720/2764/1623 3717/2765/1623 3837/2766/1623 3840/2767/1623
f 3842/2768/1623 3836/2769/1623 3835/2770/1623 3841/2771/1623
f 3843/2772/1656 3841/2771/1623 3835/2770/1623 3838/2773/1656
f 3852/2774/1660 3854/2775/1662 3839/2776/1657 3719/2777/1625
f 3836/2769/1623 3842/2768/1623 3840/2767/1623 3837/2766/1623
f 3842/2768/1623 3844/2778/1623 3830/2779/1623 3840/2767/1623
f 3830/2779/1623 3720/2764/1623 3840/2767/1623
f 3829/2780/1623 3844/2778/1623 3856/2781/1623
f 3721/2782/1626 3829/2780/1623 3856/2781/1623 3879/2783/1656
f 3847/2784/1623 3836/2785/1623 3837/2786/1623 3845/2787/1623
f 3838/2788/1656 3835/2789/1623 3848/2790/1623 3846/2791/1656
f 3883/2792/1667 3884/2793/1660 3850/2794/1659 3849/2795/1658
f 3836/2785/1623 3847/2784/1623 3848/2790/1623 3835/2789/1623
f 3846/2791/1656 3848/2790/1623 3857/2796/1623 3858/2782/1656
f 3885/2797/1667 3881/2798/1666 3824/2799/1650 3860/2800/1664
f 3717/2801/1623 3826/2802/1623 3845/2787/1623 3837/2786/1623
f 3847/2784/1623 3827/2803/1623 3857/2796/1623 3848/2790/1623
f 3791/2804/1623 3845/2787/1623 3826/2802/1623
f 3828/2805/1652 3776/2806/1638 3859/2807/1663 3858/2782/1656
f 3862/2808/1665 3718/2809/1624 3878/2810/1666 3880/2811/1667
f 3744/2812/1633 3839/2776/1657 3854/2775/1662 3853/2813/1661
f 3831/2814/1653 3855/2815/1663 3878/2816/1666 3718/2817/1624
f 3879/2783/1656 3856/2781/1623 3841/2771/1623 3843/2772/1656
f 3879/2783/1656 3855/2815/1663 3831/2814/1653 3721/2782/1626
f 3856/2781/1623 3844/2778/1623 3842/2768/1623 3841/2771/1623
f 3881/2818/1666 3859/2807/1663 3776/2806/1638 3824/2819/1650
f 3857/2796/1623 3827/2803/1623 3851/2820/1623
f 3858/2782/1656 3857/2796/1623 3851/2820/1623 3828/2805/1652
f 3825/2821/1651 3850/2794/1659 3884/2793/1660 3882/2822/1660
f 3791/2804/1623 3827/2803/1623 3847/2784/1623 3845/2787/1623
f 3719/2823/1625 3862/2808/1665 3880/2811/1667 3852/2824/1660
f 3882/2825/1660 3885/2797/1667 3860/2800/1664 3825/2826/1651
f 3843/2827/1656 3838/2828/1656 3864/2829/1663 3866/2830/1663
f 3872/2831/1666 3863/2832/1666 3864/2829/1663 3877/2833/1663
f 3876/2834/1667 3865/2835/1667 3863/2836/1666 3872/2837/1666
f 3879/2838/1656 3843/2827/1656 3866/2830/1663 3855/2839/1663
f 3852/2840/1660 3868/2841/1660 3870/2842/1660 3854/2843/1662
f 3863/2832/1666 3867/2844/1666 3866/2830/1663 3864/2829/1663
f 3865/2835/1667 3871/2845/1667 3867/2846/1666 3863/2836/1666
f 3885/2847/1667 3876/2834/1667 3872/2837/1666 3881/2848/1666
f 3881/2849/1666 3872/2831/1666 3877/2833/1663 3859/2850/1663
f 3883/2851/1667 3874/2852/1667 3875/2853/1660 3884/2854/1660
f 3882/2855/1660 3873/2856/1660 3876/2834/1667 3885/2847/1667
f 3838/2828/1656 3846/2857/1656 3877/2833/1663 3864/2829/1663
f 3868/2858/1660 3852/2859/1660 3880/2860/1667 3871/2845/1667
f 3869/2861/1667 3853/2862/1661 3854/2843/1662 3870/2842/1660
f 3867/2844/1666 3878/2863/1666 3855/2839/1663 3866/2830/1663
f 3871/2845/1667 3880/2860/1667 3878/2864/1666 3867/2846/1666
f 3873/2865/1660 3882/2866/1660 3884/2854/1660 3875/2853/1660
f 3846/2857/1656 3858/2867/1656 3859/2850/1663 3877/2833/1663
f 3725/2764/1623 3893/2767/1623 3890/2766/1623 3717/2765/1623
f 3895/2768/1623 3894/2771/1623 3888/2770/1623 3889/2769/1623
f 3896/2772/1669 3891/2773/1669 3888/2770/1623 3894/2771/1623
f 3902/2774/1672 3892/2777/1670 3734/2776/1632 3904/2775/1672
f 3889/2769/1623 3890/2766/1623 3893/2767/1623 3895/2768/1623
f 3895/2768/1623 3893/2767/1623 3832/2779/1623 3739/2778/1623
f 3832/2779/1623 3893/2767/1623 3725/2764/1623
f 3727/2780/1623 3906/2781/1623 3739/2778/1623
f 3726/2782/1629 3927/2783/1669 3906/2781/1623 3727/2780/1623
f 3899/2784/1623 3897/2787/1623 3890/2786/1623 3889/2785/1623
f 3891/2788/1669 3898/2791/1669 3900/2790/1623 3888/2789/1623
f 3931/2792/1673 3901/2795/1671 3782/2794/1641 3932/2793/1672
f 3889/2785/1623 3888/2789/1623 3900/2790/1623 3899/2784/1623
f 3898/2791/1669 3908/2782/1669 3907/2796/1623 3900/2790/1623
f 3933/2797/1673 3910/2800/1675 3834/2799/1655 3929/2798/1676
f 3717/2801/1623 3890/2786/1623 3897/2787/1623 3886/2802/1623
f 3899/2784/1623 3900/2790/1623 3907/2796/1623 3823/2803/1623
f 3729/2804/1623 3886/2802/1623 3897/2787/1623
f 3728/2805/1630 3908/2782/1669 3909/2807/1674 3887/2806/1668
f 3861/2808/1628 3928/2811/1673 3926/2810/1676 3723/2809/1627
f 3724/2812/1628 3903/2813/1673 3904/2775/1672 3734/2776/1632
f 3833/2814/1654 3723/2817/1627 3926/2816/1676 3905/2815/1674
f 3927/2783/1669 3896/2772/1669 3894/2771/1623 3906/2781/1623
f 3927/2783/1669 3726/2782/1629 3833/2814/1654 3905/2815/1674
f 3906/2781/1623 3894/2771/1623 3895/2768/1623 3739/2778/1623
f 3929/2818/1676 3834/2819/1655 3887/2806/1668 3909/2807/1674
f 3907/2796/1623 3722/2820/1623 3823/2803/1623
f 3908/2782/1669 3728/2805/1630 3722/2820/1623 3907/2796/1623
f 3781/2821/1640 3930/2822/1672 3932/2793/1672 3782/2794/1641
f 3729/2804/1623 3897/2787/1623 3899/2784/1623 3823/2803/1623
f 3892/2823/1670 3902/2824/1672 3928/2811/1673 3861/2808/1628
f 3930/2825/1672 3781/2826/1640 3910/2800/1675 3933/2797/1673
f 3896/2827/1669 3914/2830/1674 3912/2829/1674 3891/2828/1669
f 3920/2831/1676 3925/2833/1674 3912/2829/1674 3911/2832/1676
f 3924/2834/1673 3920/2837/1676 3911/2836/1676 3913/2835/1673
f 3927/2838/1669 3905/2839/1674 3914/2830/1674 3896/2827/1669
f 3902/2840/1672 3904/2843/1672 3918/2842/1672 3916/2841/1672
f 3911/2832/1676 3912/2829/1674 3914/2830/1674 3915/2844/1676
f 3913/2835/1673 3911/2836/1676 3915/2846/1676 3919/2845/1673
f 3933/2847/1673 3929/2848/1676 3920/2837/1676 3924/2834/1673
f 3929/2849/1676 3909/2850/1674 3925/2833/1674 3920/2831/1676
f 3931/2851/1673 3932/2854/1672 3923/2853/1672 3922/2852/1673
f 3930/2855/1672 3933/2847/1673 3924/2834/1673 3921/2856/1672
f 3891/2828/1669 3912/2829/1674 3925/2833/1674 3898/2857/1669
f 3916/2858/1672 3919/2845/1673 3928/2860/1673 3902/2859/1672
f 3917/2861/1673 3918/2842/1672 3904/2843/1672 3903/2862/1673
f 3915/2844/1676 3914/2830/1674 3905/2839/1674 3926/2863/1676
f 3919/2845/1673 3915/2846/1676 3926/2864/1676 3928/2860/1673
f 3921/2865/1672 3923/2853/1672 3932/2854/1672 3930/2866/1672
f 3898/2857/1669 3925/2833/1674 3909/2850/1674 3908/2867/1669
f 3939/2868/1681 3934/2869/1677 3935/2870/1678 3940/2871/1680
f 3945/2872/1684 3946/2873/1685 3939/2868/1681 3936/2874/1679
f 3949/2875/1688 3934/2869/1677 3943/2876/1677 3952/2877/1688
f 3948/2878/1687 3935/2870/1678 3934/2869/1677 3949/2875/1688
f 3936/2874/1679 3939/2868/1681 3940/2871/1680 3937/2879/1680
f 3946/2880/1685 3941/2881/1682 3944/2882/1623 3947/2883/1686
f 3934/2869/1677 3939/2868/1681 3942/2884/1683 3943/2876/1677
f 3939/2868/1681 3946/2873/1685 3947/2885/1686 3942/2884/1683
f 3938/2886/1647 3941/2881/1682 3946/2880/1685 3945/2887/1684
f 3937/2879/1680 3940/2871/1680 3951/2888/1689 3950/2889/1689
f 3940/2871/1680 3935/2870/1678 3948/2878/1687 3951/2888/1689
f 3958/2868/1691 3959/2871/1679 3954/2870/1690 3953/2869/1677
f 3961/2872/1693 3955/2874/1680 3958/2868/1691 3962/2873/1694
f 3964/2875/1688 3952/2877/1688 3943/2876/1677 3953/2869/1677
f 3963/2878/1695 3964/2875/1688 3953/2869/1677 3954/2870/1690
f 3955/2874/1680 3956/2879/1679 3959/2871/1679 3958/2868/1691
f 3962/2880/1694 3947/2883/1686 3944/2882/1623 3960/2881/1692
f 3953/2869/1677 3943/2876/1677 3942/2884/1683 3958/2868/1691
f 3958/2868/1691 3942/2884/1683 3947/2885/1686 3962/2873/1694
f 3957/2886/1635 3961/2887/1693 3962/2880/1694 3960/2881/1692
f 3956/2879/1679 3965/2889/1696 3966/2888/1696 3959/2871/1679
f 3959/2871/1679 3966/2888/1696 3963/2878/1695 3954/2870/1690
f 3972/2868/1701 3973/2871/1700 3968/2870/1698 3967/2869/1697
f 3978/2872/1703 3969/2874/1699 3972/2868/1701 3979/2873/1704
f 3982/2875/1707 3985/2877/1707 3976/2876/1697 3967/2869/1697
f 3981/2878/1706 3982/2875/1707 3967/2869/1697 3968/2870/1698
f 3969/2874/1699 3970/2879/1700 3973/2871/1700 3972/2868/1701
f 3979/2880/1704 3980/2883/1705 3977/2882/1623 3974/2881/1682
f 3967/2869/1697 3976/2876/1697 3975/2884/1702 3972/2868/1701
f 3972/2868/1701 3975/2884/1702 3980/2885/1705 3979/2873/1704
f 3971/2886/1647 3978/2887/1703 3979/2880/1704 3974/2881/1682
f 3970/2879/1700 3983/2889/1708 3984/2888/1708 3973/2871/1700
f 3973/2871/1700 3984/2888/1708 3981/2878/1706 3968/2870/1698
f 3991/2868/1710 3986/2869/1697 3987/2870/1709 3992/2871/1699
f 3994/2872/1711 3995/2873/1712 3991/2868/1710 3988/2874/1700
f 3997/2875/1707 3986/2869/1697 3976/2876/1697 3985/2877/1707
f 3996/2878/1713 3987/2870/1709 3986/2869/1697 3997/2875/1707
f 3988/2874/1700 3991/2868/1710 3992/2871/1699 3989/2879/1699
f 3995/2880/1712 3993/2881/1692 3977/2882/1623 3980/2883/1705
f 3986/2869/1697 3991/2868/1710 3975/2884/1702 3976/2876/1697
f 3991/2868/1710 3995/2873/1712 3980/2885/1705 3975/2884/1702
f 3990/2886/1635 3993/2881/1692 3995/2880/1712 3994/2887/1711
f 3989/2879/1699 3992/2871/1699 3999/2888/1714 3998/2889/1714
f 3992/2871/1699 3987/2870/1709 3996/2878/1713 3999/2888/1714
f 4005/2868/1719 4000/2869/1715 4001/2870/1716 4006/2871/1718
f 4011/2872/1722 4012/2873/1723 4005/2868/1719 4002/2874/1717
f 4015/2875/1726 4000/2869/1715 4009/2876/1715 4018/2877/1726
f 4014/2878/1725 4001/2870/1716 4000/2869/1715 4015/2875/1726
f 4002/2874/1717 4005/2868/1719 4006/2871/1718 4003/2879/1718
f 4012/2880/1723 4007/2881/1720 4010/2882/1623 4013/2883/1724
f 4000/2869/1715 4005/2868/1719 4008/2884/1721 4009/2876/1715
f 4005/2868/1719 4012/2873/1723 4013/2885/1724 4008/2884/1721
f 4004/2886/1667 4007/2881/1720 4012/2880/1723 4011/2887/1722
f 4003/2879/1718 4006/2871/1718 4017/2888/1727 4016/2889/1727
f 4006/2871/1718 4001/2870/1716 4014/2878/1725 4017/2888/1727
f 4024/2868/1729 4025/2871/1717 4020/2870/1728 4019/2869/1715
f 4027/2872/1731 4021/2874/1718 4024/2868/1729 4028/2873/1732
f 4030/2875/1726 4018/2877/1726 4009/2876/1715 4019/2869/1715
f 4029/2878/1733 4030/2875/1726 4019/2869/1715 4020/2870/1728
f 4021/2874/1718 4022/2879/1717 4025/2871/1717 4024/2868/1729
f 4028/2880/1732 4013/2883/1724 4010/2882/1623 4026/2881/1730
f 4019/2869/1715 4009/2876/1715 4008/2884/1721 4024/2868/1729
f 4024/2868/1729 4008/2884/1721 4013/2885/1724 4028/2873/1732
f 4023/2886/1673 4027/2887/1731 4028/2880/1732 4026/2881/1730
f 4022/2879/1717 4031/2889/1734 4032/2888/1734 4025/2871/1717
f 4025/2871/1717 4032/2888/1734 4029/2878/1733 4020/2870/1728
f 4038/2868/1739 4039/2871/1738 4034/2870/1736 4033/2869/1735
f 4044/2872/1741 4035/2874/1737 4038/2868/1739 4045/2873/1742
f 4048/2875/1745 4051/2877/1745 4042/2876/1735 4033/2869/1735
f 4047/2878/1744 4048/2875/1745 4033/2869/1735 4034/2870/1736
f 4035/2874/1737 4036/2879/1738 4039/2871/1738 4038/2868/1739
f 4045/2880/1742 4046/2883/1743 4043/2882/1623 4040/2881/1720
f 4033/2869/1735 4042/2876/1735 4041/2884/1740 4038/2868/1739
f 4038/2868/1739 4041/2884/1740 4046/2885/1743 4045/2873/1742
f 4037/2886/1667 4044/2887/1741 4045/2880/1742 4040/2881/1720
f 4036/2879/1738 4049/2889/1746 4050/2888/1746 4039/2871/1738
f 4039/2871/1738 4050/2888/1746 4047/2878/1744 4034/2870/1736
f 4057/2868/1748 4052/2869/1735 4053/2870/1747 4058/2871/1737
f 4060/2872/1749 4061/2873/1750 4057/2868/1748 4054/2874/1738
f 4063/2875/1745 4052/2869/1735 4042/2876/1735 4051/2877/1745
f 4062/2878/1751 4053/2870/1747 4052/2869/1735 4063/2875/1745
f 4054/2874/1738 4057/2868/1748 4058/2871/1737 4055/2879/1737
f 4061/2880/1750 4059/2881/1730 4043/2882/1623 4046/2883/1743
f 4052/2869/1735 4057/2868/1748 4041/2884/1740 4042/2876/1735
f 4057/2868/1748 4061/2873/1750 4046/2885/1743 4041/2884/1740
f 4056/2886/1673 4059/2881/1730 4061/2880/1750 4060/2887/1749
f 4055/2879/1737 4058/2871/1737 4065/2888/1752 4064/2889/1752
f 4058/2871/1737 4053/2870/1747 4062/2878/1751 4065/2888/1752
f 4073/2890/1754 4070/2891/1754 4067/2892/1753 4072/2893/1756
f 4072/2894/1756 4067/2891/1753 4075/2895/1755 4071/2896/1755
f 4066/2897/1673 4072/2898/1756 4071/2899/1755 4068/2900/1675
f 4069/2901/1628 4073/2902/1754 4072/2898/1756 4066/2897/1673
f 4075/2903/1755 4077/2904/1758 4078/2905/1675 4074/2906/1675
f 4075/2895/1755 4067/2891/1753 4077/2907/1758
f 4067/2892/1753 4070/2891/1754 4076/2908/1757 4077/2909/1758
f 4081/2910/1761 4079/2911/1759 4133/2912/1623 4201/2913/1816
f 4080/2914/1760 4082/2915/1762 4077/2904/1758 4076/2916/1757
f 4077/2904/1758 4082/2915/1762 4083/2917/1675 4078/2905/1675
f 4079/2911/1759 4081/2910/1761 4082/2915/1762 4080/2914/1760
f 4081/2910/1761 4084/2918/1675 4083/2917/1675 4082/2915/1762
f 4126/2919/1781 4124/2920/1779 4133/2921/1623 4134/2922/1784
f 4118/2890/1775 4089/2893/1764 4086/2892/1763 4115/2891/1775
f 4089/2894/1764 4088/2896/1755 4091/2895/1755 4086/2891/1763
f 4085/2897/1647 4087/2900/1675 4088/2899/1755 4089/2898/1764
f 4114/2901/1664 4085/2897/1647 4089/2898/1764 4118/2902/1775
f 4091/2923/1755 4090/2924/1675 4093/2925/1675 4092/2926/1765
f 4091/2895/1755 4092/2907/1765 4086/2891/1763
f 4086/2892/1763 4092/2909/1765 4121/2908/1777 4115/2891/1775
f 4094/2919/1766 4130/2922/1783 4133/2921/1623 4124/2920/1779
f 4125/2927/1780 4121/2928/1777 4092/2926/1765 4095/2929/1767
f 4092/2926/1765 4093/2925/1675 4096/2930/1675 4095/2929/1767
f 4124/2920/1779 4125/2927/1780 4095/2929/1767 4094/2919/1766
f 4094/2919/1766 4095/2929/1767 4096/2930/1675 4097/2931/1675
f 4081/2910/1761 4201/2913/1816 4131/2932/1647 4084/2918/1675
f 4073/2890/1754 4102/2893/1770 4099/2892/1768 4070/2891/1754
f 4102/2894/1770 4101/2896/1769 4104/2895/1769 4099/2891/1768
f 4098/2897/1635 4100/2900/1665 4101/2899/1769 4102/2898/1770
f 4069/2901/1628 4098/2897/1635 4102/2898/1770 4073/2902/1754
f 4104/2903/1769 4103/2906/1665 4106/2905/1665 4105/2904/1771
f 4104/2895/1769 4105/2907/1771 4099/2891/1768
f 4099/2892/1768 4105/2909/1771 4076/2908/1757 4070/2891/1754
f 4080/2914/1760 4076/2916/1757 4105/2904/1771 4108/2915/1773
f 4105/2904/1771 4106/2905/1665 4109/2917/1665 4108/2915/1773
f 4079/2911/1759 4080/2914/1760 4108/2915/1773 4107/2910/1772
f 4107/2910/1772 4108/2915/1773 4109/2917/1665 4110/2918/1665
f 4126/2919/1781 4134/2922/1784 4135/2933/1635 4129/2931/1665
f 4118/2890/1775 4115/2891/1775 4112/2892/1774 4117/2893/1776
f 4117/2894/1776 4112/2891/1774 4120/2895/1769 4116/2896/1769
f 4111/2897/1667 4117/2898/1776 4116/2899/1769 4113/2900/1665
f 4114/2901/1664 4118/2902/1775 4117/2898/1776 4111/2897/1667
f 4120/2923/1769 4122/2926/1778 4123/2925/1665 4119/2924/1665
f 4120/2895/1769 4112/2891/1774 4122/2907/1778
f 4112/2892/1774 4115/2891/1775 4121/2908/1777 4122/2909/1778
f 4107/2910/1772 4110/2918/1665 4202/2934/1667 4200/2913/1815
f 4125/2927/1780 4127/2929/1782 4122/2926/1778 4121/2928/1777
f 4122/2926/1778 4127/2929/1782 4128/2930/1665 4123/2925/1665
f 4124/2920/1779 4126/2919/1781 4127/2929/1782 4125/2927/1780
f 4126/2919/1781 4129/2931/1665 4128/2930/1665 4127/2929/1782
f 4107/2910/1772 4200/2913/1815 4133/2935/1623 4079/2911/1759
f 4094/2919/1766 4097/2931/1675 4132/2936/1673 4130/2922/1783
f 4143/2890/1786 4140/2891/1786 4137/2892/1785 4142/2893/1788
f 4142/2894/1788 4137/2891/1785 4145/2895/1787 4141/2896/1787
f 4136/2897/1647 4142/2898/1788 4141/2899/1787 4138/2900/1664
f 4139/2901/1675 4143/2902/1786 4142/2898/1788 4136/2897/1647
f 4145/2903/1787 4147/2904/1790 4148/2905/1664 4144/2906/1664
f 4145/2895/1787 4137/2891/1785 4147/2907/1790
f 4137/2892/1785 4140/2891/1786 4146/2908/1789 4147/2909/1790
f 4150/2914/1792 4152/2915/1794 4147/2904/1790 4146/2916/1789
f 4147/2904/1790 4152/2915/1794 4153/2917/1664 4148/2905/1664
f 4149/2911/1791 4151/2910/1793 4152/2915/1794 4150/2914/1792
f 4151/2910/1793 4154/2918/1664 4153/2917/1664 4152/2915/1794
f 4177/2910/1804 4134/2937/1784 4133/2938/1623 4149/2911/1791
f 4188/2890/1807 4159/2893/1796 4156/2892/1795 4185/2891/1807
f 4159/2894/1796 4158/2896/1787 4161/2895/1787 4156/2891/1795
f 4155/2897/1667 4157/2900/1664 4158/2899/1787 4159/2898/1796
f 4184/2901/1665 4155/2897/1667 4159/2898/1796 4188/2902/1807
f 4161/2923/1787 4160/2924/1664 4163/2925/1664 4162/2926/1797
f 4161/2895/1787 4162/2907/1797 4156/2891/1795
f 4156/2892/1795 4162/2909/1797 4191/2908/1809 4185/2891/1807
f 4164/2919/1798 4201/2939/1816 4133/2940/1623 4194/2920/1811
f 4195/2927/1812 4191/2928/1809 4162/2926/1797 4165/2929/1799
f 4162/2926/1797 4163/2925/1664 4166/2930/1664 4165/2929/1799
f 4194/2920/1811 4195/2927/1812 4165/2929/1799 4164/2919/1798
f 4164/2919/1798 4165/2929/1799 4166/2930/1664 4167/2931/1664
f 4151/2910/1793 4149/2911/1791 4133/2938/1623 4200/2937/1815
f 4143/2890/1786 4172/2893/1802 4169/2892/1800 4140/2891/1786
f 4172/2894/1802 4171/2896/1801 4174/2895/1801 4169/2891/1800
f 4168/2897/1673 4170/2900/1628 4171/2899/1801 4172/2898/1802
f 4139/2901/1675 4168/2897/1673 4172/2898/1802 4143/2902/1786
f 4174/2903/1801 4173/2906/1628 4176/2905/1628 4175/2904/1803
f 4174/2895/1801 4175/2907/1803 4169/2891/1800
f 4169/2892/1800 4175/2909/1803 4146/2908/1789 4140/2891/1786
f 4151/2910/1793 4200/2937/1815 4202/2941/1667 4154/2918/1664
f 4150/2914/1792 4146/2916/1789 4175/2904/1803 4178/2915/1805
f 4175/2904/1803 4176/2905/1628 4179/2917/1628 4178/2915/1805
f 4149/2911/1791 4150/2914/1792 4178/2915/1805 4177/2910/1804
f 4177/2910/1804 4178/2915/1805 4179/2917/1628 4180/2918/1628
f 4188/2890/1807 4185/2891/1807 4182/2892/1806 4187/2893/1808
f 4187/2894/1808 4182/2891/1806 4190/2895/1801 4186/2896/1801
f 4181/2897/1635 4187/2898/1808 4186/2899/1801 4183/2900/1628
f 4184/2901/1665 4188/2902/1807 4187/2898/1808 4181/2897/1635
f 4190/2923/1801 4192/2926/1810 4193/2925/1628 4189/2924/1628
f 4190/2895/1801 4182/2891/1806 4192/2907/1810
f 4182/2892/1806 4185/2891/1807 4191/2908/1809 4192/2909/1810
f 4177/2910/1804 4180/2918/1628 4135/2941/1635 4134/2937/1784
f 4195/2927/1812 4197/2929/1814 4192/2926/1810 4191/2928/1809
f 4192/2926/1810 4197/2929/1814 4198/2930/1628 4193/2925/1628
f 4194/2920/1811 4196/2919/1813 4197/2929/1814 4195/2927/1812
f 4196/2919/1813 4199/2931/1628 4198/2930/1628 4197/2929/1814
f 4196/2919/1813 4130/2939/1783 4132/2942/1673 4199/2931/1628
f 4196/2919/1813 4194/2920/1811 4133/2940/1623 4130/2939/1783
f 4164/2919/1798 4167/2931/1664 4131/2942/1647 4201/2943/1816
o M_Room_1Door
v 6.000000 0.200000 6.000000
v 0.000001 0.200000 6.000000
v 0.000000 0.000000 5.000000
v 5.200000 0.200000 5.200000
v 0.800000 0.000000 0.800000
v 5.000001 0.000000 5.000000
v 3.000000 0.000000 3.000000
v 1.000000 0.000000 1.000000
v 6.000000 0.200000 0.000000
v 6.000000 0.200000 -6.000000
v 3.000000 0.000000 0.000000
v 1.000000 0.000000 0.000000
v 5.000000 0.000000 0.000000
v 5.200000 0.200000 0.000000
v 0.800000 0.000000 0.000000
v 5.200000 0.200000 -5.199999
v -0.000000 0.200000 -6.000000
v 0.000000 0.000000 -3.000000
v 0.000000 0.000000 -1.000000
v 0.000000 0.000000 -5.000000
v -0.000000 0.200000 -5.200000
v 0.000000 0.000000 -0.800000
v 1.000001 0.000000 -1.000000
v 3.000001 0.000000 -3.000000
v 5.000000 0.000000 -5.000000
v 0.800000 0.000000 -0.800000
v -5.200000 0.200000 0.000000
v -5.200000 0.200000 5.200000
v -0.800000 0.000000 0.800000
v -5.000000 0.000000 5.000000
v -6.000000 0.200000 6.000000
v 0.000000 0.200000 0.000000
v 0.000000 0.000000 3.000000
v 0.000000 0.000000 1.000000
v 0.000000 0.200000 5.200000
v 0.000000 0.200000 0.800000
v -1.000001 0.000000 1.000000
v -3.000001 0.000000 3.000000
v -6.000000 0.200000 0.000000
v -3.000000 0.000000 0.000000
v -5.000000 0.000000 0.000000
v -1.000000 0.000000 0.000000
v -0.800000 0.000000 0.000000
v -1.000000 0.000000 -0.999999
v -0.800000 0.000000 -0.799999
v -5.000000 0.000000 -5.000000
v -3.000000 0.000000 -3.000000
v -6.000000 0.200000 -6.000000
v -5.200002 0.200000 -5.200000
v 3.000000 6.000000 0.000000
v 4.000000 6.000000 0.000000
v 4.853553 5.646447 0.000000
v 5.400000 0.000000 0.000000
v 0.000000 6.000000 0.000000
v 4.853553 5.646447 -0.500000
v 1.146447 6.000000 -0.500000
v 5.500000 5.000000 -0.500000
v 3.000000 6.000000 -0.500000
v 4.000000 6.000000 -0.500000
v 5.500000 0.500000 -0.500000
v 5.400000 0.000000 -0.500000
v 5.400000 0.300000 -0.500000
v 2.000000 6.000000 -0.500000
v 1.146447 6.000000 -1.146447
v 4.853553 5.646447 -4.853553
v 3.000000 6.000000 -3.000000
v 2.000000 6.000000 -2.000000
v 5.500000 5.000000 0.000000
v 5.500000 0.500000 0.000000
v 5.400000 0.300000 0.000000
v 1.146447 6.000000 0.000000
v 2.000000 6.000000 0.000000
v 5.500000 5.000000 5.500000
v 5.500000 0.500000 5.500000
v 5.500000 5.000000 0.500000
v 3.000000 6.000000 0.500000
v 4.000000 6.000000 0.500000
v 5.500000 0.500000 0.500000
v 5.400000 0.000000 0.500000
v 5.400000 0.300000 0.500000
v 0.500000 6.000000 0.500000
v 2.000000 6.000000 0.500000
v 4.853553 5.646447 0.500000
v 1.146447 6.000000 0.500000
v 2.000000 6.000000 1.999998
v 4.853553 5.646447 4.853554
v 4.000000 6.000000 4.000000
v -2.000000 6.000000 0.000000
v -5.500000 5.000000 -5.500000
v -5.500000 0.500000 -5.500000
v -5.400000 0.000000 -5.400001
v -1.146447 6.000000 -0.500000
v -4.853553 5.646447 -0.500000
v -3.000000 6.000000 -0.500000
v -2.000000 6.000000 -0.500000
v -5.500000 5.000000 -0.500000
v -4.000000 6.000000 -0.500000
v -5.500000 0.500000 -0.500000
v -5.400000 0.000000 -0.500000
v -5.400000 0.300000 -0.500000
v -3.000000 6.000000 -2.999999
v -2.000000 6.000000 -2.000000
v -3.000000 6.000000 0.000000
v -1.146447 6.000000 0.000000
v -5.500000 5.000000 0.000000
v -4.853553 5.646447 0.000000
v -4.000000 6.000000 0.000000
v -5.500000 0.500000 0.000000
v -5.400000 0.000000 0.000000
v -5.400000 0.300000 0.000000
v -5.500000 5.000000 5.500000
v -5.400000 0.000000 5.400000
v -0.500000 6.000000 0.500000
v -3.000000 6.000000 0.500000
v -2.000000 6.000000 0.500000
v -5.500000 5.000000 0.500000
v -4.000000 6.000000 0.500000
v -5.500000 0.500000 0.500000
v -5.400000 0.000000 0.500000
v -5.400000 0.300000 0.500000
v -1.146447 6.000000 0.500000
v -4.853553 5.646447 0.500000
v -4.000000 6.000000 4.000000
v -3.000000 6.000000 3.000000
v -1.146447 6.000000 1.142765
v -4.853553 5.646447 4.853553
v 0.000000 0.000000 -5.400001
v 0.000000 0.300000 -5.400001
v 0.000000 6.000000 -2.000000
v 0.000000 6.000000 -1.146447
v -5.400000 0.300000 -5.400000
v -0.500000 5.646447 -4.853553
v -0.500000 6.000000 -1.146447
v -0.500000 5.000000 -5.500000
v -0.500000 6.000000 -3.000000
v -0.500000 6.000000 -4.000000
v -0.500000 0.500000 -5.500000
v -0.500000 0.000000 -5.400000
v -0.500000 0.300000 -5.400000
v -0.500000 6.000000 -0.500000
v -0.500000 6.000000 -2.000000
v -4.000000 6.000000 -4.000000
v -1.146447 6.000000 -1.146447
v -4.853553 5.646447 -4.853553
v 0.000000 5.000000 -5.500000
v 0.500000 6.000000 -1.146447
v 0.500000 5.646447 -4.853553
v 0.000000 6.000000 -3.000000
v 0.500000 6.000000 -2.000000
v 0.500000 6.000000 -0.500000
v 0.000000 5.646447 -4.853553
v 0.000000 6.000000 -4.000000
v 0.000000 0.500000 -5.500000
v 0.500000 0.300000 -5.400000
v 0.500000 0.000000 -5.400000
v 0.500000 0.500000 -5.500000
v 0.500000 6.000000 -4.000000
v 0.500000 6.000000 -3.000000
v 0.500000 5.000000 -5.500000
v 5.500000 5.000000 -5.500000
v 5.500000 0.500000 -5.500000
v 5.400000 0.000000 -5.400000
v 5.400000 0.300000 -5.400000
v 4.000001 6.000000 -4.000000
v 0.000000 6.000000 3.000000
v 0.000000 6.000000 2.000000
v 0.000000 6.000000 1.146447
v 0.000000 6.000000 4.000000
v -5.500000 0.500000 5.500000
v -5.400000 0.300000 5.400000
v -0.500000 6.000000 1.146447
v -0.500000 6.000000 3.000000
v -0.500000 6.000000 2.000000
v -0.500000 6.000000 4.000000
v -2.000000 6.000000 2.000000
v 0.500000 6.000000 1.146447
v 0.500000 6.000000 4.000000
v 0.500000 6.000000 2.000000
v 0.500000 6.000000 3.000000
v 5.397597 0.000000 5.400000
v 5.400000 0.300000 5.400000
v 1.146446 6.000000 1.146447
v 3.000000 6.000000 3.000000
v -2.000001 0.500000 5.500000
v -2.000001 0.000000 5.400000
v -2.000001 0.300000 5.400000
v -2.000001 5.646447 4.853553
v -2.000000 6.000000 3.000000
v 2.000000 6.000000 3.000000
v 1.999999 6.000000 4.000000
v 1.999999 5.646447 4.853553
v 5.500000 4.411132 -0.500000
v 5.500000 4.411132 0.000000
v 5.500000 4.411132 5.500000
v 5.500000 4.411132 0.500000
v -5.500000 4.411132 -5.500000
v -5.500000 4.411132 -0.500000
v -5.500000 4.411132 0.000000
v -5.500000 4.411132 0.500000
v -0.500000 4.411132 -5.500000
v 0.000000 4.411132 -5.500000
v 0.500000 4.411132 -5.500000
v 5.500000 4.411132 -5.500000
v -5.500000 4.411132 5.500000
v 0.000000 5.000000 5.500000
v 0.000000 5.646447 4.853553
v 0.000000 4.411132 5.500000
v -1.104911 5.646447 4.853553
v -1.104911 5.000000 5.500000
v -1.104911 0.500000 5.500000
v -1.104911 0.000000 5.400000
v -1.104911 0.300000 5.400000
v -1.104911 4.411132 5.500000
v 1.104911 5.000000 5.500000
v 1.104911 0.500000 5.500000
v 1.104911 0.000000 5.400000
v 1.104911 0.300000 5.400000
v 1.104911 4.411132 5.500000
v 1.104911 5.646447 4.853553
v -2.000001 5.000000 5.500000
v -2.000001 6.000000 4.000000
v -2.000001 4.411132 5.500000
v 2.000000 5.000000 5.500000
v 2.000000 0.500000 5.500000
v 2.000000 0.000000 5.400000
v 2.000000 0.300000 5.400000
v 2.000000 4.411132 5.500000
v -5.428236 0.000000 -5.187945
v -5.390967 4.900000 -5.028038
v -5.625413 0.000000 -5.385122
v -5.308092 0.000000 -5.308090
v -5.209503 4.900000 -5.209501
v -5.625413 4.700000 -5.385122
v -5.428236 4.700000 -5.187945
v -5.308092 4.700000 -5.308090
v -5.686732 5.000000 -5.323803
v -5.686732 4.900000 -5.323803
v -5.209503 5.075219 -5.209501
v -5.390966 5.075219 -5.028037
v -5.390966 5.300000 -5.028037
v -3.984579 5.900000 -3.984577
v -4.836574 5.450188 -4.836572
v -4.165323 5.900000 -3.802394
v -5.018546 5.449672 -4.655617
v -5.059978 5.632428 -4.697050
v -4.205317 6.000000 -3.842387
v 5.187947 0.000000 5.428238
v 5.028039 4.900001 5.390968
v 5.385124 0.000000 5.625415
v 5.385124 4.700000 5.625415
v 5.187947 4.700000 5.428238
v 5.323804 5.000000 5.686734
v 5.323804 4.900001 5.686734
v 5.028039 5.075219 5.390967
v 5.028039 5.300001 5.390967
v 3.802394 5.900001 4.165323
v 4.655618 5.449673 5.018547
v 4.697050 5.632428 5.059979
v 3.842387 6.000001 4.205317
v -5.187947 0.000000 -5.428236
v -5.028039 4.900001 -5.390965
v -5.385124 0.000000 -5.625412
v -5.385124 4.700000 -5.625412
v -5.187947 4.700000 -5.428236
v -5.323805 5.000000 -5.686731
v -5.323805 4.900001 -5.686731
v -5.028039 5.075219 -5.390965
v -5.028039 5.300001 -5.390965
v -3.802396 5.900001 -4.165321
v -4.655619 5.449673 -5.018545
v -4.697051 5.632428 -5.059977
v -3.842389 6.000001 -4.205315
v 5.428236 0.000000 5.187948
v 5.390967 4.900001 5.028041
v 5.625413 0.000000 5.385125
v 5.308091 0.000000 5.308094
v 5.209503 4.900001 5.209505
v 5.625413 4.700001 5.385125
v 5.428236 4.700001 5.187948
v 5.308091 4.700001 5.308094
v 5.686732 5.000001 5.323806
v 5.686732 4.900001 5.323806
v 5.209502 5.075220 5.209504
v 5.390966 5.075220 5.028040
v 5.390966 5.300001 5.028040
v 3.984577 5.900001 3.984579
v 4.836572 5.450189 4.836575
v 4.165322 5.900001 3.802396
v 5.018545 5.449673 4.655619
v 5.059978 5.632429 4.697052
v 4.205316 6.000002 3.842390
v -0.000001 5.900001 0.362928
v -0.362929 6.000000 0.000000
v -0.000001 6.000000 0.362928
v -0.000002 5.900001 0.000001
v 0.362926 5.900001 0.000000
v 0.362926 6.000001 0.000000
v 5.187946 0.000000 -5.428236
v 5.028039 4.900000 -5.390966
v 5.385123 0.000000 -5.625414
v 5.308091 0.000000 -5.308091
v 5.209503 4.900000 -5.209503
v 5.385123 4.700000 -5.625414
v 5.187946 4.700000 -5.428236
v 5.308091 4.700000 -5.308091
v 5.323803 5.000000 -5.686731
v 5.323803 4.900000 -5.686731
v 5.209502 5.075219 -5.209503
v 5.028039 5.075219 -5.390966
v 5.028039 5.300000 -5.390966
v 3.984578 5.900000 -3.984579
v 4.836573 5.450188 -4.836573
v 3.802395 5.900000 -4.165323
v 4.655618 5.449672 -5.018545
v 4.697050 5.632428 -5.059978
v 3.842389 6.000000 -4.205317
v -5.428238 0.000000 5.187948
v -5.390968 4.900001 5.028039
v -5.625414 0.000000 5.385124
v -5.625414 4.700000 5.385124
v -5.428238 4.700000 5.187948
v -5.686733 5.000000 5.323805
v -5.686733 4.900001 5.323805
v -5.390968 5.075219 5.028040
v -5.390968 5.300001 5.028040
v -4.165322 5.900001 3.802394
v -5.018546 5.449673 4.655618
v -5.059978 5.632428 4.697050
v -4.205316 6.000001 3.842387
v 5.428236 0.000000 -5.187946
v 5.390966 4.900001 -5.028040
v 5.625413 0.000000 -5.385124
v 5.625413 4.700000 -5.385124
v 5.428236 4.700000 -5.187946
v 5.686731 5.000000 -5.323805
v 5.686731 4.900001 -5.323805
v 5.390965 5.075219 -5.028040
v 5.390965 5.300001 -5.028040
v 4.165322 5.900001 -3.802396
v 5.018545 5.449673 -4.655618
v 5.059978 5.632428 -4.697051
v 4.205316 6.000001 -3.842389
v -5.187948 0.000000 5.428237
v -5.028041 4.900001 5.390968
v -5.385125 0.000000 5.625414
v -5.308094 0.000000 5.308092
v -5.209505 4.900001 5.209504
v -5.385125 4.700001 5.625414
v -5.187948 4.700001 5.428237
v -5.308094 4.700001 5.308092
v -5.323806 5.000001 5.686733
v -5.323806 4.900001 5.686733
v -5.209505 5.075220 5.209503
v -5.028040 5.075220 5.390967
v -5.028040 5.300001 5.390967
v -3.984578 5.900001 3.984577
v -4.836574 5.450189 4.836573
v -3.802395 5.900001 4.165321
v -4.655619 5.449673 5.018546
v -4.697051 5.632429 5.059978
v -3.842388 6.000002 4.205315
v -0.000001 5.900001 -0.362927
v -0.362929 5.900001 0.000000
v -0.000001 6.000000 -0.362927
v 0.934911 4.620000 5.363570
v 1.274911 4.620000 5.363570
v 0.934911 0.200000 5.363570
v 1.274911 0.200000 5.363570
v 0.854911 0.200000 6.000000
v 0.934911 4.316920 5.363570
v 1.274911 4.316920 5.363570
v 0.854911 4.236920 6.000000
v -0.000000 4.316920 5.363570
v -0.000000 4.620001 5.363570
v -0.000000 4.236920 6.000000
v 0.854911 0.200000 5.500000
v 0.854911 4.236920 5.500000
v -0.000000 4.236920 5.500000
v 1.354911 4.700000 5.500000
v 0.934911 4.700000 5.500000
v 1.354911 0.200000 5.500000
v 1.354911 4.316920 5.500000
v -0.000000 4.700001 5.500000
v -0.934911 4.620001 5.363570
v -1.274911 4.620001 5.363570
v -0.934911 0.200000 5.363570
v -1.274911 0.200000 5.363570
v -0.854911 0.200000 6.000000
v -0.934911 4.316920 5.363570
v -1.274911 4.316920 5.363570
v -0.854911 4.236920 6.000000
v -0.854911 0.200000 5.500000
v -0.854911 4.236920 5.500000
v -1.354911 4.700001 5.500000
v -0.934911 4.700001 5.500000
v -1.354911 0.200000 5.500000
v -1.354911 4.316920 5.500000
vn -0.0000 1.0000 -0.0000
vn -0.0000 0.9239 -0.3827
vn -0.1101 0.9878 -0.1101
vn 0.1010 0.9829 0.1541
vn -0.3002 0.9054 -0.3002
vn 0.0128 0.9986 0.0510
vn -0.3827 0.9239 -0.0000
vn 0.1222 0.9925 -0.0000
vn -0.1101 0.9878 0.1101
vn -0.0000 0.9239 0.3827
vn -0.0000 0.9925 -0.1222
vn -0.3002 0.9054 0.3002
vn 0.0310 0.9990 -0.0310
vn 0.3827 0.9239 -0.0000
vn 0.1101 0.9878 -0.1101
vn -0.1010 0.9829 0.1541
vn 0.3002 0.9054 -0.3002
vn -0.0000 0.9981 -0.0618
vn -0.0000 0.9783 0.2071
vn -0.0000 0.9802 0.1981
vn -0.0128 0.9986 0.0510
vn -0.1222 0.9925 -0.0000
vn -0.0310 0.9990 -0.0310
vn 0.3002 0.9054 0.3002
vn 0.1101 0.9878 0.1101
vn -0.0000 -1.0000 -0.0000
vn -0.1951 -0.9808 -0.0000
vn -0.5556 -0.8315 -0.0000
vn -1.0000 -0.0000 -0.0000
vn -0.9239 -0.3827 -0.0000
vn -0.9732 0.2298 -0.0000
vn -0.3503 -0.8687 0.3503
vn -0.6507 -0.3914 -0.6507
vn -0.6809 0.2695 -0.6809
vn -1.0000 0.0020 -0.0001
vn -0.9730 0.2307 -0.0001
vn -0.3503 -0.8687 -0.3503
vn -0.1481 -0.9778 -0.1481
vn 0.6507 -0.3914 0.6507
vn 0.6809 0.2695 0.6809
vn 0.7071 -0.0000 0.7071
vn 0.5556 -0.8315 -0.0000
vn 0.9239 -0.3827 -0.0000
vn 0.1951 -0.9808 -0.0000
vn 0.9732 0.2298 -0.0000
vn 1.0000 -0.0000 -0.0000
vn 0.6507 -0.3914 -0.6507
vn 0.7071 -0.0000 -0.7071
vn 0.1481 -0.9778 -0.1481
vn 0.3503 -0.8687 -0.3503
vn -0.0000 -0.0000 1.0000
vn -0.0000 0.2298 0.9732
vn 0.6619 0.3517 0.6619
vn -0.0000 -0.8315 0.5556
vn -0.0000 -0.3827 0.9239
vn -0.0000 -0.9808 0.1951
vn 0.1481 -0.9778 0.1481
vn 0.3503 -0.8687 0.3503
vn -0.6507 -0.3914 0.6507
vn -0.6809 0.2695 0.6809
vn -0.7071 -0.0000 0.7071
vn -0.6619 0.3517 0.6619
vn -0.1481 -0.9778 0.1481
vn -0.0000 -0.9808 -0.1951
vn 0.6809 0.2695 -0.6809
vn 0.6619 0.3517 -0.6619
vn -0.7052 0.0028 -0.7090
vn -0.6623 0.3532 -0.6608
vn -0.0000 0.2298 -0.9732
vn -0.0000 -0.0000 -1.0000
vn -0.0000 -0.8315 -0.5556
vn -0.7071 -0.0000 -0.7071
vn -0.0000 -0.3827 -0.9239
vn 0.0168 -0.2937 0.9558
vn 0.6746 -0.2997 0.6746
vn -0.6924 -0.2031 0.6924
vn -0.0545 -0.3805 0.9232
vn 0.6284 -0.4586 0.6284
vn -0.2302 -0.2583 0.9382
vn 0.1259 -0.9840 0.1259
vn 0.3311 -0.8836 0.3311
vn -0.4467 -0.6519 0.6128
vn -0.2975 -0.5966 0.7453
vn -0.9558 -0.2937 -0.0168
vn -0.9232 -0.3805 0.0545
vn -0.9382 -0.2583 0.2302
vn -0.6128 -0.6519 0.4467
vn -0.7453 -0.5966 0.2975
vn 0.9558 -0.2937 0.0168
vn 0.6924 -0.2031 -0.6924
vn 0.9232 -0.3805 -0.0545
vn 0.9382 -0.2583 -0.2302
vn 0.6128 -0.6519 -0.4467
vn 0.7453 -0.5966 -0.2975
vn -0.0168 -0.2937 -0.9558
vn -0.6746 -0.2997 -0.6746
vn 0.0545 -0.3805 -0.9232
vn -0.6284 -0.4586 -0.6284
vn 0.2302 -0.2583 -0.9382
vn -0.1259 -0.9840 -0.1259
vn -0.3311 -0.8836 -0.3311
vn 0.4467 -0.6519 -0.6128
vn 0.2975 -0.5966 -0.7453
vn -0.0000 -0.9045 0.4264
vn 0.4264 -0.9045 -0.0000
vn -0.9558 -0.2937 0.0168
vn -0.6746 -0.2997 0.6746
vn -0.6924 -0.2031 -0.6924
vn -0.9232 -0.3805 -0.0545
vn -0.6284 -0.4586 0.6284
vn -0.9382 -0.2583 -0.2302
vn -0.1259 -0.9840 0.1259
vn -0.3311 -0.8836 0.3311
vn -0.6128 -0.6519 -0.4467
vn -0.7453 -0.5966 -0.2975
vn 0.0168 -0.2937 -0.9558
vn -0.0545 -0.3805 -0.9232
vn -0.2302 -0.2583 -0.9382
vn -0.4467 -0.6519 -0.6128
vn -0.2975 -0.5966 -0.7453
vn -0.0168 -0.2937 0.9558
vn 0.6924 -0.2031 0.6924
vn 0.0545 -0.3805 0.9232
vn 0.2302 -0.2583 0.9382
vn 0.4467 -0.6519 0.6128
vn 0.2975 -0.5966 0.7453
vn 0.9558 -0.2937 -0.0168
vn 0.6746 -0.2997 -0.6746
vn 0.9232 -0.3805 0.0545
vn 0.6284 -0.4586 -0.6284
vn 0.9382 -0.2583 0.2302
vn 0.1259 -0.9840 -0.1259
vn 0.3311 -0.8836 -0.3311
vn 0.6128 -0.6519 0.4467
vn 0.7453 -0.5966 0.2975
vn -0.0000 -0.9045 -0.4264
vn -0.4264 -0.9045 -0.0000
vn -0.0000 0.4971 -0.8677
vn 0.3994 0.3994 -0.8252
vn -0.4971 -0.0000 -0.8677
vn 0.4971 -0.0000 -0.8677
vn -0.1590 -0.1590 -0.9744
vn -0.7071 -0.7071 -0.0000
vn -0.0000 -0.4971 -0.8677
vn -0.9650 -0.0000 -0.2621
vn -0.6477 -0.6477 -0.4013
vn -0.0000 -0.9650 -0.2621
vn 0.5443 0.5443 -0.6383
vn -0.0000 0.8626 -0.5058
vn 0.8626 -0.0000 -0.5058
vn -0.3994 0.3994 -0.8252
vn 0.1590 -0.1590 -0.9744
vn 0.7071 -0.7071 -0.0000
vn 0.9650 -0.0000 -0.2621
vn 0.6477 -0.6477 -0.4013
vn -0.5443 0.5443 -0.6383
vn -0.8626 -0.0000 -0.5058
vt 0.208266 0.750100
vt 0.208267 0.958267
vt 0.125000 0.875000
vt 0.125000 0.750100
vt 0.216593 0.500100
vt 0.216593 0.608260
vt 0.208267 0.604100
vt 0.208266 0.500100
vt 0.249900 0.500100
vt 0.249900 0.624900
vt 0.033407 0.516740
vt 0.000100 0.500100
vt 0.033407 0.500100
vt 0.041733 0.520900
vt 0.041733 0.500100
vt 0.041733 0.791733
vt 0.041733 0.750100
vt 0.208266 0.791733
vt 0.216593 0.516740
vt 0.208266 0.520900
vt 0.033407 0.608260
vt 0.000100 0.624900
vt 0.041733 0.604100
vt 0.041733 0.958267
vt 0.125000 0.999900
vt 0.041733 0.999900
vt 0.041733 0.791733
vt 0.033407 0.624900
vt 0.041733 0.624900
vt 0.041733 0.520900
vt 0.216593 0.624900
vt 0.208267 0.999900
vt 0.208267 0.604100
vt 0.208267 0.624900
vt 0.208266 0.791733
vt 0.125000 0.875000
vt 0.208266 0.520900
vt 0.033407 0.608260
vt 0.208267 0.958267
vt 0.208267 0.604100
vt 0.033407 0.608260
vt 0.041733 0.958267
vt 0.041733 0.604100
vt 0.033407 0.516740
vt 0.216593 0.608260
vt 0.479083 0.951468
vt 0.499900 0.951468
vt 0.499900 0.968650
vt 0.479083 0.968650
vt 0.500000 0.520833
vt 0.500000 0.500000
vt 0.467678 0.500000
vt 0.467678 0.520833
vt 0.425000 0.520833
vt 0.425000 0.500000
vt 0.375000 0.500000
vt 0.375000 0.520833
vt 0.479083 0.767140
vt 0.499900 0.767140
vt 0.499900 0.792802
vt 0.479083 0.792802
vt 0.250000 0.520833
vt 0.282322 0.520833
vt 0.282322 0.500000
vt 0.250000 0.500000
vt 0.325000 0.520833
vt 0.325000 0.500000
vt 0.282322 0.547769
vt 0.325000 0.583333
vt 0.479083 0.803087
vt 0.270917 0.803086
vt 0.275080 0.792802
vt 0.425000 0.666667
vt 0.467678 0.702231
vt 0.499900 0.803087
vt 0.275080 0.767140
vt 0.270917 0.951468
vt 0.270917 0.968650
vt 0.375000 0.625000
vt 0.500000 0.729167
vt 0.425000 0.729167
vt 0.425000 0.750000
vt 0.467678 0.750000
vt 0.467678 0.729167
vt 0.270917 0.803086
vt 0.250100 0.803086
vt 0.250100 0.792802
vt 0.270917 0.792802
vt 0.325000 0.729167
vt 0.282322 0.729167
vt 0.282322 0.750000
vt 0.325000 0.750000
vt 0.375000 0.729167
vt 0.375000 0.625000
vt 0.325000 0.666667
vt 0.250000 0.729167
vt 0.282322 0.702231
vt 0.270917 0.767140
vt 0.474920 0.767140
vt 0.474920 0.792802
vt 0.425000 0.583333
vt 0.500000 0.729167
vt 0.500000 0.520833
vt 0.467678 0.547769
vt 0.270917 0.951468
vt 0.479083 0.951468
vt 0.479083 0.968650
vt 0.270917 0.968650
vt 0.250100 0.951468
vt 0.250100 0.968650
vt 0.500000 0.750000
vt 0.375000 0.750000
vt 0.250100 0.767140
vt 0.250000 0.750000
vt 0.479083 0.803087
vt 0.467678 0.520833
vt 0.425000 0.520833
vt 0.499900 0.951468
vt 0.250000 0.520833
vt 0.282322 0.520833
vt 0.325000 0.520833
vt 0.479083 0.792802
vt 0.275080 0.792802
vt 0.282322 0.702231
vt 0.325000 0.666667
vt 0.425000 0.583333
vt 0.467678 0.547769
vt 0.275080 0.767140
vt 0.250000 0.729167
vt 0.467678 0.729167
vt 0.282322 0.729167
vt 0.270917 0.803087
vt 0.270917 0.792802
vt 0.270917 0.767140
vt 0.375000 0.729167
vt 0.375000 0.625593
vt 0.325000 0.584164
vt 0.282322 0.548802
vt 0.250000 0.522020
vt 0.270917 0.951468
vt 0.270917 0.968650
vt 0.425000 0.667023
vt 0.467678 0.702385
vt 0.250100 0.951468
vt 0.325000 0.583333
vt 0.275080 0.792802
vt 0.425000 0.666667
vt 0.467678 0.702231
vt 0.474920 0.792802
vt 0.467678 0.729167
vt 0.375000 0.729167
vt 0.375000 0.625000
vt 0.325000 0.666667
vt 0.474920 0.767140
vt 0.425000 0.583333
vt 0.270917 0.951468
vt 0.467678 0.547769
vt 0.282322 0.702231
vt 0.416633 0.803087
vt 0.416633 0.792802
vt 0.275080 0.792802
vt 0.375000 0.583333
vt 0.333367 0.767140
vt 0.333367 0.792802
vt 0.474920 0.792802
vt 0.474820 0.767140
vt 0.375000 0.666667
vt 0.333367 0.951468
vt 0.333367 0.968650
vt 0.467678 0.702231
vt 0.325000 0.583333
vt 0.282322 0.666667
vt 0.416633 0.968650
vt 0.416633 0.951468
vt 0.275080 0.767140
vt 0.416633 0.767140
vt 0.282322 0.583333
vt 0.250000 0.583333
vt 0.250000 0.666667
vt 0.375000 0.625000
vt 0.333367 0.803086
vt 0.270917 0.837352
vt 0.416633 0.837352
vt 0.333367 0.837352
vt 0.479083 0.837352
vt 0.479083 0.837352
vt 0.250100 0.837352
vt 0.270917 0.837352
vt 0.499900 0.837352
vt 0.479083 0.837352
vt 0.425000 0.604167
vt 0.425000 0.625000
vt 0.467678 0.625000
vt 0.467678 0.578962
vt 0.500000 0.671038
vt 0.500000 0.625000
vt 0.467678 0.671038
vt 0.328999 0.951468
vt 0.375000 0.951468
vt 0.375000 0.968650
vt 0.328999 0.968650
vt 0.425000 0.541667
vt 0.467678 0.541667
vt 0.458266 0.803087
vt 0.421001 0.803087
vt 0.421001 0.792802
vt 0.458267 0.792802
vt 0.500000 0.578962
vt 0.421001 0.951468
vt 0.421001 0.968650
vt 0.291733 0.951468
vt 0.291733 0.968650
vt 0.500000 0.708333
vt 0.467678 0.708333
vt 0.291733 0.767140
vt 0.328999 0.767140
vt 0.328999 0.792802
vt 0.291733 0.792802
vt 0.291733 0.837352
vt 0.328999 0.837352
vt 0.425000 0.645833
vt 0.421001 0.837352
vt 0.458266 0.837352
vt 0.458266 0.951468
vt 0.421001 0.767140
vt 0.458266 0.767140
vt 0.500000 0.541667
vt 0.458266 0.968650
vt 0.328999 0.803086
vt 0.291733 0.803086
vt 0.425000 0.708333
vt 0.084272 0.673426
vt 0.084272 0.685581
vt 0.120737 0.685581
vt 0.114659 0.673426
vt 0.090400 0.673325
vt 0.102656 0.685581
vt 0.102656 0.673325
vt 0.043628 0.500039
vt 0.043628 0.749961
vt 0.022500 0.749961
vt 0.022500 0.500039
vt 0.070838 0.500039
vt 0.070838 0.749961
vt 0.011837 0.741571
vt 0.028200 0.741571
vt 0.028200 0.745543
vt 0.011837 0.745543
vt 0.084272 0.701427
vt 0.084272 0.701296
vt 0.120737 0.701296
vt 0.086805 0.741571
vt 0.086805 0.721513
vt 0.119318 0.721513
vt 0.119314 0.741571
vt 0.048546 0.721513
vt 0.048546 0.741571
vt 0.028200 0.721513
vt 0.048546 0.745543
vt 0.086805 0.745543
vt 0.162875 0.741571
vt 0.162875 0.721513
vt 0.130362 0.721513
vt 0.130366 0.741571
vt 0.237844 0.741571
vt 0.237844 0.745543
vt 0.221480 0.745543
vt 0.221480 0.741571
vt 0.201134 0.721513
vt 0.221480 0.721513
vt 0.201134 0.741571
vt 0.201134 0.745543
vt 0.162875 0.745543
vt 0.119543 0.745543
vt 0.130138 0.745543
vt 0.119543 0.745543
vt 0.119318 0.721513
vt 0.130138 0.745543
vt 0.118960 0.741571
vt 0.118964 0.721513
vt 0.130721 0.741571
vt 0.130716 0.721513
vt 0.119203 0.745543
vt 0.130477 0.745543
vt 0.130721 0.741571
vt 0.213047 0.712577
vt 0.213047 0.743041
vt 0.241110 0.743041
vt 0.241110 0.712577
vt 0.208254 0.525464
vt 0.208254 0.707784
vt 0.213047 0.525464
vt 0.213047 0.747835
vt 0.169817 0.743041
vt 0.169817 0.747835
vt 0.245903 0.747835
vt 0.241110 0.525464
vt 0.086574 0.654092
vt 0.100887 0.654092
vt 0.100887 0.686517
vt 0.086574 0.686517
vt 0.169817 0.712577
vt 0.169817 0.707784
vt 0.100887 0.500983
vt 0.086574 0.500983
vt 0.245903 0.712577
vt 0.245903 0.525464
s 1
usemtl M_DungeonEnviro
f 4205/2944/1818 4208/2945/1821 4209/2946/1817 4235/2947/1817
f 4237/2948/1818 4206/2949/1819 4208/2950/1821 4205/2951/1818
f 4204/2952/1817 4203/2953/1817 4206/2949/1819 4237/2948/1818
f 4207/2954/1820 4234/2955/1834 4238/2956/1836
f 4210/2957/1822 4207/2954/1820 4238/2956/1836 4236/2958/1835
f 4209/2946/1817 4210/2959/1822 4236/2960/1835 4235/2947/1817
f 4214/2944/1817 4210/2961/1822 4209/2946/1817 4213/2947/1817
f 4217/2948/1824 4207/2962/1820 4210/2963/1822 4214/2951/1817
f 4234/2952/1834 4207/2962/1820 4217/2948/1824
f 4206/2964/1819 4203/2965/1817 4211/2955/1817 4216/2956/1823
f 4208/2966/1821 4206/2964/1819 4216/2956/1823 4215/2958/1823
f 4209/2946/1817 4208/2967/1821 4215/2960/1823 4213/2947/1817
f 4213/2968/1817 4215/2969/1823 4227/2970/1828 4226/2946/1817
f 4216/2971/1823 4211/2965/1817 4212/2955/1817 4218/2954/1825
f 4215/2972/1823 4216/2971/1823 4218/2954/1825 4227/2973/1828
f 4228/2949/1829 4234/2953/1834 4217/2974/1824
f 4226/2946/1817 4225/2945/1817 4214/2975/1817 4213/2968/1817
f 4225/2976/1817 4228/2949/1829 4217/2974/1824 4214/2977/1817
f 4221/2944/1817 4225/2978/1817 4226/2979/1817 4220/2947/1817
f 4224/2948/1827 4228/2962/1829 4225/2980/1817 4221/2951/1817
f 4234/2952/1834 4228/2962/1829 4224/2948/1827
f 4218/2981/1825 4212/2965/1817 4219/2955/1817 4223/2956/1826
f 4227/2966/1828 4218/2981/1825 4223/2956/1826 4222/2958/1826
f 4226/2979/1817 4227/2967/1828 4222/2960/1826 4220/2947/1817
f 4243/2944/1830 4232/2982/1833 4240/2979/1817 4242/2947/1817
f 4229/2948/1830 4230/2949/1831 4232/2983/1833 4243/2951/1830
f 4241/2952/1817 4233/2953/1817 4230/2949/1831 4229/2948/1830
f 4231/2954/1832 4234/2955/1834 4245/2956/1838
f 4239/2957/1837 4231/2954/1832 4245/2956/1838 4244/2958/1817
f 4240/2979/1817 4239/2959/1837 4244/2960/1817 4242/2947/1817
f 4236/2944/1835 4239/2978/1837 4240/2979/1817 4235/2947/1817
f 4238/2948/1836 4231/2962/1832 4239/2980/1837 4236/2951/1835
f 4234/2952/1834 4231/2962/1832 4238/2948/1836
f 4240/2979/1817 4232/2967/1833 4205/2960/1818 4235/2947/1817
f 4230/2984/1831 4233/2965/1817 4204/2955/1817 4237/2956/1818
f 4232/2966/1833 4230/2984/1831 4237/2956/1818 4205/2958/1818
f 4242/2968/1817 4244/2969/1817 4246/2985/1817 4249/2946/1817
f 4245/2971/1838 4234/2965/1834 4247/2984/1839
f 4244/2972/1817 4245/2971/1838 4247/2984/1839 4246/2986/1817
f 4251/2962/1841 4250/2952/1817 4241/2953/1817 4229/2974/1830
f 4249/2946/1817 4248/2961/1840 4243/2975/1830 4242/2968/1817
f 4248/2963/1840 4251/2962/1841 4229/2974/1830 4243/2977/1830
f 4220/2968/1817 4222/2969/1826 4248/2959/1840 4249/2979/1817
f 4223/2971/1826 4219/2965/1817 4250/2955/1817 4251/2987/1841
f 4222/2972/1826 4223/2971/1826 4251/2987/1841 4248/2957/1840
f 4246/2950/1817 4247/2988/1839 4224/2974/1827 4221/2977/1817
f 4247/2988/1839 4234/2953/1834 4224/2974/1827
f 4249/2979/1817 4246/2945/1817 4221/2975/1817 4220/2968/1817
f 4394/2989/1845 4395/2990/1845 4270/2991/1846 4259/2992/1846
f 4259/2993/1846 4270/2994/1846 4254/2995/1844 4257/2996/1844
f 4261/2997/1843 4253/2998/1843 4252/2999/1842 4260/3000/1842
f 4263/3001/1845 4255/3002/1845 4272/3003/1847 4264/3004/1847
f 4352/3005/1842 4258/3006/1842 4273/3007/1842 4256/3008/1842
f 4265/3009/1842 4260/3000/1842 4252/2999/1842 4274/3010/1842
f 4265/3009/1842 4258/3006/1842 4266/3011/1842 4269/3012/1842
f 4262/3013/1847 4363/3014/1876 4365/3015/1878 4264/3004/1847
f 4261/2997/1843 4366/3016/1879 4267/3017/1848 4257/2996/1844
f 4253/2998/1843 4261/2997/1843 4257/2996/1844 4254/2995/1844
f 4271/3018/1847 4262/3013/1847 4264/3004/1847 4272/3003/1847
f 4274/3010/1842 4273/3007/1842 4258/3006/1842 4265/3009/1842
f 4364/3019/1877 4263/3001/1845 4264/3004/1847 4365/3015/1878
f 4405/3020/1877 4394/2989/1845 4259/2992/1846 4362/3021/1875
f 4268/3022/1842 4366/3016/1879 4261/2997/1843 4260/3000/1842
f 4267/3017/1848 4362/3023/1875 4259/2993/1846 4257/2996/1844
f 4269/3012/1842 4268/3022/1842 4260/3000/1842 4265/3009/1842
f 4352/3005/1842 4266/3011/1842 4258/3006/1842
f 4279/3024/1843 4253/3025/1843 4254/3026/1844 4285/3027/1844
f 4280/3028/1847 4271/3029/1847 4272/3030/1847 4282/3031/1852
f 4284/3032/1842 4286/3033/1842 4273/3034/1842 4274/3035/1842
f 4284/3032/1842 4278/3036/1842 4385/3037/1842 4287/3038/1842
f 4283/3039/1842 4286/3033/1842 4384/3040/1842
f 4281/3041/1851 4382/3042/1883 4383/3043/1884 4282/3031/1852
f 4279/3024/1843 4289/3044/1854 4385/3037/1842 4278/3036/1842
f 4277/3045/1846 4275/3046/1849 4288/3047/1853 4285/3027/1844
f 4397/3048/1845 4396/3049/1888 4275/3050/1849 4277/3051/1846
f 4395/3052/1845 4397/3048/1845 4277/3051/1846 4270/3053/1846
f 4270/3054/1846 4277/3045/1846 4285/3027/1844 4254/3026/1844
f 4253/3025/1843 4279/3024/1843 4278/3036/1842 4252/3055/1842
f 4255/3056/1845 4281/3041/1851 4282/3031/1852 4272/3030/1847
f 4256/3057/1842 4273/3034/1842 4286/3033/1842 4283/3039/1842
f 4274/3035/1842 4252/3055/1842 4278/3036/1842 4284/3032/1842
f 4276/3058/1850 4280/3028/1847 4282/3031/1852 4383/3043/1884
f 4287/3038/1842 4384/3040/1842 4286/3033/1842 4284/3032/1842
f 4288/3047/1853 4289/3044/1854 4279/3024/1843 4285/3027/1844
f 4342/3046/1842 4256/2994/1842 4306/2995/1842 4294/3059/1842
f 4297/3060/1842 4290/2998/1842 4305/2999/1842 4296/3000/1842
f 4399/2989/1862 4298/2992/1859 4307/2991/1859 4400/3061/1862
f 4298/3062/1859 4295/3063/1858 4308/3007/1858 4307/3008/1859
f 4299/3064/1860 4296/3000/1842 4305/2999/1842 4309/3010/1860
f 4301/3001/1862 4302/3065/1861 4312/3003/1861 4311/3002/1862
f 4300/3013/1861 4302/3065/1861 4333/3066/1869 4292/3028/1856
f 4299/3064/1860 4295/3063/1858 4346/3067/1874 4344/3068/1873
f 4297/3060/1842 4304/3069/1842 4345/3070/1842 4294/3059/1842
f 4290/2998/1842 4297/3060/1842 4294/3059/1842 4306/2995/1842
f 4309/3010/1860 4308/3007/1858 4295/3063/1858 4299/3064/1860
f 4310/3018/1861 4312/3003/1861 4302/3065/1861 4300/3013/1861
f 4293/3071/1857 4333/3066/1869 4302/3065/1861 4301/3001/1862
f 4398/3020/1857 4291/3051/1855 4298/2992/1859 4399/2989/1862
f 4345/3070/1842 4342/3046/1842 4294/3059/1842
f 4344/3068/1873 4303/3022/1842 4296/3000/1842 4299/3064/1860
f 4346/3067/1874 4295/3063/1858 4298/3062/1859 4291/3072/1855
f 4303/3022/1842 4304/3069/1842 4297/3060/1842 4296/3000/1842
f 4317/3024/1842 4290/3025/1842 4306/3026/1842 4323/3073/1842
f 4319/3032/1860 4324/3074/1858 4308/3034/1858 4309/3035/1860
f 4320/3075/1861 4322/3076/1861 4312/3030/1861 4310/3029/1861
f 4321/3077/1862 4322/3076/1861 4372/3043/1882 4314/3042/1864
f 4319/3032/1860 4316/3078/1842 4326/3079/1842 4325/3080/1865
f 4318/3072/1859 4324/3074/1858 4328/3081/1866 4313/3082/1863
f 4401/3083/1862 4318/3084/1859 4313/2992/1863 4406/3049/1864
f 4317/3024/1842 4377/3085/1842 4326/3079/1842 4316/3078/1842
f 4315/3023/1842 4327/3086/1842 4323/3073/1842
f 4256/3054/1842 4315/3023/1842 4323/3073/1842 4306/3026/1842
f 4290/3025/1842 4317/3024/1842 4316/3078/1842 4305/3055/1842
f 4400/3087/1862 4307/3053/1859 4318/3084/1859 4401/3083/1862
f 4307/3057/1859 4308/3034/1858 4324/3074/1858 4318/3072/1859
f 4309/3035/1860 4305/3055/1842 4316/3078/1842 4319/3032/1860
f 4311/3056/1862 4312/3030/1861 4322/3076/1861 4321/3077/1862
f 4371/3013/1881 4372/3043/1882 4322/3076/1861 4320/3075/1861
f 4325/3080/1865 4328/3081/1866 4324/3074/1858 4319/3032/1860
f 4327/3086/1842 4377/3085/1842 4317/3024/1842 4323/3073/1842
f 4402/2989/1867 4403/2990/1867 4347/2991/1871 4336/2992/1871
f 4336/2993/1871 4347/2994/1871 4353/2995/1870 4334/2996/1870
f 4338/2997/1872 4354/2998/1872 4350/2999/1842 4337/3000/1842
f 4340/3001/1867 4329/3002/1867 4330/3003/1868 4341/3004/1868
f 4342/3005/1842 4335/3006/1842 4332/3007/1842 4256/3008/1842
f 4343/3009/1842 4337/3000/1842 4350/2999/1842 4331/3010/1842
f 4343/3009/1842 4335/3006/1842 4345/3011/1842 4304/3088/1842
f 4339/3013/1868 4292/3014/1856 4333/3089/1869 4341/3004/1868
f 4338/2997/1872 4344/3090/1873 4346/3091/1874 4334/2996/1870
f 4354/2998/1872 4338/2997/1872 4334/2996/1870 4353/2995/1870
f 4355/3018/1868 4339/3013/1868 4341/3004/1868 4330/3003/1868
f 4331/3010/1842 4332/3007/1842 4335/3006/1842 4343/3009/1842
f 4293/3071/1857 4340/3001/1867 4341/3004/1868 4333/3089/1869
f 4398/3020/1857 4402/2989/1867 4336/2992/1871 4291/3021/1855
f 4346/3091/1874 4291/3023/1855 4336/2993/1871 4334/2996/1870
f 4304/3088/1842 4303/3022/1842 4337/3000/1842 4343/3009/1842
f 4342/3005/1842 4345/3011/1842 4335/3006/1842
f 4303/3022/1842 4344/3090/1873 4338/2997/1872 4337/3000/1842
f 4363/3058/1876 4358/3014/1868 4356/3031/1868 4365/3092/1878
f 4359/3024/1872 4354/3025/1872 4353/3026/1870 4349/3093/1870
f 4331/3035/1842 4350/3055/1842 4360/3094/1842 4351/3032/1842
f 4358/3014/1868 4355/3029/1868 4330/3030/1868 4356/3031/1868
f 4256/3057/1842 4332/3034/1842 4348/3074/1842 4352/3072/1842
f 4351/3032/1842 4348/3074/1842 4332/3034/1842 4331/3035/1842
f 4329/3056/1867 4357/3041/1867 4356/3031/1868 4330/3030/1868
f 4351/3032/1842 4360/3094/1842 4268/3095/1842 4269/3096/1842
f 4354/3025/1872 4359/3024/1872 4360/3094/1842 4350/3055/1842
f 4347/3054/1871 4361/3023/1871 4349/3093/1870 4353/3026/1870
f 4357/3041/1867 4364/3097/1877 4365/3092/1878 4356/3031/1868
f 4359/3024/1872 4366/3098/1879 4268/3095/1842 4360/3094/1842
f 4403/3052/1867 4404/3099/1867 4361/3084/1871 4347/3053/1871
f 4361/3023/1871 4362/3046/1875 4267/3100/1848 4349/3093/1870
f 4404/3099/1867 4405/2989/1877 4362/3050/1875 4361/3084/1871
f 4267/3100/1848 4366/3098/1879 4359/3024/1872 4349/3093/1870
f 4266/3101/1842 4352/3072/1842 4348/3074/1842
f 4269/3096/1842 4266/3101/1842 4348/3074/1842 4351/3032/1842
f 4315/2993/1842 4256/2994/1842 4369/2995/1842 4373/2996/1842
f 4375/2997/1842 4368/2998/1842 4367/2999/1842 4374/3000/1842
f 4376/3009/1880 4374/3000/1842 4367/2999/1842 4370/3010/1880
f 4386/3102/1885 4388/3103/1885 4372/3104/1882 4371/3028/1881
f 4368/2998/1842 4375/2997/1842 4373/2996/1842 4369/2995/1842
f 4375/2997/1842 4377/3069/1842 4327/3070/1842 4373/2996/1842
f 4327/3070/1842 4315/2993/1842 4373/2996/1842
f 4326/3022/1842 4377/3069/1842 4390/3105/1842
f 4325/3068/1865 4326/3022/1842 4390/3105/1842 4423/3088/1880
f 4380/3024/1842 4368/3025/1842 4369/3026/1842 4378/3093/1842
f 4370/3035/1880 4367/3055/1842 4381/3094/1842 4379/3032/1880
f 4427/3106/1886 4428/3107/1885 4383/3108/1884 4382/3109/1883
f 4368/3025/1842 4380/3024/1842 4381/3094/1842 4367/3055/1842
f 4379/3032/1880 4381/3094/1842 4391/3110/1842 4392/3068/1880
f 4429/3111/1886 4425/3112/1889 4275/2992/1849 4396/3049/1888
f 4256/3054/1842 4283/3023/1842 4378/3093/1842 4369/3026/1842
f 4380/3024/1842 4287/3090/1842 4391/3110/1842 4381/3094/1842
f 4384/3113/1842 4378/3093/1842 4283/3023/1842
f 4289/3114/1854 4288/3011/1853 4393/3115/1887 4392/3068/1880
f 4406/3099/1864 4313/3051/1863 4422/3116/1889 4424/3117/1886
f 4314/3118/1864 4372/3104/1882 4388/3103/1885 4387/3119/1886
f 4328/3067/1866 4389/3120/1887 4422/3121/1889 4313/3072/1863
f 4423/3088/1880 4390/3105/1842 4374/3000/1842 4376/3009/1880
f 4423/3088/1880 4389/3120/1887 4328/3067/1866 4325/3068/1865
f 4390/3105/1842 4377/3069/1842 4375/2997/1842 4374/3000/1842
f 4425/3122/1889 4393/3115/1887 4288/3011/1853 4275/3005/1849
f 4391/3110/1842 4287/3090/1842 4385/3123/1842
f 4392/3068/1880 4391/3110/1842 4385/3123/1842 4289/3114/1854
f 4276/3013/1850 4383/3108/1884 4428/3107/1885 4426/3124/1885
f 4384/3113/1842 4287/3090/1842 4380/3024/1842 4378/3093/1842
f 4371/3125/1881 4406/3099/1864 4424/3117/1886 4386/3126/1885
f 4426/3127/1885 4429/3111/1886 4396/3049/1888 4276/3128/1850
f 4358/3125/1868 4363/3129/1876 4405/2989/1877 4404/3099/1867
f 4355/3130/1868 4358/3125/1868 4404/3099/1867 4403/3052/1867
f 4292/3131/1856 4339/3129/1868 4402/2989/1867 4398/3020/1857
f 4339/3129/1868 4355/3132/1868 4403/2990/1867 4402/2989/1867
f 4310/3130/1861 4400/3087/1862 4401/3083/1862 4320/3125/1861
f 4320/3125/1861 4401/3083/1862 4406/3049/1864 4371/3128/1881
f 4292/3125/1856 4398/3020/1857 4399/2989/1862 4300/3129/1861
f 4300/3129/1861 4399/2989/1862 4400/3061/1862 4310/3132/1861
f 4271/3130/1847 4280/3131/1847 4397/3048/1845 4395/3052/1845
f 4280/3131/1847 4276/3133/1850 4396/3049/1888 4397/3048/1845
f 4363/3131/1876 4262/3129/1847 4394/2989/1845 4405/3020/1877
f 4262/3129/1847 4271/3132/1847 4395/2990/1845 4394/2989/1845
f 4376/3134/1880 4370/3135/1880 4408/3136/1887 4410/3137/1887
f 4416/3138/1889 4407/3139/1889 4408/3136/1887 4421/3140/1887
f 4420/3141/1886 4409/3142/1886 4407/3143/1889 4416/3144/1889
f 4423/3145/1880 4376/3134/1880 4410/3137/1887 4389/3146/1887
f 4386/3147/1885 4412/3148/1885 4414/3149/1885 4388/3150/1885
f 4407/3139/1889 4411/3151/1889 4410/3137/1887 4408/3136/1887
f 4409/3142/1886 4415/3152/1886 4411/3153/1889 4407/3143/1889
f 4429/3154/1886 4420/3141/1886 4416/3144/1889 4425/3155/1889
f 4425/3156/1889 4416/3138/1889 4421/3140/1887 4393/3157/1887
f 4427/3158/1886 4418/3159/1886 4419/3160/1885 4428/3161/1885
f 4426/3162/1885 4417/3163/1885 4420/3141/1886 4429/3154/1886
f 4370/3135/1880 4379/3164/1880 4421/3140/1887 4408/3136/1887
f 4412/3165/1885 4386/3166/1885 4424/3167/1886 4415/3152/1886
f 4413/3168/1886 4387/3169/1886 4388/3150/1885 4414/3149/1885
f 4411/3151/1889 4422/3170/1889 4389/3146/1887 4410/3137/1887
f 4415/3152/1886 4424/3167/1886 4422/3171/1889 4411/3153/1889
f 4417/3172/1885 4426/3173/1885 4428/3161/1885 4419/3160/1885
f 4379/3164/1880 4392/3174/1880 4393/3157/1887 4421/3140/1887
f 4437/3175/1891 4434/3176/1891 4431/3177/1890 4436/3178/1893
f 4436/3179/1893 4431/3176/1890 4439/3180/1892 4435/3181/1892
f 4430/3182/1867 4436/3183/1893 4435/3184/1892 4432/3185/1877
f 4433/3186/1857 4437/3187/1891 4436/3183/1893 4430/3182/1867
f 4439/3188/1892 4441/3189/1895 4442/3190/1877 4438/3191/1877
f 4439/3180/1892 4431/3176/1890 4441/3192/1895
f 4431/3177/1890 4434/3176/1891 4440/3193/1894 4441/3194/1895
f 4445/3195/1898 4443/3196/1896 4497/3197/1842 4565/3198/1953
f 4444/3199/1897 4446/3200/1899 4441/3189/1895 4440/3201/1894
f 4441/3189/1895 4446/3200/1899 4447/3202/1877 4442/3190/1877
f 4443/3196/1896 4445/3195/1898 4446/3200/1899 4444/3199/1897
f 4445/3195/1898 4448/3203/1877 4447/3202/1877 4446/3200/1899
f 4490/3204/1918 4488/3205/1916 4497/3206/1842 4498/3207/1921
f 4482/3175/1912 4453/3178/1901 4450/3177/1900 4479/3176/1912
f 4453/3179/1901 4452/3181/1892 4455/3180/1892 4450/3176/1900
f 4449/3182/1845 4451/3185/1877 4452/3184/1892 4453/3183/1901
f 4478/3186/1888 4449/3182/1845 4453/3183/1901 4482/3187/1912
f 4455/3208/1892 4454/3209/1877 4457/3210/1877 4456/3211/1902
f 4455/3180/1892 4456/3192/1902 4450/3176/1900
f 4450/3177/1900 4456/3194/1902 4485/3193/1914 4479/3176/1912
f 4458/3204/1903 4494/3207/1920 4497/3206/1842 4488/3205/1916
f 4489/3212/1917 4485/3213/1914 4456/3211/1902 4459/3214/1904
f 4456/3211/1902 4457/3210/1877 4460/3215/1877 4459/3214/1904
f 4488/3205/1916 4489/3212/1917 4459/3214/1904 4458/3204/1903
f 4458/3204/1903 4459/3214/1904 4460/3215/1877 4461/3216/1877
f 4445/3195/1898 4565/3198/1953 4495/3217/1845 4448/3203/1877
f 4437/3175/1891 4466/3178/1907 4463/3177/1905 4434/3176/1891
f 4466/3179/1907 4465/3181/1906 4468/3180/1906 4463/3176/1905
f 4462/3182/1862 4464/3185/1864 4465/3184/1906 4466/3183/1907
f 4433/3186/1857 4462/3182/1862 4466/3183/1907 4437/3187/1891
f 4468/3188/1906 4467/3191/1864 4470/3190/1864 4469/3189/1908
f 4468/3180/1906 4469/3192/1908 4463/3176/1905
f 4463/3177/1905 4469/3194/1908 4440/3193/1894 4434/3176/1891
f 4444/3199/1897 4440/3201/1894 4469/3189/1908 4472/3200/1910
f 4469/3189/1908 4470/3190/1864 4473/3202/1864 4472/3200/1910
f 4443/3196/1896 4444/3199/1897 4472/3200/1910 4471/3195/1909
f 4471/3195/1909 4472/3200/1910 4473/3202/1864 4474/3203/1864
f 4490/3204/1918 4498/3207/1921 4499/3218/1862 4493/3216/1864
f 4482/3175/1912 4479/3176/1912 4476/3177/1911 4481/3178/1913
f 4481/3179/1913 4476/3176/1911 4484/3180/1906 4480/3181/1906
f 4475/3182/1886 4481/3183/1913 4480/3184/1906 4477/3185/1864
f 4478/3186/1888 4482/3187/1912 4481/3183/1913 4475/3182/1886
f 4484/3208/1906 4486/3211/1915 4487/3210/1864 4483/3209/1864
f 4484/3180/1906 4476/3176/1911 4486/3192/1915
f 4476/3177/1911 4479/3176/1912 4485/3193/1914 4486/3194/1915
f 4471/3195/1909 4474/3203/1864 4566/3219/1886 4564/3198/1952
f 4489/3212/1917 4491/3214/1919 4486/3211/1915 4485/3213/1914
f 4486/3211/1915 4491/3214/1919 4492/3215/1864 4487/3210/1864
f 4488/3205/1916 4490/3204/1918 4491/3214/1919 4489/3212/1917
f 4490/3204/1918 4493/3216/1864 4492/3215/1864 4491/3214/1919
f 4471/3195/1909 4564/3198/1952 4497/3220/1842 4443/3196/1896
f 4458/3204/1903 4461/3216/1877 4496/3221/1867 4494/3207/1920
f 4507/3175/1923 4504/3176/1923 4501/3177/1922 4506/3178/1925
f 4506/3179/1925 4501/3176/1922 4509/3180/1924 4505/3181/1924
f 4500/3182/1845 4506/3183/1925 4505/3184/1924 4502/3185/1888
f 4503/3186/1877 4507/3187/1923 4506/3183/1925 4500/3182/1845
f 4509/3188/1924 4511/3189/1927 4512/3190/1888 4508/3191/1888
f 4509/3180/1924 4501/3176/1922 4511/3192/1927
f 4501/3177/1922 4504/3176/1923 4510/3193/1926 4511/3194/1927
f 4514/3199/1929 4516/3200/1931 4511/3189/1927 4510/3201/1926
f 4511/3189/1927 4516/3200/1931 4517/3202/1888 4512/3190/1888
f 4513/3196/1928 4515/3195/1930 4516/3200/1931 4514/3199/1929
f 4515/3195/1930 4518/3203/1888 4517/3202/1888 4516/3200/1931
f 4541/3195/1941 4498/3222/1921 4497/3223/1842 4513/3196/1928
f 4552/3175/1944 4523/3178/1933 4520/3177/1932 4549/3176/1944
f 4523/3179/1933 4522/3181/1924 4525/3180/1924 4520/3176/1932
f 4519/3182/1886 4521/3185/1888 4522/3184/1924 4523/3183/1933
f 4548/3186/1864 4519/3182/1886 4523/3183/1933 4552/3187/1944
f 4525/3208/1924 4524/3209/1888 4527/3210/1888 4526/3211/1934
f 4525/3180/1924 4526/3192/1934 4520/3176/1932
f 4520/3177/1932 4526/3194/1934 4555/3193/1946 4549/3176/1944
f 4528/3204/1935 4565/3224/1953 4497/3225/1842 4558/3205/1948
f 4559/3212/1949 4555/3213/1946 4526/3211/1934 4529/3214/1936
f 4526/3211/1934 4527/3210/1888 4530/3215/1888 4529/3214/1936
f 4558/3205/1948 4559/3212/1949 4529/3214/1936 4528/3204/1935
f 4528/3204/1935 4529/3214/1936 4530/3215/1888 4531/3216/1888
f 4515/3195/1930 4513/3196/1928 4497/3223/1842 4564/3222/1952
f 4507/3175/1923 4536/3178/1939 4533/3177/1937 4504/3176/1923
f 4536/3179/1939 4535/3181/1938 4538/3180/1938 4533/3176/1937
f 4532/3182/1867 4534/3185/1857 4535/3184/1938 4536/3183/1939
f 4503/3186/1877 4532/3182/1867 4536/3183/1939 4507/3187/1923
f 4538/3188/1938 4537/3191/1857 4540/3190/1857 4539/3189/1940
f 4538/3180/1938 4539/3192/1940 4533/3176/1937
f 4533/3177/1937 4539/3194/1940 4510/3193/1926 4504/3176/1923
f 4515/3195/1930 4564/3222/1952 4566/3226/1886 4518/3203/1888
f 4514/3199/1929 4510/3201/1926 4539/3189/1940 4542/3200/1942
f 4539/3189/1940 4540/3190/1857 4543/3202/1857 4542/3200/1942
f 4513/3196/1928 4514/3199/1929 4542/3200/1942 4541/3195/1941
f 4541/3195/1941 4542/3200/1942 4543/3202/1857 4544/3203/1857
f 4552/3175/1944 4549/3176/1944 4546/3177/1943 4551/3178/1945
f 4551/3179/1945 4546/3176/1943 4554/3180/1938 4550/3181/1938
f 4545/3182/1862 4551/3183/1945 4550/3184/1938 4547/3185/1857
f 4548/3186/1864 4552/3187/1944 4551/3183/1945 4545/3182/1862
f 4554/3208/1938 4556/3211/1947 4557/3210/1857 4553/3209/1857
f 4554/3180/1938 4546/3176/1943 4556/3192/1947
f 4546/3177/1943 4549/3176/1944 4555/3193/1946 4556/3194/1947
f 4541/3195/1941 4544/3203/1857 4499/3226/1862 4498/3222/1921
f 4559/3212/1949 4561/3214/1951 4556/3211/1947 4555/3213/1946
f 4556/3211/1947 4561/3214/1951 4562/3215/1857 4557/3210/1857
f 4558/3205/1948 4560/3204/1950 4561/3214/1951 4559/3212/1949
f 4560/3204/1950 4563/3216/1857 4562/3215/1857 4561/3214/1951
f 4560/3204/1950 4494/3224/1920 4496/3227/1867 4563/3216/1857
f 4560/3204/1950 4558/3205/1948 4497/3225/1842 4494/3224/1920
f 4528/3204/1935 4531/3216/1888 4495/3227/1845 4565/3228/1953
f 4572/3229/1958 4567/3230/1954 4568/3231/1955 4573/3232/1957
f 4578/3233/1961 4579/3234/1962 4572/3229/1958 4569/3235/1956
f 4582/3236/1965 4567/3230/1954 4576/3237/1954 4585/3238/1965
f 4581/3239/1964 4568/3231/1955 4567/3230/1954 4582/3236/1965
f 4569/3235/1956 4572/3229/1958 4573/3232/1957 4570/3240/1957
f 4579/3241/1962 4574/3242/1959 4577/3243/1842 4580/3244/1963
f 4567/3230/1954 4572/3229/1958 4575/3245/1960 4576/3237/1954
f 4572/3229/1958 4579/3234/1962 4580/3246/1963 4575/3245/1960
f 4571/3247/1845 4574/3242/1959 4579/3241/1962 4578/3248/1961
f 4570/3240/1957 4573/3232/1957 4584/3249/1966 4583/3250/1966
f 4573/3232/1957 4568/3231/1955 4581/3239/1964 4584/3249/1966
f 4591/3229/1968 4592/3232/1956 4587/3231/1967 4586/3230/1954
f 4594/3233/1970 4588/3235/1957 4591/3229/1968 4595/3234/1971
f 4597/3236/1965 4585/3238/1965 4576/3237/1954 4586/3230/1954
f 4596/3239/1972 4597/3236/1965 4586/3230/1954 4587/3231/1967
f 4588/3235/1957 4589/3240/1956 4592/3232/1956 4591/3229/1968
f 4595/3241/1971 4580/3244/1963 4577/3243/1842 4593/3242/1969
f 4586/3230/1954 4576/3237/1954 4575/3245/1960 4591/3229/1968
f 4591/3229/1968 4575/3245/1960 4580/3246/1963 4595/3234/1971
f 4590/3247/1862 4594/3248/1970 4595/3241/1971 4593/3242/1969
f 4589/3240/1956 4598/3250/1973 4599/3249/1973 4592/3232/1956
f 4592/3232/1956 4599/3249/1973 4596/3239/1972 4587/3231/1967
o L_Room_Square
v 9.000000 0.200000 18.000000
v 9.000000 0.200000 12.000000
v 8.200000 0.200000 12.000000
v 8.200000 0.200000 6.000000
v 8.000000 0.000000 12.000000
v 8.000000 0.000000 6.000000
v 9.000000 0.200000 6.000000
v 9.000000 0.200000 0.000000
v 8.000000 0.000000 0.000000
v 8.000000 0.000000 17.000000
v 8.200000 0.200000 17.200001
v 3.000000 0.200000 18.000000
v 3.000000 0.200000 17.199999
v 3.000000 0.000000 17.000000
v -3.000000 0.000000 18.000000
v 3.000000 0.000000 18.000000
v -3.000000 0.000000 12.000000
v 3.000000 0.000000 12.000000
v -3.000000 0.000000 6.000000
v 3.000000 0.000000 6.000000
v -9.000000 0.200000 18.000000
v -9.000000 0.200000 12.000000
v -8.199999 0.200000 12.000000
v -8.000001 0.000000 12.000000
v -8.000001 0.000000 6.000000
v -9.000000 0.200000 6.000000
v -8.199999 0.200000 6.000000
v -3.000000 0.200000 18.000000
v -3.000000 0.200000 17.200001
v -3.000000 0.000000 17.000000
v -8.000001 0.000000 17.000000
v -8.200001 0.200000 17.199999
v 9.000000 0.200000 -18.000000
v 9.000000 0.200000 -12.000000
v 8.200000 0.200000 -12.000000
v 8.200000 0.200000 -6.000000
v 8.000000 0.000000 -12.000000
v 8.000000 0.000000 -6.000000
v 9.000000 0.200000 -6.000000
v 8.200000 0.200000 0.000000
v 8.000000 0.000000 -17.000000
v 8.200000 0.200000 -17.200001
v 3.000000 0.200000 -18.000000
v 3.000000 0.200000 -17.200001
v 3.000000 0.000000 -17.000000
v -3.000000 0.000000 -18.000000
v 3.000000 0.000000 -18.000000
v -3.000000 0.000000 -12.000000
v 3.000000 0.000000 -12.000000
v -3.000000 0.000000 -6.000000
v 3.000000 0.000000 -6.000000
v 3.000000 0.000000 0.000000
v -9.000000 0.200000 -18.000000
v -9.000000 0.200000 -12.000000
v -8.199999 0.200000 -12.000000
v -8.000001 0.000000 -12.000000
v -8.000001 0.000000 -6.000000
v -9.000000 0.200000 -6.000000
v -3.000000 0.000000 0.000000
v -8.199999 0.200000 -6.000000
v -8.000001 0.000000 0.000000
v -9.000000 0.200000 0.000000
v -8.199999 0.200000 0.000000
v -3.000000 0.200000 -18.000000
v -3.000000 0.200000 -17.200001
v -3.000000 0.000000 -17.000000
v -8.000001 0.000000 -17.000000
v -8.200001 0.200000 -17.200001
v -3.000000 5.900001 17.500000
v -3.000000 11.800002 17.500000
v 3.000000 11.800002 17.500000
v -8.500000 8.850001 17.500000
v -2.500000 11.800001 12.000000
v -5.500000 11.800002 6.000000
v -5.500000 11.800002 12.000000
v -8.500000 8.850001 12.000000
v -2.500000 11.800001 6.000000
v 0.000001 11.800001 6.000000
v 0.000000 11.800001 12.000000
v -8.500000 5.900001 6.000000
v -8.500000 8.850001 6.000000
v -5.500000 11.800002 17.500000
v 0.000001 11.800001 17.500000
v 2.500002 11.800003 12.000000
v 5.500001 11.800003 6.000000
v 5.500002 11.800003 12.000000
v 8.500002 8.850002 12.000000
v 2.500001 11.800003 6.000000
v 8.500003 5.900001 6.000000
v 8.500002 8.850002 6.000000
v 5.500002 11.800001 17.500000
v 8.500002 8.850002 17.500000
v 0.000000 5.900001 17.500000
v -2.000001 5.900001 17.500000
v 2.000000 5.900001 17.500000
v 3.000000 5.900001 17.500000
v 3.000000 0.500000 17.500000
v 3.000000 0.000000 17.400000
v 3.000000 0.300000 17.400000
v 8.500002 0.000000 17.400000
v 8.500002 0.300000 17.400000
v 3.000000 4.412624 17.500000
v 8.500002 5.212625 17.500000
v -3.000000 0.000000 17.400000
v -3.000000 0.300000 17.400000
v -8.500000 0.500000 17.500000
v -8.500000 4.859329 17.500000
v -3.000000 0.500000 17.500000
v -2.130707 0.500000 17.500000
v -2.130707 0.000000 17.400000
v -2.130707 0.300000 17.400000
v 2.130705 0.500000 17.500000
v 2.130705 0.000000 17.400000
v 2.130705 0.300000 17.400000
v -3.000000 4.412624 17.500000
v -2.130707 4.412624 17.500000
v 2.130705 4.412624 17.500000
v 3.000000 4.859329 17.500000
v -3.000000 4.859329 17.500000
v -2.000001 4.859329 17.500000
v 2.000000 4.859329 17.500000
v 3.000000 5.212625 17.500000
v -3.000000 5.212625 17.500000
v 0.000000 5.212625 17.500000
v -2.000001 5.212625 17.500000
v 2.000000 5.212625 17.500000
v -8.400000 0.000000 12.000000
v -8.500000 5.900001 12.000000
v -8.500000 0.500000 6.000000
v -8.500000 0.500000 12.000000
v -8.400000 0.000000 6.000000
v -8.400000 0.300000 6.000000
v -8.400000 0.300000 12.000000
v -8.500000 5.900001 17.500000
v -8.400000 0.000000 17.400000
v -8.400000 0.300000 17.400000
v 8.400002 0.000000 12.000000
v 8.500002 5.900002 12.000000
v 8.500002 0.500000 6.000000
v 8.500002 0.500000 12.000000
v 8.400002 0.000000 6.000000
v 8.400002 0.300000 6.000000
v 8.400002 0.300000 12.000000
v 8.500002 5.900002 17.500000
v 8.500002 0.500000 17.500000
v 8.400002 0.000000 17.400002
v 8.400002 0.300000 17.400002
v -8.500000 5.212625 12.000000
v -8.500000 5.212625 6.000000
v -8.500000 5.212625 17.500000
v -8.500000 4.859329 6.000000
v -8.500000 4.859329 12.000000
v -8.500000 4.412624 6.000000
v -8.500000 4.412624 17.500000
v -8.500000 4.412624 12.000000
v 8.500002 5.212625 12.000000
v 8.500003 5.212624 6.000000
v 8.500002 4.859329 17.500000
v 8.500003 4.859329 6.000000
v 8.500002 4.859329 12.000000
v 8.500002 4.412624 17.500000
v 8.500003 4.412624 6.000000
v 8.500002 4.412624 12.000000
v -3.000000 5.900001 -17.500000
v -3.000000 11.800002 -17.500000
v 3.000000 11.800002 -17.500000
v -8.500000 8.850001 -17.500000
v -2.500000 11.800001 -12.000000
v -5.500000 11.800002 -6.000000
v -5.500000 11.800002 -12.000000
v -8.500000 8.850001 -12.000000
v -2.499999 11.800001 -6.000000
v 0.000001 11.800001 -6.000000
v 0.000001 11.800001 -12.000000
v -8.500000 5.900001 -6.000000
v -8.500000 8.850001 -6.000000
v -8.500000 8.850001 0.000000
v -2.499999 11.800001 0.000000
v -5.499999 11.800002 0.000000
v 0.000001 11.800001 0.000002
v -5.500000 11.800002 -17.500000
v 0.000000 11.800001 -17.500000
v 2.500002 11.800003 -12.000000
v 5.500002 11.800003 -6.000000
v 5.500002 11.800003 -12.000000
v 8.500002 8.850002 -12.000000
v 2.500002 11.800003 -6.000000
v 8.500003 5.900001 -6.000000
v 8.500002 8.850002 -6.000000
v 8.500003 8.850002 0.000002
v 2.500003 11.800003 0.000002
v 5.500003 11.800003 0.000002
v 8.500004 5.900001 0.000002
v 5.500002 11.800001 -17.500000
v 8.500002 8.850002 -17.500000
v -0.000000 5.900001 -17.500000
v -2.000001 5.900001 -17.500000
v 2.000000 5.900001 -17.500000
v 3.000000 5.900001 -17.500000
v 3.000000 0.500000 -17.500000
v 3.000000 0.000000 -17.400002
v 3.000000 0.300000 -17.400002
v 8.500002 0.000000 -17.400002
v 8.500002 0.300000 -17.400002
v 3.000000 4.412624 -17.500000
v 8.500002 5.212625 -17.500000
v -3.000000 0.000000 -17.400002
v -3.000000 0.300000 -17.400002
v -8.500000 0.500000 -17.500000
v -8.500000 4.859329 -17.500000
v -3.000000 0.500000 -17.500000
v -2.130707 0.500000 -17.500000
v -2.130707 0.000000 -17.400002
v -2.130707 0.300000 -17.400002
v 2.130705 0.500000 -17.500000
v 2.130705 0.000000 -17.400002
v 2.130705 0.300000 -17.400002
v -3.000000 4.412624 -17.500000
v -2.130707 4.412624 -17.500000
v 2.130705 4.412624 -17.500000
v 3.000000 4.859329 -17.500000
v -3.000000 4.859329 -17.500000
v -2.000001 4.859329 -17.500000
v 2.000000 4.859329 -17.500000
v 3.000000 5.212625 -17.500000
v -3.000000 5.212625 -17.500000
v -0.000000 5.212625 -17.500000
v -2.000001 5.212625 -17.500000
v 2.000000 5.212625 -17.500000
v -8.400000 0.000000 -12.000000
v -8.500000 5.900001 -12.000000
v -8.500000 0.500000 -6.000000
v -8.500000 0.500000 -12.000000
v -8.400000 0.000000 -6.000000
v -8.400000 0.300000 -6.000000
v -8.400000 0.300000 -12.000000
v -8.499999 5.900001 0.000000
v -8.499999 0.500000 0.000000
v -8.400000 0.300000 0.000000
v -8.400000 0.000000 0.000000
v -8.500000 5.900001 -17.500000
v -8.400000 0.000000 -17.400002
v -8.400000 0.300000 -17.400002
v 8.400002 0.000000 -12.000000
v 8.500002 5.900002 -12.000000
v 8.500002 0.500000 -6.000000
v 8.500002 0.500000 -12.000000
v 8.400002 0.000000 -6.000000
v 8.400002 0.300000 -6.000000
v 8.400002 0.300000 -12.000000
v 8.500003 0.500000 0.000002
v 8.400003 0.300000 0.000002
v 8.400003 0.000000 0.000002
v 8.500002 5.900002 -17.500000
v 8.500002 0.500000 -17.500000
v 8.400002 0.000000 -17.400002
v 8.400002 0.300000 -17.400002
v -8.500000 5.212625 -12.000000
v -8.499999 5.212625 0.000000
v -8.500000 5.212625 -6.000000
v -8.500000 5.212625 -17.500000
v -8.499999 4.859329 0.000000
v -8.500000 4.859329 -6.000000
v -8.500000 4.859329 -12.000000
v -8.499999 4.412624 0.000000
v -8.500000 4.412624 -6.000000
v -8.500000 4.412624 -17.500000
v -8.500000 4.412624 -12.000000
v 8.500002 5.212625 -12.000000
v 8.500003 5.212624 -6.000000
v 8.500004 5.212624 0.000002
v 8.500002 4.859329 -17.500000
v 8.500003 4.859329 -6.000000
v 8.500004 4.859329 0.000002
v 8.500002 4.859329 -12.000000
v 8.500002 4.412624 -17.500000
v 8.500003 4.412624 -6.000000
v 8.500004 4.412624 0.000002
v 8.500002 4.412624 -12.000000
v -0.316625 11.300001 17.500000
v -0.316625 11.800001 17.500000
v 0.316625 11.300001 17.500000
v 0.316625 11.800001 17.500000
v -7.513023 9.271542 17.145515
v -7.513023 9.820528 17.145515
v 0.000001 11.251017 17.145515
v 0.000001 11.800003 17.145515
v -5.500000 11.251016 17.145515
v -5.500000 11.800002 17.145515
v -2.500000 11.800003 17.145515
v -2.500000 11.251017 17.145515
v -7.513023 9.271542 17.500002
v 0.000001 11.251017 17.500002
v -5.500000 11.251016 17.500002
v -2.500000 11.251017 17.500002
v -7.513023 9.271542 0.354485
v -7.513023 9.271542 -0.354488
v -7.513023 9.820528 0.354485
v -7.513023 9.820528 -0.354488
v 0.000001 11.251016 -0.354488
v 0.000001 11.251016 0.354485
v 0.000001 11.800002 0.354485
v 0.000001 11.800002 -0.354488
v -5.500000 11.251016 -0.354488
v -5.500000 11.800002 0.354485
v -5.500000 11.251016 0.354485
v -5.500000 11.800002 -0.354488
v -2.500000 11.251016 0.354485
v -2.500000 11.800002 -0.354488
v -2.500000 11.251016 -0.354488
v -2.500000 11.800002 0.354485
v -7.513023 9.271542 -0.000002
v 0.000001 11.251016 -0.000002
v -5.500000 11.251016 -0.000002
v -2.500000 11.251016 -0.000002
v 7.513025 9.271542 17.145515
v 7.513025 9.820528 17.145515
v 5.500001 11.251016 17.145515
v 5.500001 11.800002 17.145515
v 2.500001 11.800003 17.145515
v 2.500001 11.251017 17.145515
v 7.513025 9.271542 17.500002
v 5.500001 11.251016 17.500002
v 2.500001 11.251017 17.500002
v 7.513025 9.271542 0.354485
v 7.513025 9.271542 -0.354488
v 7.513025 9.820528 0.354485
v 7.513025 9.820528 -0.354488
v 5.500001 11.251016 -0.354488
v 5.500001 11.800002 0.354485
v 5.500001 11.251016 0.354485
v 5.500001 11.800002 -0.354488
v 2.500001 11.251016 0.354485
v 2.500001 11.800002 -0.354488
v 2.500001 11.251016 -0.354488
v 2.500001 11.800002 0.354485
v 7.513025 9.271542 -0.000002
v 5.500001 11.251016 -0.000002
v 2.500001 11.251016 -0.000002
v -7.613024 0.000000 17.000000
v -7.513023 8.850001 16.900000
v -8.500000 0.000000 17.000000
v -7.613024 0.000000 17.500000
v -7.513023 8.850001 17.500000
v -8.500000 8.570889 17.000000
v -7.613024 8.570889 17.000000
v -7.613024 8.570889 17.500000
v -8.500000 8.850001 16.900000
v -7.513023 9.820528 17.500000
v -7.513023 9.820528 16.900000
v -7.613024 0.000000 -0.500000
v -7.513023 8.850001 -0.600000
v -8.500000 0.000000 -0.500000
v -7.613024 0.000000 0.000000
v -7.513023 8.850001 0.000000
v -8.500000 8.570889 -0.500000
v -7.613024 8.570889 -0.500000
v -7.613024 8.570889 0.000000
v -8.500000 8.850001 -0.600000
v -7.513023 9.820528 0.000000
v -7.513023 9.820528 -0.600000
v -7.613024 0.000000 0.500000
v -7.513023 8.850001 0.600000
v -8.500000 0.000000 0.500000
v -8.500000 8.570889 0.500000
v -7.613024 8.570889 0.500000
v -8.500000 8.850001 0.600000
v -7.513023 9.820528 0.600000
v 7.613025 0.000000 17.000004
v 7.513024 8.850002 16.900003
v 8.500001 0.000000 17.000004
v 7.613025 0.000000 17.500004
v 7.513024 8.850002 17.500004
v 8.500001 8.570889 17.000004
v 7.613025 8.570889 17.000004
v 7.613025 8.570889 17.500004
v 8.500001 8.850002 16.900003
v 7.513024 9.820529 17.500004
v 7.513024 9.820529 16.900003
v 7.613025 0.000000 -0.499999
v 7.513024 8.850002 -0.599999
v 8.500001 0.000000 -0.499999
v 7.613025 0.000000 0.000002
v 7.513024 8.850002 0.000002
v 8.500001 8.570889 -0.499999
v 7.613025 8.570889 -0.499999
v 7.613025 8.570889 0.000002
v 8.500001 8.850002 -0.599999
v 7.513024 9.820529 0.000002
v 7.513024 9.820529 -0.599999
v 7.613025 0.000000 0.500002
v 7.513024 8.850002 0.600002
v 8.500001 0.000000 0.500002
v 8.500001 8.570889 0.500002
v 7.613025 8.570889 0.500002
v 8.500001 8.850002 0.600002
v 7.513024 9.820529 0.600002
v -0.316625 11.300001 -0.000002
v -0.316625 11.800001 -0.000002
v -0.316625 11.300001 -17.500004
v -0.316625 11.800001 -17.500004
v 0.316625 11.300001 -0.000002
v 0.316625 11.800001 -0.000002
v 0.316625 11.300001 -17.500004
v 0.316625 11.800001 -17.500004
v -7.513023 9.271542 6.000000
v -7.513023 9.271542 5.291027
v -7.513023 9.820528 6.000000
v -7.513023 9.820528 5.291027
v 0.000001 11.251016 5.291027
v 0.000001 11.251016 6.000000
v 0.000001 11.800002 6.000000
v 0.000001 11.800002 5.291027
v -5.500000 11.251016 5.291027
v -5.500000 11.800002 6.000000
v -5.500000 11.251016 6.000000
v -5.500000 11.800002 5.291027
v -2.500000 11.251016 6.000000
v -2.500000 11.800002 5.291027
v -2.500000 11.251016 5.291027
v -2.500000 11.800002 6.000000
v -7.513023 9.271542 5.645514
v 0.000001 11.251016 5.645514
v -5.500000 11.251016 5.645514
v -2.500000 11.251016 5.645514
v 7.513025 9.271542 6.000000
v 7.513025 9.271542 5.291027
v 7.513025 9.820528 6.000000
v 7.513025 9.820528 5.291027
v 5.500001 11.251016 5.291027
v 5.500001 11.800002 6.000000
v 5.500001 11.251016 6.000000
v 5.500001 11.800002 5.291027
v 2.500001 11.251016 6.000000
v 2.500001 11.800002 5.291027
v 2.500001 11.251016 5.291027
v 2.500001 11.800002 6.000000
v 7.513025 9.271542 5.645514
v 5.500001 11.251016 5.645514
v 2.500001 11.251016 5.645514
v -7.613024 0.000000 5.145515
v -7.513023 8.850001 5.045515
v -8.500000 0.000000 5.145515
v -7.613024 0.000000 5.645515
v -7.513023 8.850001 5.645515
v -8.500000 8.570889 5.145515
v -7.613024 8.570889 5.145515
v -7.613024 8.570889 5.645515
v -8.500000 8.850001 5.045515
v -7.513023 9.820528 5.645515
v -7.513023 9.820528 5.045515
v -7.613024 0.000000 6.145515
v -7.513023 8.850001 6.245516
v -8.500000 0.000000 6.145515
v -8.500000 8.570889 6.145515
v -7.613024 8.570889 6.145515
v -8.500000 8.850001 6.245516
v -7.513023 9.820528 6.245516
v 7.613025 0.000000 5.145516
v 7.513024 8.850002 5.045516
v 8.500001 0.000000 5.145516
v 7.613025 0.000000 5.645517
v 7.513024 8.850002 5.645517
v 8.500001 8.570889 5.145516
v 7.613025 8.570889 5.145516
v 7.613025 8.570889 5.645517
v 8.500001 8.850002 5.045516
v 7.513024 9.820529 5.645517
v 7.513024 9.820529 5.045516
v 7.613025 0.000000 6.145517
v 7.513024 8.850002 6.245518
v 8.500001 0.000000 6.145517
v 8.500001 8.570889 6.145517
v 7.613025 8.570889 6.145517
v 8.500001 8.850002 6.245518
v 7.513024 9.820529 6.245518
v -7.513023 9.271542 12.000000
v -7.513023 9.271542 11.291027
v -7.513023 9.820528 12.000000
v -7.513023 9.820528 11.291027
v 0.000001 11.251016 11.291027
v 0.000001 11.251016 12.000000
v 0.000001 11.800002 12.000000
v 0.000001 11.800002 11.291027
v -5.500000 11.251016 11.291027
v -5.500000 11.800002 12.000000
v -5.500000 11.251016 12.000000
v -5.500000 11.800002 11.291027
v -2.500000 11.251016 12.000000
v -2.500000 11.800002 11.291027
v -2.500000 11.251016 11.291027
v -2.500000 11.800002 12.000000
v -7.513023 9.271542 11.645514
v 0.000001 11.251016 11.645514
v -5.500000 11.251016 11.645514
v -2.500000 11.251016 11.645514
v 7.513025 9.271542 12.000000
v 7.513025 9.271542 11.291027
v 7.513025 9.820528 12.000000
v 7.513025 9.820528 11.291027
v 5.500001 11.251016 11.291027
v 5.500001 11.800002 12.000000
v 5.500001 11.251016 12.000000
v 5.500001 11.800002 11.291027
v 2.500001 11.251016 12.000000
v 2.500001 11.800002 11.291027
v 2.500001 11.251016 11.291027
v 2.500001 11.800002 12.000000
v 7.513025 9.271542 11.645514
v 5.500001 11.251016 11.645514
v 2.500001 11.251016 11.645514
v -7.613024 0.000000 11.145515
v -7.513023 8.850001 11.045515
v -8.500000 0.000000 11.145515
v -7.613024 0.000000 11.645515
v -7.513023 8.850001 11.645515
v -8.500000 8.570889 11.145515
v -7.613024 8.570889 11.145515
v -7.613024 8.570889 11.645515
v -8.500000 8.850001 11.045515
v -7.513023 9.820528 11.645515
v -7.513023 9.820528 11.045515
v -7.613024 0.000000 12.145515
v -7.513023 8.850001 12.245516
v -8.500000 0.000000 12.145515
v -8.500000 8.570889 12.145515
v -7.613024 8.570889 12.145515
v -8.500000 8.850001 12.245516
v -7.513023 9.820528 12.245516
v 7.613025 0.000000 11.145516
v 7.513024 8.850002 11.045516
v 8.500001 0.000000 11.145516
v 7.613025 0.000000 11.645517
v 7.513024 8.850002 11.645517
v 8.500001 8.570889 11.145516
v 7.613025 8.570889 11.145516
v 7.613025 8.570889 11.645517
v 8.500001 8.850002 11.045516
v 7.513024 9.820529 11.645517
v 7.513024 9.820529 11.045516
v 7.613025 0.000000 12.145517
v 7.513024 8.850002 12.245518
v 8.500001 0.000000 12.145517
v 8.500001 8.570889 12.145517
v 7.613025 8.570889 12.145517
v 8.500001 8.850002 12.245518
v 7.513024 9.820529 12.245518
v -7.513023 9.271542 -11.291027
v -7.513023 9.271542 -12.000000
v -7.513023 9.820528 -11.291027
v -7.513023 9.820528 -12.000000
v 0.000001 11.251016 -12.000000
v 0.000001 11.251016 -11.291027
v 0.000001 11.800002 -11.291027
v 0.000001 11.800002 -12.000000
v -5.500000 11.251016 -12.000000
v -5.500000 11.800002 -11.291027
v -5.500000 11.251016 -11.291027
v -5.500000 11.800002 -12.000000
v -2.500000 11.251016 -11.291027
v -2.500000 11.800002 -12.000000
v -2.500000 11.251016 -12.000000
v -2.500000 11.800002 -11.291027
v -7.513023 9.271542 -11.645514
v 0.000001 11.251016 -11.645514
v -5.500000 11.251016 -11.645514
v -2.500000 11.251016 -11.645514
v 7.513025 9.271542 -11.291027
v 7.513025 9.271542 -12.000000
v 7.513025 9.820528 -11.291027
v 7.513025 9.820528 -12.000000
v 5.500001 11.251016 -12.000000
v 5.500001 11.800002 -11.291027
v 5.500001 11.251016 -11.291027
v 5.500001 11.800002 -12.000000
v 2.500001 11.251016 -11.291027
v 2.500001 11.800002 -12.000000
v 2.500001 11.251016 -12.000000
v 2.500001 11.800002 -11.291027
v 7.513025 9.271542 -11.645514
v 5.500001 11.251016 -11.645514
v 2.500001 11.251016 -11.645514
v -7.613024 0.000000 -12.145512
v -7.513023 8.850001 -12.245512
v -8.500000 0.000000 -12.145512
v -7.613024 0.000000 -11.645512
v -7.513023 8.850001 -11.645512
v -8.500000 8.570889 -12.145512
v -7.613024 8.570889 -12.145512
v -7.613024 8.570889 -11.645512
v -8.500000 8.850001 -12.245512
v -7.513023 9.820528 -11.645512
v -7.513023 9.820528 -12.245512
v -7.613024 0.000000 -11.145512
v -7.513023 8.850001 -11.045511
v -8.500000 0.000000 -11.145512
v -8.500000 8.570889 -11.145512
v -7.613024 8.570889 -11.145512
v -8.500000 8.850001 -11.045511
v -7.513023 9.820528 -11.045511
v 7.613025 0.000000 -12.145511
v 7.513024 8.850002 -12.245511
v 8.500001 0.000000 -12.145511
v 7.613025 0.000000 -11.645510
v 7.513024 8.850002 -11.645510
v 8.500001 8.570889 -12.145511
v 7.613025 8.570889 -12.145511
v 7.613025 8.570889 -11.645510
v 8.500001 8.850002 -12.245511
v 7.513024 9.820529 -11.645510
v 7.513024 9.820529 -12.245511
v 7.613025 0.000000 -11.145510
v 7.513024 8.850002 -11.045509
v 8.500001 0.000000 -11.145510
v 8.500001 8.570889 -11.145510
v 7.613025 8.570889 -11.145510
v 8.500001 8.850002 -11.045509
v 7.513024 9.820529 -11.045509
v -7.513023 9.271542 -5.291027
v -7.513023 9.271542 -6.000000
v -7.513023 9.820528 -5.291027
v -7.513023 9.820528 -6.000000
v 0.000001 11.251016 -6.000000
v 0.000001 11.251016 -5.291027
v 0.000001 11.800002 -5.291027
v 0.000001 11.800002 -6.000000
v -5.500000 11.251016 -6.000000
v -5.500000 11.800002 -5.291027
v -5.500000 11.251016 -5.291027
v -5.500000 11.800002 -6.000000
v -2.500000 11.251016 -5.291027
v -2.500000 11.800002 -6.000000
v -2.500000 11.251016 -6.000000
v -2.500000 11.800002 -5.291027
v -7.513023 9.271542 -5.645514
v 0.000001 11.251016 -5.645514
v -5.500000 11.251016 -5.645514
v -2.500000 11.251016 -5.645514
v 7.513025 9.271542 -5.291027
v 7.513025 9.271542 -6.000000
v 7.513025 9.820528 -5.291027
v 7.513025 9.820528 -6.000000
v 5.500001 11.251016 -6.000000
v 5.500001 11.800002 -5.291027
v 5.500001 11.251016 -5.291027
v 5.500001 11.800002 -6.000000
v 2.500001 11.251016 -5.291027
v 2.500001 11.800002 -6.000000
v 2.500001 11.251016 -6.000000
v 2.500001 11.800002 -5.291027
v 7.513025 9.271542 -5.645514
v 5.500001 11.251016 -5.645514
v 2.500001 11.251016 -5.645514
v -7.613024 0.000000 -6.145512
v -7.513023 8.850001 -6.245512
v -8.500000 0.000000 -6.145512
v -7.613024 0.000000 -5.645512
v -7.513023 8.850001 -5.645512
v -8.500000 8.570889 -6.145512
v -7.613024 8.570889 -6.145512
v -7.613024 8.570889 -5.645512
v -8.500000 8.850001 -6.245512
v -7.513023 9.820528 -5.645512
v -7.513023 9.820528 -6.245512
v -7.613024 0.000000 -5.145512
v -7.513023 8.850001 -5.045511
v -8.500000 0.000000 -5.145512
v -8.500000 8.570889 -5.145512
v -7.613024 8.570889 -5.145512
v -8.500000 8.850001 -5.045511
v -7.513023 9.820528 -5.045511
v 7.613025 0.000000 -6.145511
v 7.513024 8.850002 -6.245511
v 8.500001 0.000000 -6.145511
v 7.613025 0.000000 -5.645510
v 7.513024 8.850002 -5.645510
v 8.500001 8.570889 -6.145511
v 7.613025 8.570889 -6.145511
v 7.613025 8.570889 -5.645510
v 8.500001 8.850002 -6.245511
v 7.513024 9.820529 -5.645510
v 7.513024 9.820529 -6.245511
v 7.613025 0.000000 -5.145510
v 7.513024 8.850002 -5.045509
v 8.500001 0.000000 -5.145510
v 8.500001 8.570889 -5.145510
v 7.613025 8.570889 -5.145510
v 8.500001 8.850002 -5.045509
v 7.513024 9.820529 -5.045509
v -7.513023 9.271542 -17.145512
v -7.513023 9.820528 -17.145512
v 0.000001 11.251017 -17.145512
v 0.000001 11.800003 -17.145512
v -5.500000 11.251016 -17.145512
v -5.500000 11.800002 -17.145512
v -2.500000 11.800003 -17.145512
v -2.500000 11.251017 -17.145512
v -7.513023 9.271542 -17.499998
v 0.000001 11.251017 -17.499998
v -5.500000 11.251016 -17.499998
v -2.500000 11.251017 -17.499998
v 7.513025 9.271542 -17.145512
v 7.513025 9.820528 -17.145512
v 5.500001 11.251016 -17.145512
v 5.500001 11.800002 -17.145512
v 2.500001 11.800003 -17.145512
v 2.500001 11.251017 -17.145512
v 7.513025 9.271542 -17.499998
v 5.500001 11.251016 -17.499998
v 2.500001 11.251017 -17.499998
v -7.613024 0.000000 -16.999996
v -7.513023 8.850001 -16.899996
v -8.500000 0.000000 -16.999996
v -7.613024 0.000000 -17.499996
v -7.513023 8.850001 -17.499996
v -8.500000 8.570889 -16.999996
v -7.613024 8.570889 -16.999996
v -7.613024 8.570889 -17.499996
v -8.500000 8.850001 -16.899996
v -7.513023 9.820528 -17.499996
v -7.513023 9.820528 -16.899996
v 7.613025 0.000000 -17.000000
v 7.513024 8.850002 -16.900000
v 8.500001 0.000000 -17.000000
v 7.613025 0.000000 -17.500000
v 7.513024 8.850002 -17.500000
v 8.500001 8.570889 -17.000000
v 7.613025 8.570889 -17.000000
v 7.613025 8.570889 -17.500000
v 8.500001 8.850002 -16.900000
v 7.513024 9.820529 -17.500000
v 7.513024 9.820529 -16.900000
v -0.000000 5.212625 17.573490
v -2.000000 0.000000 17.573490
v -2.000000 4.412624 17.573490
v -0.786965 5.212625 17.573490
v -1.639201 4.859329 17.573490
v -0.000000 5.212626 18.100000
v -0.000000 6.000002 18.100000
v -2.000000 0.000000 18.000000
v -2.500002 0.000000 18.000000
v -2.500002 5.000000 18.000000
v -2.000000 4.412625 18.000000
v -1.853554 5.646447 18.100000
v -0.786235 5.212625 18.100000
v -1.639717 4.858814 18.100000
v -0.826802 6.000002 18.100000
v 2.000000 0.000000 17.573490
v 2.000000 4.412625 17.573490
v 0.786964 5.212626 17.573490
v 1.639200 4.859330 17.573490
v 2.000000 0.000000 18.000000
v 2.500001 0.000000 18.000000
v 2.500001 5.000001 18.000000
v 2.000000 4.412625 18.000000
v 1.853553 5.646448 18.100000
v 0.786235 5.212626 18.100000
v 1.639717 4.858814 18.100000
v 0.826801 6.000003 18.100000
v -0.000001 5.212626 16.900000
v -0.000001 6.000003 16.900000
v -2.000001 0.000000 17.000000
v -2.500003 0.000000 17.000000
v -2.500003 5.000001 17.000000
v -2.000001 4.412625 17.000000
v -1.853555 5.646448 16.900000
v -0.786236 5.212626 16.900000
v -1.639718 4.858814 16.900000
v -0.826802 6.000003 16.900000
v -0.253548 5.283413 16.784615
v -0.454065 6.000004 16.784615
v -0.304622 5.212626 16.900000
v -0.545529 6.000004 16.900000
v -0.454065 5.713371 16.784615
v -0.545529 5.725776 16.900000
v -0.000001 5.283413 16.784615
v -0.000001 6.000004 16.784615
v -0.000001 5.212626 16.900000
v -0.000001 5.713371 16.784615
v 2.000000 0.000000 17.000000
v 2.500001 0.000000 17.000000
v 2.500001 5.000001 17.000000
v 2.000000 4.412626 17.000000
v 1.853553 5.646448 16.900000
v 0.786234 5.212626 16.900000
v 1.639716 4.858815 16.900000
v 0.826801 6.000004 16.900000
v 0.253546 5.283414 16.784615
v 0.454063 6.000005 16.784615
v 0.304620 5.212626 16.900000
v 0.545527 6.000005 16.900000
v 0.454063 5.713371 16.784615
v 0.545527 5.725776 16.900000
v -2.000000 0.500000 17.573490
v -2.500002 0.500000 18.000000
v -2.000000 0.500000 18.000000
v -2.500003 0.500000 17.000000
v -2.000001 0.500000 17.000000
v 2.000000 0.500000 17.573490
v 2.500001 0.500000 18.000000
v 2.000000 0.500000 18.000000
v 2.500001 0.500000 17.000000
v 2.000000 0.500000 17.000000
v -0.000001 6.000003 17.473490
v -2.500003 5.000001 17.573490
v -1.853555 5.646448 17.473490
v -0.826802 6.000003 17.473490
v 2.500001 5.000001 17.573490
v 1.853553 5.646448 17.473490
v 0.826801 6.000004 17.473490
v -2.500003 0.500000 17.573490
v 2.500001 0.500000 17.573490
v 3.000000 0.200000 17.200001
v 3.000000 0.000000 17.000000
v 3.000000 0.200000 17.573490
v -3.000000 0.200000 17.200001
v -3.000000 0.000000 17.000000
v -3.000000 0.200000 17.573490
v -0.000000 5.212624 -17.573484
v -2.000000 -0.000000 -17.573484
v -2.000000 4.412624 -17.573484
v -0.786965 5.212624 -17.573484
v -1.639201 4.859329 -17.573484
v -0.000000 5.212625 -18.099997
v -0.000000 6.000001 -18.099997
v -2.000000 -0.000000 -17.999994
v -2.500002 -0.000000 -17.999994
v -2.500002 5.000000 -17.999994
v -2.000000 4.412624 -17.999994
v -1.853554 5.646447 -18.099997
v -0.786235 5.212625 -18.099997
v -1.639717 4.858813 -18.099997
v -0.826802 6.000001 -18.099997
v 2.000000 -0.000000 -17.573484
v 2.000000 4.412625 -17.573484
v 0.786964 5.212625 -17.573484
v 1.639200 4.859330 -17.573484
v 2.000000 -0.000000 -17.999994
v 2.500001 -0.000000 -17.999994
v 2.500001 5.000000 -17.999994
v 2.000000 4.412625 -17.999994
v 1.853553 5.646447 -18.099997
v 0.786235 5.212625 -18.099997
v 1.639717 4.858814 -18.099997
v 0.826801 6.000002 -18.099997
v -0.000001 5.212626 -16.899996
v -0.000001 6.000002 -16.899996
v -2.000001 -0.000000 -16.999998
v -2.500003 -0.000000 -16.999998
v -2.500003 5.000000 -16.999998
v -2.000001 4.412625 -16.999998
v -1.853555 5.646447 -16.899996
v -0.786236 5.212625 -16.899996
v -1.639718 4.858814 -16.899996
v -0.826802 6.000002 -16.899996
v -0.253548 5.283413 -16.784613
v -0.454065 6.000003 -16.784613
v -0.304622 5.212625 -16.899996
v -0.545529 6.000003 -16.899996
v -0.454065 5.713370 -16.784613
v -0.545529 5.725775 -16.899996
v -0.000001 5.283413 -16.784613
v -0.000001 6.000004 -16.784613
v -0.000001 5.212626 -16.899996
v -0.000001 5.713370 -16.784613
v 2.000000 -0.000000 -16.999998
v 2.500001 -0.000000 -16.999998
v 2.500001 5.000001 -16.999998
v 2.000000 4.412625 -16.999998
v 1.853553 5.646448 -16.899996
v 0.786234 5.212626 -16.899996
v 1.639716 4.858814 -16.899996
v 0.826801 6.000003 -16.899996
v 0.253546 5.283413 -16.784613
v 0.454063 6.000004 -16.784613
v 0.304620 5.212626 -16.899996
v 0.545527 6.000004 -16.899996
v 0.454063 5.713371 -16.784613
v 0.545527 5.725776 -16.899996
v -2.000000 0.500000 -17.573484
v -2.500002 0.500000 -17.999994
v -2.000000 0.500000 -17.999994
v -2.500003 0.500000 -16.999998
v -2.000001 0.500000 -16.999998
v 2.000000 0.500000 -17.573484
v 2.500001 0.500000 -17.999994
v 2.000000 0.500000 -17.999994
v 2.500001 0.500000 -16.999998
v 2.000000 0.500000 -16.999998
v -0.000001 6.000002 -17.473486
v -2.500003 5.000000 -17.573484
v -1.853555 5.646447 -17.473486
v -0.826802 6.000002 -17.473486
v 2.500001 5.000001 -17.573484
v 1.853553 5.646448 -17.473486
v 0.826801 6.000003 -17.473486
v -2.500003 0.500000 -17.573484
v 2.500001 0.500000 -17.573484
v 3.000000 0.200000 -17.199995
v 3.000000 -0.000000 -16.999998
v 3.000000 0.200000 -17.573484
v -3.000000 0.200000 -17.199995
v -3.000000 -0.000000 -16.999998
v -3.000000 0.200000 -17.573484
vn -0.0000 1.0000 -0.0000
vn -0.3827 0.9239 -0.0000
vn -0.3002 0.9054 -0.3002
vn -0.1101 0.9878 -0.1101
vn -0.0000 0.9239 -0.3827
vn 0.3827 0.9239 -0.0000
vn 0.3002 0.9054 -0.3002
vn 0.1101 0.9878 -0.1101
vn -0.3002 0.9054 0.3002
vn -0.1101 0.9878 0.1101
vn -0.0000 0.9239 0.3827
vn 0.3002 0.9054 0.3002
vn 0.1101 0.9878 0.1101
vn -0.0000 -0.0000 -1.0000
vn -0.0000 -0.7071 -0.7071
vn 0.7166 -0.3003 -0.6296
vn -0.0000 -1.0000 -0.0000
vn 0.3788 -0.9255 -0.0000
vn 0.9223 -0.3866 -0.0000
vn 1.0000 -0.0000 -0.0000
vn 0.2939 -0.7180 -0.6310
vn -0.3788 -0.9255 -0.0000
vn -0.9223 -0.3866 -0.0000
vn -1.0000 -0.0000 -0.0000
vn -0.2939 -0.7180 -0.6310
vn -0.7166 -0.3003 -0.6296
vn -0.0000 0.2298 -0.9732
vn -0.7071 -0.0000 -0.7071
vn 0.6809 0.2695 -0.6809
vn 0.7071 -0.0000 -0.7071
vn 0.9732 0.2298 -0.0000
vn 0.6619 0.3517 -0.6619
vn -0.9732 0.2298 -0.0000
vn -0.6288 0.2943 -0.7197
vn -0.9665 0.2568 -0.0000
vn -0.0000 -0.0000 1.0000
vn -0.0000 -0.7071 0.7071
vn 0.7166 -0.3003 0.6296
vn 0.2939 -0.7180 0.6310
vn -0.2939 -0.7180 0.6310
vn -0.7166 -0.3003 0.6296
vn -0.0000 0.2297 0.9732
vn -0.7071 -0.0000 0.7071
vn -0.0000 0.2298 0.9732
vn 0.6809 0.2695 0.6809
vn 0.7071 -0.0000 0.7071
vn 0.6619 0.3517 0.6619
vn -0.6288 0.2943 0.7197
vn -0.7071 -0.7071 -0.0000
vn 0.7071 -0.7071 -0.0000
vn 0.6258 -0.6364 -0.4510
vn 0.2257 -0.5515 -0.8031
vn 0.7011 -0.7130 -0.0000
vn 0.6258 -0.6364 0.4510
vn 0.2257 -0.5515 0.8031
vn -0.6258 -0.6364 -0.4510
vn -0.2257 -0.5515 -0.8031
vn -0.7011 -0.7130 -0.0000
vn -0.6258 -0.6364 0.4510
vn -0.2257 -0.5515 0.8031
vn 0.6911 -0.2117 -0.6911
vn 0.9852 -0.1712 -0.0000
vn -0.0000 -0.1712 -0.9852
vn 0.6827 -0.2602 -0.6827
vn -0.0000 -0.2286 -0.9735
vn 0.8925 -0.0000 -0.4510
vn 0.6911 -0.2117 0.6911
vn -0.0000 -0.1712 0.9852
vn 0.6827 -0.2602 0.6827
vn -0.0000 -0.2286 0.9735
vn 0.8925 -0.0000 0.4510
vn -0.6911 -0.2116 -0.6911
vn -0.9852 -0.1712 -0.0000
vn -0.6827 -0.2602 -0.6827
vn -0.8925 -0.0000 -0.4510
vn -0.6911 -0.2117 -0.6911
vn -0.6911 -0.2117 0.6911
vn -0.6827 -0.2602 0.6827
vn -0.8925 -0.0000 0.4510
vn 0.9429 -0.3332 -0.0000
vn 0.1954 -0.9807 -0.0000
vn 0.5988 -0.8009 -0.0000
vn -0.0883 -0.0458 0.9950
vn 0.5679 -0.2447 0.7859
vn -0.0494 -0.0256 0.9985
vn 0.1282 -0.6446 0.7537
vn 0.3079 -0.5379 0.7848
vn -0.9429 -0.3332 -0.0000
vn -0.1954 -0.9807 -0.0000
vn -0.5988 -0.8009 -0.0000
vn 0.0883 -0.0458 0.9950
vn -0.5679 -0.2447 0.7859
vn 0.0494 -0.0256 0.9985
vn -0.1282 -0.6446 0.7537
vn -0.3079 -0.5379 0.7848
vn -0.0000 0.7071 -0.7071
vn -0.1349 0.1349 -0.9816
vn -0.7550 0.2749 -0.5954
vn 0.5679 -0.2447 -0.7859
vn -0.4194 0.6125 -0.6701
vn 0.1282 -0.6445 -0.7537
vn 0.3078 -0.5379 -0.7848
vn -0.1223 0.7306 -0.6718
vn -0.2891 -0.4733 -0.8321
vn -0.3411 0.6210 -0.7057
vn -0.4333 -0.6684 -0.6046
vn -0.6799 0.4974 -0.5389
vn -0.4822 -0.1249 -0.8671
vn -0.7834 -0.1525 -0.6025
vn -0.0000 -0.4884 -0.8726
vn -0.0000 -0.8524 -0.5229
vn 0.1349 0.1349 -0.9816
vn 0.7550 0.2749 -0.5954
vn -0.5679 -0.2447 -0.7859
vn 0.4194 0.6125 -0.6701
vn -0.1282 -0.6445 -0.7537
vn -0.3078 -0.5379 -0.7848
vn 0.1223 0.7306 -0.6718
vn 0.2891 -0.4733 -0.8321
vn 0.3411 0.6210 -0.7057
vn 0.4333 -0.6684 -0.6046
vn 0.6799 0.4974 -0.5389
vn 0.4822 -0.1249 -0.8671
vn 0.7834 -0.1525 -0.6025
vn -0.4977 0.2688 -0.8247
vn 0.4977 0.2688 -0.8247
vn -0.9295 0.3689 -0.0000
vn -0.5365 0.8439 -0.0000
vn -0.1651 0.9863 -0.0000
vn 0.9295 0.3689 -0.0000
vn 0.5365 0.8439 -0.0000
vn 0.1651 0.9863 -0.0000
vn -0.8702 0.4927 -0.0000
vn 0.8702 0.4927 -0.0000
vn 0.4807 0.7007 -0.5273
vn 0.2649 0.2649 -0.9272
vn 0.5145 0.8575 -0.0000
vn -0.4807 0.7007 -0.5273
vn -0.2649 0.2649 -0.9272
vn -0.5145 0.8575 -0.0000
vn -0.0883 -0.0458 -0.9950
vn -0.0494 -0.0256 -0.9985
vn 0.1282 -0.6446 -0.7537
vn 0.3079 -0.5379 -0.7848
vn 0.0883 -0.0458 -0.9950
vn 0.0494 -0.0256 -0.9985
vn -0.1282 -0.6446 -0.7537
vn -0.3079 -0.5379 -0.7848
vn -0.0000 0.7071 0.7071
vn -0.1349 0.1349 0.9816
vn -0.7550 0.2749 0.5954
vn -0.4194 0.6125 0.6701
vn 0.1282 -0.6445 0.7537
vn 0.3078 -0.5379 0.7848
vn -0.1223 0.7306 0.6718
vn -0.2891 -0.4733 0.8321
vn -0.3411 0.6210 0.7057
vn -0.4333 -0.6684 0.6046
vn -0.6798 0.4974 0.5389
vn -0.4822 -0.1249 0.8671
vn -0.7834 -0.1525 0.6025
vn -0.0000 -0.4884 0.8726
vn -0.0000 -0.8524 0.5229
vn 0.1349 0.1349 0.9816
vn 0.7550 0.2749 0.5954
vn 0.4194 0.6125 0.6701
vn -0.1282 -0.6445 0.7537
vn -0.3078 -0.5379 0.7848
vn 0.1223 0.7306 0.6718
vn 0.2891 -0.4733 0.8321
vn 0.3411 0.6210 0.7057
vn 0.4333 -0.6684 0.6046
vn 0.6798 0.4974 0.5389
vn 0.4822 -0.1249 0.8671
vn 0.7834 -0.1525 0.6025
vn -0.4977 0.2688 0.8247
vn 0.4977 0.2688 0.8247
vn 0.4807 0.7007 0.5273
vn 0.2649 0.2649 0.9272
vn -0.4807 0.7007 0.5273
vn -0.2649 0.2649 0.9272
vt 0.250000 0.750000
vt 0.250000 1.000000
vt 0.041667 1.000000
vt 0.041667 0.750000
vt 0.000000 0.625000
vt 0.000000 0.750000
vt 0.033333 0.750000
vt 0.033333 0.625000
vt 0.041667 0.750000
vt 0.041667 0.625000
vt 0.033333 0.641667
vt 0.041667 0.645833
vt 0.250000 0.791667
vt 0.250000 0.791667
vt 0.041667 0.791667
vt 0.250000 1.000000
vt 0.033333 0.733333
vt 0.041667 0.729167
vt 0.000000 1.000000
vt 0.041667 1.000000
vt 0.033333 0.641667
vt 0.041667 0.645833
vt 0.041667 0.791667
vt 0.041667 0.791667
vt 0.250000 0.791667
vt 0.000000 0.750000
vt 0.208333 0.750000
vt 0.208333 1.000000
vt 0.000000 1.000000
vt 0.000000 0.791667
vt 0.000000 0.791667
vt 0.000000 1.000000
vt 0.208333 0.791667
vt 0.250000 0.750000
vt 0.250000 1.000000
vt 0.208333 0.791667
vt 0.208333 0.791667
vt 0.000000 0.791667
vt 0.375325 0.999164
vt 0.457240 0.752282
vt 0.498197 0.752282
vt 0.498197 0.999164
vt 0.272932 0.875723
vt 0.272932 0.752282
vt 0.395804 0.999164
vt 0.252453 0.999164
vt 0.252453 0.752282
vt 0.477718 0.752282
vt 0.477718 0.875723
vt 0.354846 0.999164
vt 0.272932 0.875723
vt 0.272932 0.752282
vt 0.498197 0.875723
vt 0.272932 0.744156
vt 0.272932 0.620715
vt 0.498197 0.620715
vt 0.498197 0.744156
vt 0.489928 0.750474
vt 0.280013 0.750474
vt 0.280013 0.612863
vt 0.489928 0.612863
vt 0.280013 0.510096
vt 0.489928 0.510096
vt 0.252453 0.875723
vt 0.252453 0.744156
vt 0.252453 0.620715
vt 0.260929 0.750474
vt 0.260929 0.612863
vt 0.260929 0.510096
vt 0.260929 0.750474
vt 0.256629 0.520289
vt 0.256629 0.639992
vt 0.476085 0.639992
vt 0.476085 0.520289
vt 0.256629 0.739745
vt 0.476085 0.739745
vt 0.256629 0.520289
vt 0.256629 0.639992
vt 0.496036 0.639992
vt 0.496036 0.520289
vt 0.256629 0.739745
vt 0.496036 0.739745
vt 0.496036 0.639992
vt 0.496036 0.739745
vt 0.293410 0.752282
vt 0.375325 0.752282
vt 0.272932 0.774104
vt 0.272932 0.764785
vt 0.498197 0.764785
vt 0.498197 0.774104
vt 0.498197 0.970515
vt 0.272932 0.999164
vt 0.272932 0.970515
vt 0.498197 0.937173
vt 0.272932 0.937173
vt 0.498197 0.955791
vt 0.272932 0.955791
vt 0.477718 0.970515
vt 0.477718 0.999164
vt 0.252453 0.970515
vt 0.473622 0.752282
vt 0.473622 0.764785
vt 0.252453 0.764785
vt 0.252453 0.774104
vt 0.477718 0.774104
vt 0.477718 0.955791
vt 0.252453 0.955791
vt 0.477718 0.937173
vt 0.252453 0.937173
vt 0.293410 0.970515
vt 0.293410 0.999164
vt 0.252453 0.970516
vt 0.293410 0.752282
vt 0.293410 0.764785
vt 0.457240 0.774104
vt 0.457240 0.764785
vt 0.457240 0.970515
vt 0.457240 0.999164
vt 0.375325 0.970515
vt 0.293410 0.774104
vt 0.457240 0.937173
vt 0.293410 0.937173
vt 0.252453 0.937173
vt 0.498197 0.955791
vt 0.457240 0.955791
vt 0.293410 0.955791
vt 0.252453 0.955791
vt 0.272932 0.774104
vt 0.277027 0.764785
vt 0.277027 0.752282
vt 0.272932 0.999164
vt 0.272932 0.970515
vt 0.272932 0.955791
vt 0.498197 0.937173
vt 0.272932 0.937173
vt 0.498197 0.955791
vt 0.272932 0.955791
vt 0.252453 0.955791
vt 0.115312 0.502681
vt 0.121347 0.502681
vt 0.121347 0.648220
vt 0.115312 0.648220
vt 0.091170 0.648220
vt 0.085134 0.648220
vt 0.085134 0.502681
vt 0.091170 0.502681
vt 0.164884 0.575367
vt 0.245926 0.575367
vt 0.002378 0.575367
vt 0.067634 0.575367
vt 0.164884 0.563875
vt 0.067634 0.563875
vt 0.002378 0.563875
vt 0.245926 0.563875
vt 0.067634 0.552384
vt 0.002378 0.552384
vt 0.245926 0.552384
vt 0.164884 0.552384
vt 0.084272 0.673426
vt 0.114659 0.673426
vt 0.120737 0.685581
vt 0.084272 0.685581
vt 0.090400 0.673325
vt 0.102656 0.673325
vt 0.102656 0.685581
vt 0.043628 0.500039
vt 0.022500 0.500039
vt 0.022500 0.749961
vt 0.043628 0.749961
vt 0.070838 0.500039
vt 0.070838 0.749961
vt 0.084272 0.701427
vt 0.120737 0.701296
vt 0.084272 0.701296
vt 0.054647 0.555097
vt 0.067053 0.555097
vt 0.067124 0.577081
vt 0.054727 0.577075
vt 0.066632 0.503064
vt 0.054169 0.503102
vt 0.005124 0.746434
vt 0.005076 0.714100
vt 0.011819 0.714098
vt 0.011866 0.746432
vt 0.067217 0.606248
vt 0.067294 0.630120
vt 0.054919 0.630098
vt 0.054833 0.606233
vt 0.005069 0.693606
vt 0.015005 0.693626
vt 0.005064 0.664144
vt 0.014999 0.664121
vt 0.005064 0.639014
vt 0.014999 0.639014
vt 0.055192 0.705098
vt 0.055112 0.683121
vt 0.067464 0.683158
vt 0.067535 0.705142
vt 0.067956 0.745988
vt 0.055670 0.745906
vt 0.005124 0.504576
vt 0.011866 0.504579
vt 0.011819 0.563929
vt 0.005076 0.563927
vt 0.067371 0.653991
vt 0.055006 0.653962
vt 0.015005 0.584401
vt 0.005069 0.584421
vt 0.005064 0.613882
vt 0.014999 0.613906
vt 0.054169 0.503102
vt 0.103059 0.730441
vt 0.087760 0.730441
vt 0.087760 0.747378
vt 0.103059 0.747378
vt 0.084678 0.731174
vt 0.084678 0.747378
vt 0.094516 0.712010
vt 0.092795 0.707827
vt 0.103059 0.712010
vt 0.103059 0.707827
vt 0.067956 0.745988
vt 0.055670 0.745906
vt 0.118357 0.747378
vt 0.118357 0.730441
vt 0.121439 0.747378
vt 0.121439 0.731174
vt 0.111601 0.712010
vt 0.113322 0.707827
vt 0.005126 0.747970
vt 0.011869 0.747967
vt 0.066612 0.500593
vt 0.054146 0.500633
vt 0.005126 0.501758
vt 0.011869 0.501761
vt 0.067976 0.747927
vt 0.055693 0.747843
s 1
usemtl M_DungeonEnviro
f 4604/3251/1975 4605/3252/1975 4619/3253/1974 4617/3254/1974
f 4601/3255/1974 4606/3256/1974 4603/3257/1975 4602/3258/1975
f 4602/3258/1975 4603/3257/1975 4605/3259/1975 4604/3260/1975
f 4605/3251/1975 4608/3252/1975 4651/3253/1974 4619/3254/1974
f 4606/3255/1974 4607/3256/1974 4639/3257/1975 4603/3258/1975
f 4603/3258/1975 4639/3257/1975 4608/3259/1975 4605/3260/1975
f 4610/3261/1977 4600/3255/1974 4601/3256/1974 4602/3257/1975
f 4610/3261/1977 4602/3257/1975 4604/3259/1975 4609/3262/1976
f 4609/3263/1976 4604/3252/1975 4617/3253/1974
f 4613/3264/1978 4609/3265/1976 4617/3266/1974
f 4611/3255/1974 4600/3256/1974 4610/3267/1977 4612/3258/1978
f 4612/3258/1978 4610/3267/1977 4609/3268/1976 4613/3260/1978
f 4614/3256/1974 4615/3251/1974 4617/3252/1974 4616/3269/1974
f 4616/3256/1974 4617/3251/1974 4619/3252/1974 4618/3269/1974
f 4618/3256/1974 4619/3251/1974 4651/3252/1974 4658/3269/1974
f 4623/3254/1979 4616/3251/1974 4618/3252/1974 4624/3270/1979
f 4621/3255/1974 4622/3258/1979 4626/3257/1979 4625/3256/1974
f 4622/3258/1979 4623/3260/1979 4624/3259/1979 4626/3257/1979
f 4624/3254/1979 4618/3251/1974 4658/3252/1974 4660/3270/1979
f 4625/3255/1974 4626/3258/1979 4662/3257/1979 4661/3256/1974
f 4626/3258/1979 4624/3260/1979 4660/3259/1979 4662/3257/1979
f 4631/3271/1981 4622/3257/1979 4621/3256/1974 4620/3255/1974
f 4631/3271/1981 4630/3272/1980 4623/3259/1979 4622/3257/1979
f 4630/3273/1980 4616/3252/1974 4623/3270/1979
f 4631/3261/1981 4620/3255/1974 4627/3256/1974 4628/3257/1978
f 4631/3261/1981 4628/3257/1978 4629/3259/1978 4630/3262/1980
f 4630/3274/1980 4629/3275/1978 4616/3252/1974
f 4636/3276/1975 4648/3277/1974 4650/3278/1974 4637/3279/1975
f 4633/3255/1974 4634/3258/1975 4635/3257/1975 4638/3256/1974
f 4634/3258/1975 4636/3260/1975 4637/3259/1975 4635/3257/1975
f 4637/3276/1975 4650/3277/1974 4651/3278/1974 4608/3279/1975
f 4638/3255/1974 4635/3258/1975 4639/3257/1975 4607/3256/1974
f 4635/3258/1975 4637/3260/1975 4608/3259/1975 4639/3257/1975
f 4641/3261/1983 4634/3257/1975 4633/3256/1974 4632/3255/1974
f 4641/3261/1983 4640/3262/1982 4636/3259/1975 4634/3257/1975
f 4640/3280/1982 4648/3278/1974 4636/3279/1975
f 4644/3281/1984 4648/3282/1974 4640/3283/1982
f 4642/3255/1974 4643/3258/1984 4641/3267/1983 4632/3256/1974
f 4643/3258/1984 4644/3260/1984 4640/3268/1982 4641/3267/1983
f 4645/3284/1974 4647/3285/1974 4648/3279/1974 4646/3276/1974
f 4647/3284/1974 4649/3285/1974 4650/3279/1974 4648/3276/1974
f 4649/3284/1974 4658/3285/1974 4651/3279/1974 4650/3276/1974
f 4655/3277/1979 4656/3278/1979 4649/3279/1974 4647/3276/1974
f 4653/3255/1974 4657/3256/1974 4659/3257/1979 4654/3258/1979
f 4654/3258/1979 4659/3257/1979 4656/3259/1979 4655/3260/1979
f 4656/3277/1979 4660/3278/1979 4658/3279/1974 4649/3276/1974
f 4657/3255/1974 4661/3256/1974 4662/3257/1979 4659/3258/1979
f 4659/3258/1979 4662/3257/1979 4660/3259/1979 4656/3260/1979
f 4667/3271/1986 4652/3255/1974 4653/3256/1974 4654/3257/1979
f 4667/3271/1986 4654/3257/1979 4655/3259/1979 4666/3272/1985
f 4666/3286/1985 4655/3278/1979 4647/3279/1974
f 4667/3261/1986 4664/3257/1984 4663/3256/1974 4652/3255/1974
f 4667/3261/1986 4666/3262/1985 4665/3259/1984 4664/3257/1984
f 4666/3287/1985 4647/3279/1974 4665/3288/1984
f 4682/3289/1988 4693/3290/1987 4668/3291/1987 4669/3292/1988
f 4691/3293/1999 4743/3294/2001 4695/3291/1987 4670/3292/1988 4690/3295/1998
f 4669/3296/1988 4668/3297/1987 4733/3298/2003 4671/3299/1989 4681/3300/1994
f 4671/3301/1989 4733/3302/2003 4727/3291/1993 4675/3303/1992
f 4681/3304/1994 4671/3305/1989 4675/3306/1992 4674/3307/1991
f 4681/3308/1994 4674/3309/1991 4672/3310/1990 4669/3311/1988
f 4669/3311/1988 4672/3310/1990 4678/3312/1990 4682/3313/1988
f 4675/3314/1992 4727/3297/1993 4679/3291/1993 4680/3303/1992
f 4674/3315/1991 4675/3316/1992 4680/3306/1992 4673/3307/1991
f 4674/3308/1991 4673/3317/1991 4676/3318/1990 4672/3311/1990
f 4672/3311/1990 4676/3318/1990 4677/3319/1990 4678/3313/1990
f 4680/3314/1992 4679/3297/1993 4836/3291/1993 4776/3303/1992
f 4673/3315/1991 4680/3316/1992 4776/3306/1992 4778/3307/1991
f 4673/3308/1991 4778/3320/1991 4777/3318/1990 4676/3311/1990
f 4676/3311/1990 4777/3318/1990 4779/3319/1990 4677/3313/1990
f 4691/3301/1999 4686/3303/1996 4737/3291/1997 4743/3302/2001
f 4690/3304/1998 4685/3307/1995 4686/3306/1996 4691/3305/1999
f 4690/3321/1998 4670/3322/1988 4683/3323/1990 4685/3324/1995
f 4670/3322/1988 4682/3325/1988 4678/3326/1990 4683/3323/1990
f 4686/3314/1996 4689/3303/1996 4688/3291/1997 4737/3297/1997
f 4685/3315/1995 4684/3307/1995 4689/3306/1996 4686/3316/1996
f 4685/3327/1995 4683/3328/1990 4687/3329/1990 4684/3330/1995
f 4683/3328/1990 4678/3331/1990 4677/3332/1990 4687/3329/1990
f 4689/3314/1996 4789/3303/1996 4792/3291/1997 4688/3297/1997
f 4684/3315/1995 4791/3307/1995 4789/3306/1996 4689/3316/1996
f 4684/3321/1995 4687/3322/1990 4790/3333/1990 4791/3330/1995
f 4687/3322/1990 4677/3325/1990 4779/3334/1990 4790/3333/1990
f 4682/3289/1988 4694/3335/1987 4692/3336/1987
f 4682/3289/1988 4692/3336/1987 4693/3290/1987
f 4670/3296/1988 4695/3297/1987 4694/3335/1987 4682/3289/1988
f 4744/3337/2007 4700/3338/2000 4698/3339/2000 4696/3340/2000
f 4697/3291/1987 4698/3339/2000 4700/3338/2000 4699/3294/1987
f 4721/3341/1987 4695/3292/1987 4743/3342/2001 4702/3343/2001
f 4696/3340/2000 4701/3344/1987 4760/3345/2001 4744/3337/2007
f 4717/3346/1987 4721/3341/1987 4702/3343/2001 4757/3347/2001
f 4701/3344/1987 4717/3346/1987 4757/3347/2001 4760/3345/2001
f 4749/3348/2003 4733/3349/2003 4668/3296/1987 4722/3350/1987
f 4734/3351/2003 4735/3352/2005 4704/3353/2000 4703/3297/1987
f 4707/3354/2000 4704/3353/2000 4735/3352/2005 4705/3355/2002
f 4706/3356/2003 4749/3348/2003 4722/3350/1987 4718/3357/1987
f 4753/3358/2003 4706/3356/2003 4718/3357/1987 4714/3359/1987
f 4705/3355/2002 4753/3358/2003 4714/3359/1987 4707/3354/2000
f 4725/3360/1987 4694/3361/1987 4695/3296/1987 4721/3362/1987
f 4712/3363/1987 4713/3364/2000 4698/3353/2000 4697/3297/1987
f 4708/3365/2000 4710/3366/2000 4704/3339/2000 4707/3340/2000
f 4724/3367/1987 4693/3368/1987 4692/3289/1987 4723/3369/1987
f 4722/3341/1987 4668/3292/1987 4693/3368/1987 4724/3367/1987
f 4703/3291/1987 4704/3339/2000 4710/3366/2000 4709/3290/1987
f 4696/3354/2000 4698/3353/2000 4713/3364/2000 4711/3370/2000
f 4723/3369/1987 4692/3289/1987 4694/3361/1987 4725/3360/1987
f 4707/3340/2000 4714/3344/1987 4715/3371/1987 4708/3365/2000
f 4711/3370/2000 4716/3372/1987 4701/3373/1987 4696/3354/2000
f 4714/3344/1987 4718/3374/1987 4719/3375/1987 4715/3371/1987
f 4716/3372/1987 4720/3376/1987 4717/3377/1987 4701/3373/1987
f 4718/3374/1987 4722/3341/1987 4724/3367/1987 4719/3375/1987
f 4720/3376/1987 4725/3360/1987 4721/3362/1987 4717/3377/1987
f 4705/3378/2002 4735/3379/2005 4732/3339/2004 4729/3340/2004
f 4748/3341/1993 4679/3292/1993 4727/3296/1993 4747/3350/1993
f 4730/3291/1993 4731/3339/2004 4732/3353/2004 4726/3297/1993
f 4729/3354/2004 4732/3353/2004 4731/3339/2004 4728/3340/2004
f 4858/3341/1993 4836/3292/1993 4679/3296/1993 4748/3350/1993
f 4839/3291/1993 4838/3339/2004 4731/3353/2004 4730/3297/1993
f 4728/3354/2004 4731/3353/2004 4838/3339/2004 4837/3340/2004
f 4726/3291/1993 4732/3339/2004 4735/3379/2005 4734/3380/2003
f 4747/3341/1993 4727/3292/1993 4733/3381/2003 4749/3382/2003
f 4744/3378/2007 4739/3340/2006 4742/3339/2006 4746/3379/2008
f 4756/3341/1997 4755/3350/1997 4737/3296/1997 4688/3292/1997
f 4740/3291/1997 4736/3297/1997 4742/3353/2006 4741/3339/2006
f 4739/3354/2006 4738/3340/2006 4741/3339/2006 4742/3353/2006
f 4870/3341/1997 4756/3350/1997 4688/3296/1997 4792/3292/1997
f 4852/3291/1997 4740/3297/1997 4741/3353/2006 4851/3339/2006
f 4738/3354/2006 4850/3340/2006 4851/3339/2006 4741/3353/2006
f 4736/3291/1997 4745/3380/1997 4746/3379/2008 4742/3339/2006
f 4755/3341/1997 4702/3382/2001 4743/3381/2001 4737/3292/1997
f 4751/3346/1993 4747/3341/1993 4749/3382/2003 4706/3383/2003
f 4861/3346/1993 4858/3341/1993 4748/3350/1993 4750/3357/1993
f 4750/3346/1993 4748/3341/1993 4747/3350/1993 4751/3357/1993
f 4752/3384/1993 4750/3346/1993 4751/3357/1993 4754/3359/1993
f 4864/3384/1993 4861/3346/1993 4750/3357/1993 4752/3359/1993
f 4754/3384/1993 4751/3346/1993 4706/3383/2003 4753/3385/2003
f 4729/3340/2004 4754/3384/1993 4753/3385/2003 4705/3378/2002
f 4837/3340/2004 4864/3384/1993 4752/3359/1993 4728/3354/2004
f 4728/3340/2004 4752/3384/1993 4754/3359/1993 4729/3354/2004
f 4759/3386/1997 4757/3387/2001 4702/3382/2001 4755/3341/1997
f 4873/3346/1997 4758/3388/1997 4756/3350/1997 4870/3341/1997
f 4758/3346/1997 4759/3388/1997 4755/3350/1997 4756/3341/1997
f 4761/3384/1997 4762/3359/1997 4759/3388/1997 4758/3346/1997
f 4877/3384/1997 4761/3359/1997 4758/3388/1997 4873/3346/1997
f 4762/3384/1997 4760/3385/2001 4757/3387/2001 4759/3386/1997
f 4739/3340/2006 4744/3378/2007 4760/3385/2001 4762/3384/1997
f 4850/3340/2006 4738/3354/2006 4761/3359/1997 4877/3384/1997
f 4738/3340/2006 4739/3354/2006 4762/3359/1997 4761/3384/1997
f 4781/3289/2010 4764/3292/2010 4763/3291/2009 4796/3290/2009
f 4794/3293/2014 4793/3295/2013 4765/3292/2010 4798/3291/2009 4853/3294/2016
f 4764/3296/2010 4780/3300/2012 4766/3299/2011 4840/3298/2019 4763/3297/2009
f 4766/3301/2011 4770/3303/1992 4830/3291/1993 4840/3302/2019
f 4780/3304/2012 4769/3307/1991 4770/3306/1992 4766/3305/2011
f 4780/3308/2012 4764/3311/2010 4767/3310/1990 4769/3309/1991
f 4764/3311/2010 4781/3313/2010 4773/3312/1990 4767/3310/1990
f 4770/3314/1992 4775/3303/1992 4774/3291/1993 4830/3297/1993
f 4769/3315/1991 4768/3307/1991 4775/3306/1992 4770/3316/1992
f 4769/3308/1991 4767/3311/1990 4771/3318/1990 4768/3317/1991
f 4767/3311/1990 4773/3313/1990 4772/3319/1990 4771/3318/1990
f 4775/3314/1992 4776/3303/1992 4836/3291/1993 4774/3297/1993
f 4768/3315/1991 4778/3307/1991 4776/3306/1992 4775/3316/1992
f 4768/3308/1991 4771/3311/1990 4777/3318/1990 4778/3320/1991
f 4771/3311/1990 4772/3313/1990 4779/3319/1990 4777/3318/1990
f 4794/3301/2014 4853/3302/2016 4844/3291/1997 4785/3303/1996
f 4793/3304/2013 4794/3305/2014 4785/3306/1996 4784/3307/1995
f 4793/3321/2013 4784/3324/1995 4782/3323/1990 4765/3322/2010
f 4765/3322/2010 4782/3323/1990 4773/3326/1990 4781/3325/2010
f 4785/3314/1996 4844/3297/1997 4787/3291/1997 4788/3303/1996
f 4784/3315/1995 4785/3316/1996 4788/3306/1996 4783/3307/1995
f 4784/3327/1995 4783/3330/1995 4786/3329/1990 4782/3328/1990
f 4782/3328/1990 4786/3329/1990 4772/3332/1990 4773/3331/1990
f 4788/3314/1996 4787/3297/1997 4792/3291/1997 4789/3303/1996
f 4783/3315/1995 4788/3316/1996 4789/3306/1996 4791/3307/1995
f 4783/3321/1995 4791/3330/1995 4790/3333/1990 4786/3322/1990
f 4786/3322/1990 4790/3333/1990 4779/3334/1990 4772/3325/1990
f 4781/3289/2010 4795/3336/2009 4797/3335/2009
f 4781/3289/2010 4796/3290/2009 4795/3336/2009
f 4765/3296/2010 4781/3289/2010 4797/3335/2009 4798/3297/2009
f 4854/3337/2021 4799/3340/2015 4801/3339/2015 4803/3338/2015
f 4800/3291/2009 4802/3294/2009 4803/3338/2015 4801/3339/2015
f 4824/3341/2009 4805/3343/2016 4853/3342/2016 4798/3292/2009
f 4799/3340/2015 4854/3337/2021 4875/3345/2016 4804/3344/2009
f 4820/3346/2009 4871/3347/2016 4805/3343/2016 4824/3341/2009
f 4804/3344/2009 4875/3345/2016 4871/3347/2016 4820/3346/2009
f 4860/3348/2019 4825/3350/2009 4763/3296/2009 4840/3349/2019
f 4841/3351/2019 4806/3297/2009 4807/3353/2017 4842/3352/2020
f 4810/3354/2017 4808/3355/2018 4842/3352/2020 4807/3353/2017
f 4809/3356/2019 4821/3357/2009 4825/3350/2009 4860/3348/2019
f 4866/3358/2019 4817/3359/2009 4821/3357/2009 4809/3356/2019
f 4808/3355/2018 4810/3354/2017 4817/3359/2009 4866/3358/2019
f 4828/3360/2009 4824/3362/2009 4798/3296/2009 4797/3361/2009
f 4815/3363/2009 4800/3297/2009 4801/3353/2015 4816/3364/2017
f 4811/3365/2017 4810/3340/2017 4807/3339/2017 4813/3366/2017
f 4827/3367/2009 4826/3369/2009 4795/3289/2009 4796/3368/2009
f 4825/3341/2009 4827/3367/2009 4796/3368/2009 4763/3292/2009
f 4806/3291/2009 4812/3290/2009 4813/3366/2017 4807/3339/2017
f 4799/3354/2015 4814/3370/2017 4816/3364/2017 4801/3353/2015
f 4826/3369/2009 4828/3360/2009 4797/3361/2009 4795/3289/2009
f 4810/3340/2017 4811/3365/2017 4818/3371/2009 4817/3344/2009
f 4814/3370/2017 4799/3354/2015 4804/3373/2009 4819/3372/2009
f 4817/3344/2009 4818/3371/2009 4822/3375/2009 4821/3374/2009
f 4819/3372/2009 4804/3373/2009 4820/3377/2009 4823/3376/2009
f 4821/3374/2009 4822/3375/2009 4827/3367/2009 4825/3341/2009
f 4823/3376/2009 4820/3377/2009 4824/3362/2009 4828/3360/2009
f 4808/3378/2018 4832/3340/2004 4835/3339/2004 4842/3379/2020
f 4859/3341/1993 4857/3350/1993 4830/3296/1993 4774/3292/1993
f 4833/3291/1993 4829/3297/1993 4835/3353/2004 4834/3339/2004
f 4832/3354/2004 4831/3340/2004 4834/3339/2004 4835/3353/2004
f 4858/3341/1993 4859/3350/1993 4774/3296/1993 4836/3292/1993
f 4839/3291/1993 4833/3297/1993 4834/3353/2004 4838/3339/2004
f 4831/3354/2004 4837/3340/2004 4838/3339/2004 4834/3353/2004
f 4829/3291/1993 4841/3380/2019 4842/3379/2020 4835/3339/2004
f 4857/3341/1993 4860/3382/2019 4840/3381/2019 4830/3292/1993
f 4854/3378/2021 4856/3379/2008 4849/3339/2006 4846/3340/2006
f 4869/3341/1997 4787/3292/1997 4844/3296/1997 4868/3350/1997
f 4847/3291/1997 4848/3339/2006 4849/3353/2006 4843/3297/1997
f 4846/3354/2006 4849/3353/2006 4848/3339/2006 4845/3340/2006
f 4870/3341/1997 4792/3292/1997 4787/3296/1997 4869/3350/1997
f 4852/3291/1997 4851/3339/2006 4848/3353/2006 4847/3297/1997
f 4845/3354/2006 4848/3353/2006 4851/3339/2006 4850/3340/2006
f 4843/3291/1997 4849/3339/2006 4856/3379/2008 4855/3380/1997
f 4868/3341/1997 4844/3292/1997 4853/3381/2016 4805/3382/2016
f 4863/3346/1993 4809/3383/2019 4860/3382/2019 4857/3341/1993
f 4861/3346/1993 4862/3357/1993 4859/3350/1993 4858/3341/1993
f 4862/3346/1993 4863/3357/1993 4857/3350/1993 4859/3341/1993
f 4865/3384/1993 4867/3359/1993 4863/3357/1993 4862/3346/1993
f 4864/3384/1993 4865/3359/1993 4862/3357/1993 4861/3346/1993
f 4867/3384/1993 4866/3385/2019 4809/3383/2019 4863/3346/1993
f 4832/3340/2004 4808/3378/2018 4866/3385/2019 4867/3384/1993
f 4837/3340/2004 4831/3354/2004 4865/3359/1993 4864/3384/1993
f 4831/3340/2004 4832/3354/2004 4867/3359/1993 4865/3384/1993
f 4874/3386/1997 4868/3341/1997 4805/3382/2016 4871/3387/2016
f 4873/3346/1997 4870/3341/1997 4869/3350/1997 4872/3388/1997
f 4872/3346/1997 4869/3341/1997 4868/3350/1997 4874/3388/1997
f 4876/3384/1997 4872/3346/1997 4874/3388/1997 4878/3359/1997
f 4877/3384/1997 4873/3346/1997 4872/3388/1997 4876/3359/1997
f 4878/3384/1997 4874/3386/1997 4871/3387/2016 4875/3385/2016
f 4846/3340/2006 4878/3384/1997 4875/3385/2016 4854/3378/2021
f 4850/3340/2006 4877/3384/1997 4876/3359/1997 4845/3354/2006
f 4845/3340/2006 4876/3384/1997 4878/3359/1997 4846/3354/2006
f 4879/3389/2022 4880/3390/1997 4998/3391/1997 4997/3392/2022
f 5001/3393/2023 5002/3394/1993 4882/3395/1993 4881/3396/2023
f 4997/3392/2022 5001/3393/2023 4881/3396/2023 4879/3389/2022
f 4890/3397/1988 4889/3397/1987 4886/3398/1987 4885/3398/1988
f 4883/3399/2024 4884/3399/1987 4888/3400/1987 4887/3400/2025
f 4887/3400/2025 4888/3400/1987 4889/3397/1987 4890/3397/1988
f 4887/3400/2025 4890/3397/1988 4894/3401/1990 4893/3402/1991
f 4883/3399/2024 4887/3400/2025 4893/3402/1991 4891/3403/2026
f 4890/3397/1988 4885/3398/1988 4892/3404/1990 4894/3401/1990
f 4905/3405/2028 4904/3405/2009 4897/3406/2009 4895/3406/2027
f 4909/3397/1988 4908/3397/1987 4902/3398/1987 4899/3398/1988
f 4914/3401/1990 4912/3404/1990 4900/3407/2010 4907/3408/2010
f 4911/3403/2026 4913/3402/1991 4905/3405/2028 4895/3406/2027
f 4896/3399/2024 4898/3399/1987 4906/3400/1987 4903/3400/2025
f 4907/3408/2010 4910/3408/2009 4904/3405/2009 4905/3405/2028
f 4900/3407/2010 4901/3407/2009 4910/3408/2009 4907/3408/2010
f 4913/3402/1991 4914/3401/1990 4907/3408/2010 4905/3405/2028
f 4903/3400/2025 4906/3400/1987 4908/3397/1987 4909/3397/1988
f 4903/3400/2025 4909/3397/1988 4914/3401/1990 4913/3402/1991
f 4896/3399/2024 4903/3400/2025 4913/3402/1991 4911/3403/2026
f 4909/3397/1988 4899/3398/1988 4912/3404/1990 4914/3401/1990
f 4920/3397/1988 4885/3398/1988 4886/3398/1987 4919/3397/1987
f 4915/3399/2029 4917/3400/2030 4918/3400/1987 4916/3399/1987
f 4917/3400/2030 4920/3397/1988 4919/3397/1987 4918/3400/1987
f 4917/3400/2030 4922/3402/1995 4923/3401/1990 4920/3397/1988
f 4915/3399/2029 4921/3403/2031 4922/3402/1995 4917/3400/2030
f 4920/3397/1988 4923/3401/1990 4892/3404/1990 4885/3398/1988
f 4930/3405/2033 4924/3406/2032 4926/3406/2009 4929/3405/2009
f 4934/3397/1988 4899/3398/1988 4902/3398/1987 4933/3397/1987
f 4938/3401/1990 4932/3408/2010 4900/3407/2010 4912/3404/1990
f 4936/3403/2031 4924/3406/2032 4930/3405/2033 4937/3402/1995
f 4925/3399/2029 4928/3400/2030 4931/3400/1987 4927/3399/1987
f 4932/3408/2010 4930/3405/2033 4929/3405/2009 4935/3408/2009
f 4900/3407/2010 4932/3408/2010 4935/3408/2009 4901/3407/2009
f 4937/3402/1995 4930/3405/2033 4932/3408/2010 4938/3401/1990
f 4928/3400/2030 4934/3397/1988 4933/3397/1987 4931/3400/1987
f 4928/3400/2030 4937/3402/1995 4938/3401/1990 4934/3397/1988
f 4925/3399/2029 4936/3403/2031 4937/3402/1995 4928/3400/2030
f 4934/3397/1988 4938/3401/1990 4912/3404/1990 4899/3398/1988
f 4946/3409/2035 4945/3410/2037 4940/3411/2034 4943/3412/2035
f 4945/3413/2037 4944/3414/2036 4947/3415/2038 4940/3412/2034
f 4939/3416/2003 4941/3417/1987 4944/3418/2036 4945/3419/2037
f 4942/3420/1993 4939/3416/2003 4945/3419/2037 4946/3421/2035
f 4947/3415/2038 4949/3422/2039 4940/3412/2034
f 4940/3411/2034 4949/3423/2039 4948/3424/1993 4943/3412/2035
f 4957/3409/2035 4956/3410/2037 4951/3411/2034 4954/3412/2035
f 4956/3413/2037 4955/3414/2036 4958/3415/2038 4951/3412/2034
f 4950/3416/2003 4952/3417/1987 4955/3418/2036 4956/3419/2037
f 4953/3420/1993 4950/3416/2003 4956/3419/2037 4957/3421/2035
f 4958/3415/2038 4960/3422/2039 4951/3412/2034
f 4951/3411/2034 4960/3423/2039 4959/3424/1993 4954/3412/2035
f 4957/3409/2035 4954/3412/2035 4962/3411/2040 4965/3410/2042
f 4965/3413/2042 4962/3412/2040 4966/3415/2043 4964/3414/2041
f 4961/3416/2019 4965/3419/2042 4964/3418/2041 4963/3417/2009
f 4953/3420/1993 4957/3421/2035 4965/3419/2042 4961/3416/2019
f 4966/3415/2043 4962/3412/2040 4967/3422/2044
f 4962/3411/2040 4954/3412/2035 4959/3424/1993 4967/3423/2044
f 4975/3409/2046 4972/3412/2046 4969/3411/2045 4974/3410/2047
f 4974/3413/2047 4969/3412/2045 4976/3415/2038 4973/3414/2036
f 4968/3416/2001 4974/3419/2047 4973/3418/2036 4970/3417/1987
f 4971/3420/1997 4975/3421/2046 4974/3419/2047 4968/3416/2001
f 4976/3415/2038 4969/3412/2045 4978/3422/2048
f 4969/3411/2045 4972/3412/2046 4977/3424/1997 4978/3423/2048
f 4986/3409/2046 4983/3412/2046 4980/3411/2049 4985/3410/2047
f 4985/3413/2047 4980/3412/2049 4987/3415/2038 4984/3414/2036
f 4979/3416/2001 4985/3419/2047 4984/3418/2036 4981/3417/1987
f 4982/3420/1997 4986/3421/2046 4985/3419/2047 4979/3416/2001
f 4987/3415/2038 4980/3412/2049 4989/3422/2048
f 4980/3411/2049 4983/3412/2046 4988/3424/1997 4989/3423/2048
f 4986/3409/2046 4994/3410/2051 4991/3411/2050 4983/3412/2046
f 4994/3413/2051 4993/3414/2041 4995/3415/2043 4991/3412/2050
f 4990/3416/2016 4992/3417/2009 4993/3418/2041 4994/3419/2051
f 4982/3420/1997 4990/3416/2016 4994/3419/2051 4986/3421/2046
f 4995/3415/2043 4996/3422/2052 4991/3412/2050
f 4991/3411/2050 4996/3423/2052 4988/3424/1997 4983/3412/2046
f 4997/3389/2022 4998/3390/1997 5000/3391/1997 4999/3392/2022
f 5003/3393/2023 5004/3394/1993 5002/3395/1993 5001/3396/2023
f 4999/3392/2022 5003/3393/2023 5001/3396/2023 4997/3389/2022
f 5015/3405/2028 5014/3405/2009 5007/3406/2009 5005/3406/2027
f 5019/3397/1988 5018/3397/1987 5012/3398/1987 5009/3398/1988
f 5024/3401/1990 5022/3404/1990 5010/3407/2010 5017/3408/2010
f 5021/3403/2026 5023/3402/1991 5015/3405/2028 5005/3406/2027
f 5006/3399/2024 5008/3399/1987 5016/3400/1987 5013/3400/2025
f 5017/3408/2010 5020/3408/2009 5014/3405/2009 5015/3405/2028
f 5010/3407/2010 5011/3407/2009 5020/3408/2009 5017/3408/2010
f 5023/3402/1991 5024/3401/1990 5017/3408/2010 5015/3405/2028
f 5013/3400/2025 5016/3400/1987 5018/3397/1987 5019/3397/1988
f 5013/3400/2025 5019/3397/1988 5024/3401/1990 5023/3402/1991
f 5006/3399/2024 5013/3400/2025 5023/3402/1991 5021/3403/2026
f 5019/3397/1988 5009/3398/1988 5022/3404/1990 5024/3401/1990
f 5031/3405/2033 5025/3406/2032 5027/3406/2009 5030/3405/2009
f 5035/3397/1988 5009/3398/1988 5012/3398/1987 5034/3397/1987
f 5039/3401/1990 5033/3408/2010 5010/3407/2010 5022/3404/1990
f 5037/3403/2031 5025/3406/2032 5031/3405/2033 5038/3402/1995
f 5026/3399/2029 5029/3400/2030 5032/3400/1987 5028/3399/1987
f 5033/3408/2010 5031/3405/2033 5030/3405/2009 5036/3408/2009
f 5010/3407/2010 5033/3408/2010 5036/3408/2009 5011/3407/2009
f 5038/3402/1995 5031/3405/2033 5033/3408/2010 5039/3401/1990
f 5029/3400/2030 5035/3397/1988 5034/3397/1987 5032/3400/1987
f 5029/3400/2030 5038/3402/1995 5039/3401/1990 5035/3397/1988
f 5026/3399/2029 5037/3403/2031 5038/3402/1995 5029/3400/2030
f 5035/3397/1988 5039/3401/1990 5022/3404/1990 5009/3398/1988
f 5047/3409/2035 5046/3410/2037 5041/3411/2034 5044/3412/2035
f 5046/3413/2037 5045/3414/2036 5048/3415/2038 5041/3412/2034
f 5040/3416/2003 5042/3417/1987 5045/3418/2036 5046/3419/2037
f 5043/3420/1993 5040/3416/2003 5046/3419/2037 5047/3421/2035
f 5048/3415/2038 5050/3422/2039 5041/3412/2034
f 5041/3411/2034 5050/3423/2039 5049/3424/1993 5044/3412/2035
f 5047/3409/2035 5044/3412/2035 5052/3411/2040 5055/3410/2042
f 5055/3413/2042 5052/3412/2040 5056/3415/2043 5054/3414/2041
f 5051/3416/2019 5055/3419/2042 5054/3418/2041 5053/3417/2009
f 5043/3420/1993 5047/3421/2035 5055/3419/2042 5051/3416/2019
f 5056/3415/2043 5052/3412/2040 5057/3422/2044
f 5052/3411/2040 5044/3412/2035 5049/3424/1993 5057/3423/2044
f 5065/3409/2046 5062/3412/2046 5059/3411/2049 5064/3410/2047
f 5064/3413/2047 5059/3412/2049 5066/3415/2038 5063/3414/2036
f 5058/3416/2001 5064/3419/2047 5063/3418/2036 5060/3417/1987
f 5061/3420/1997 5065/3421/2046 5064/3419/2047 5058/3416/2001
f 5066/3415/2038 5059/3412/2049 5068/3422/2048
f 5059/3411/2049 5062/3412/2046 5067/3424/1997 5068/3423/2048
f 5065/3409/2046 5073/3410/2051 5070/3411/2050 5062/3412/2046
f 5073/3413/2051 5072/3414/2041 5074/3415/2043 5070/3412/2050
f 5069/3416/2016 5071/3417/2009 5072/3418/2041 5073/3419/2051
f 5061/3420/1997 5069/3416/2016 5073/3419/2051 5065/3421/2046
f 5074/3415/2043 5075/3422/2052 5070/3412/2050
f 5070/3411/2050 5075/3423/2052 5067/3424/1997 5062/3412/2046
f 5086/3405/2028 5085/3405/2009 5078/3406/2009 5076/3406/2027
f 5090/3397/1988 5089/3397/1987 5083/3398/1987 5080/3398/1988
f 5095/3401/1990 5093/3404/1990 5081/3407/2010 5088/3408/2010
f 5092/3403/2026 5094/3402/1991 5086/3405/2028 5076/3406/2027
f 5077/3399/2024 5079/3399/1987 5087/3400/1987 5084/3400/2025
f 5088/3408/2010 5091/3408/2009 5085/3405/2009 5086/3405/2028
f 5081/3407/2010 5082/3407/2009 5091/3408/2009 5088/3408/2010
f 5094/3402/1991 5095/3401/1990 5088/3408/2010 5086/3405/2028
f 5084/3400/2025 5087/3400/1987 5089/3397/1987 5090/3397/1988
f 5084/3400/2025 5090/3397/1988 5095/3401/1990 5094/3402/1991
f 5077/3399/2024 5084/3400/2025 5094/3402/1991 5092/3403/2026
f 5090/3397/1988 5080/3398/1988 5093/3404/1990 5095/3401/1990
f 5102/3405/2033 5096/3406/2032 5098/3406/2009 5101/3405/2009
f 5106/3397/1988 5080/3398/1988 5083/3398/1987 5105/3397/1987
f 5110/3401/1990 5104/3408/2010 5081/3407/2010 5093/3404/1990
f 5108/3403/2031 5096/3406/2032 5102/3405/2033 5109/3402/1995
f 5097/3399/2029 5100/3400/2030 5103/3400/1987 5099/3399/1987
f 5104/3408/2010 5102/3405/2033 5101/3405/2009 5107/3408/2009
f 5081/3407/2010 5104/3408/2010 5107/3408/2009 5082/3407/2009
f 5109/3402/1995 5102/3405/2033 5104/3408/2010 5110/3401/1990
f 5100/3400/2030 5106/3397/1988 5105/3397/1987 5103/3400/1987
f 5100/3400/2030 5109/3402/1995 5110/3401/1990 5106/3397/1988
f 5097/3399/2029 5108/3403/2031 5109/3402/1995 5100/3400/2030
f 5106/3397/1988 5110/3401/1990 5093/3404/1990 5080/3398/1988
f 5118/3409/2035 5117/3410/2037 5112/3411/2034 5115/3412/2035
f 5117/3413/2037 5116/3414/2036 5119/3415/2038 5112/3412/2034
f 5111/3416/2003 5113/3417/1987 5116/3418/2036 5117/3419/2037
f 5114/3420/1993 5111/3416/2003 5117/3419/2037 5118/3421/2035
f 5119/3415/2038 5121/3422/2039 5112/3412/2034
f 5112/3411/2034 5121/3423/2039 5120/3424/1993 5115/3412/2035
f 5118/3409/2035 5115/3412/2035 5123/3411/2040 5126/3410/2042
f 5126/3413/2042 5123/3412/2040 5127/3415/2043 5125/3414/2041
f 5122/3416/2019 5126/3419/2042 5125/3418/2041 5124/3417/2009
f 5114/3420/1993 5118/3421/2035 5126/3419/2042 5122/3416/2019
f 5127/3415/2043 5123/3412/2040 5128/3422/2044
f 5123/3411/2040 5115/3412/2035 5120/3424/1993 5128/3423/2044
f 5136/3409/2046 5133/3412/2046 5130/3411/2049 5135/3410/2047
f 5135/3413/2047 5130/3412/2049 5137/3415/2038 5134/3414/2036
f 5129/3416/2001 5135/3419/2047 5134/3418/2036 5131/3417/1987
f 5132/3420/1997 5136/3421/2046 5135/3419/2047 5129/3416/2001
f 5137/3415/2038 5130/3412/2049 5139/3422/2048
f 5130/3411/2049 5133/3412/2046 5138/3424/1997 5139/3423/2048
f 5136/3409/2046 5144/3410/2051 5141/3411/2050 5133/3412/2046
f 5144/3413/2051 5143/3414/2041 5145/3415/2043 5141/3412/2050
f 5140/3416/2016 5142/3417/2009 5143/3418/2041 5144/3419/2051
f 5132/3420/1997 5140/3416/2016 5144/3419/2051 5136/3421/2046
f 5145/3415/2043 5146/3422/2052 5141/3412/2050
f 5141/3411/2050 5146/3423/2052 5138/3424/1997 5133/3412/2046
f 5157/3405/2028 5156/3405/2009 5149/3406/2009 5147/3406/2027
f 5161/3397/1988 5160/3397/1987 5154/3398/1987 5151/3398/1988
f 5166/3401/1990 5164/3404/1990 5152/3407/2010 5159/3408/2010
f 5163/3403/2026 5165/3402/1991 5157/3405/2028 5147/3406/2027
f 5148/3399/2024 5150/3399/1987 5158/3400/1987 5155/3400/2025
f 5159/3408/2010 5162/3408/2009 5156/3405/2009 5157/3405/2028
f 5152/3407/2010 5153/3407/2009 5162/3408/2009 5159/3408/2010
f 5165/3402/1991 5166/3401/1990 5159/3408/2010 5157/3405/2028
f 5155/3400/2025 5158/3400/1987 5160/3397/1987 5161/3397/1988
f 5155/3400/2025 5161/3397/1988 5166/3401/1990 5165/3402/1991
f 5148/3399/2024 5155/3400/2025 5165/3402/1991 5163/3403/2026
f 5161/3397/1988 5151/3398/1988 5164/3404/1990 5166/3401/1990
f 5173/3405/2033 5167/3406/2032 5169/3406/2009 5172/3405/2009
f 5177/3397/1988 5151/3398/1988 5154/3398/1987 5176/3397/1987
f 5181/3401/1990 5175/3408/2010 5152/3407/2010 5164/3404/1990
f 5179/3403/2031 5167/3406/2032 5173/3405/2033 5180/3402/1995
f 5168/3399/2029 5171/3400/2030 5174/3400/1987 5170/3399/1987
f 5175/3408/2010 5173/3405/2033 5172/3405/2009 5178/3408/2009
f 5152/3407/2010 5175/3408/2010 5178/3408/2009 5153/3407/2009
f 5180/3402/1995 5173/3405/2033 5175/3408/2010 5181/3401/1990
f 5171/3400/2030 5177/3397/1988 5176/3397/1987 5174/3400/1987
f 5171/3400/2030 5180/3402/1995 5181/3401/1990 5177/3397/1988
f 5168/3399/2029 5179/3403/2031 5180/3402/1995 5171/3400/2030
f 5177/3397/1988 5181/3401/1990 5164/3404/1990 5151/3398/1988
f 5189/3409/2035 5188/3410/2037 5183/3411/2034 5186/3412/2035
f 5188/3413/2037 5187/3414/2036 5190/3415/2038 5183/3412/2034
f 5182/3416/2003 5184/3417/1987 5187/3418/2036 5188/3419/2037
f 5185/3420/1993 5182/3416/2003 5188/3419/2037 5189/3421/2035
f 5190/3415/2038 5192/3422/2039 5183/3412/2034
f 5183/3411/2034 5192/3423/2039 5191/3424/1993 5186/3412/2035
f 5189/3409/2035 5186/3412/2035 5194/3411/2040 5197/3410/2042
f 5197/3413/2042 5194/3412/2040 5198/3415/2043 5196/3414/2041
f 5193/3416/2019 5197/3419/2042 5196/3418/2041 5195/3417/2009
f 5185/3420/1993 5189/3421/2035 5197/3419/2042 5193/3416/2019
f 5198/3415/2043 5194/3412/2040 5199/3422/2044
f 5194/3411/2040 5186/3412/2035 5191/3424/1993 5199/3423/2044
f 5207/3409/2046 5204/3412/2046 5201/3411/2049 5206/3410/2047
f 5206/3413/2047 5201/3412/2049 5208/3415/2038 5205/3414/2036
f 5200/3416/2001 5206/3419/2047 5205/3418/2036 5202/3417/1987
f 5203/3420/1997 5207/3421/2046 5206/3419/2047 5200/3416/2001
f 5208/3415/2038 5201/3412/2049 5210/3422/2048
f 5201/3411/2049 5204/3412/2046 5209/3424/1997 5210/3423/2048
f 5207/3409/2046 5215/3410/2051 5212/3411/2050 5204/3412/2046
f 5215/3413/2051 5214/3414/2041 5216/3415/2043 5212/3412/2050
f 5211/3416/2016 5213/3417/2009 5214/3418/2041 5215/3419/2051
f 5203/3420/1997 5211/3416/2016 5215/3419/2051 5207/3421/2046
f 5216/3415/2043 5217/3422/2052 5212/3412/2050
f 5212/3411/2050 5217/3423/2052 5209/3424/1997 5204/3412/2046
f 5228/3405/2028 5227/3405/2009 5220/3406/2009 5218/3406/2027
f 5232/3397/1988 5231/3397/1987 5225/3398/1987 5222/3398/1988
f 5237/3401/1990 5235/3404/1990 5223/3407/2010 5230/3408/2010
f 5234/3403/2026 5236/3402/1991 5228/3405/2028 5218/3406/2027
f 5219/3399/2024 5221/3399/1987 5229/3400/1987 5226/3400/2025
f 5230/3408/2010 5233/3408/2009 5227/3405/2009 5228/3405/2028
f 5223/3407/2010 5224/3407/2009 5233/3408/2009 5230/3408/2010
f 5236/3402/1991 5237/3401/1990 5230/3408/2010 5228/3405/2028
f 5226/3400/2025 5229/3400/1987 5231/3397/1987 5232/3397/1988
f 5226/3400/2025 5232/3397/1988 5237/3401/1990 5236/3402/1991
f 5219/3399/2024 5226/3400/2025 5236/3402/1991 5234/3403/2026
f 5232/3397/1988 5222/3398/1988 5235/3404/1990 5237/3401/1990
f 5244/3405/2033 5238/3406/2032 5240/3406/2009 5243/3405/2009
f 5248/3397/1988 5222/3398/1988 5225/3398/1987 5247/3397/1987
f 5252/3401/1990 5246/3408/2010 5223/3407/2010 5235/3404/1990
f 5250/3403/2031 5238/3406/2032 5244/3405/2033 5251/3402/1995
f 5239/3399/2029 5242/3400/2030 5245/3400/1987 5241/3399/1987
f 5246/3408/2010 5244/3405/2033 5243/3405/2009 5249/3408/2009
f 5223/3407/2010 5246/3408/2010 5249/3408/2009 5224/3407/2009
f 5251/3402/1995 5244/3405/2033 5246/3408/2010 5252/3401/1990
f 5242/3400/2030 5248/3397/1988 5247/3397/1987 5245/3400/1987
f 5242/3400/2030 5251/3402/1995 5252/3401/1990 5248/3397/1988
f 5239/3399/2029 5250/3403/2031 5251/3402/1995 5242/3400/2030
f 5248/3397/1988 5252/3401/1990 5235/3404/1990 5222/3398/1988
f 5260/3409/2035 5259/3410/2037 5254/3411/2034 5257/3412/2035
f 5259/3413/2037 5258/3414/2036 5261/3415/2038 5254/3412/2034
f 5253/3416/2003 5255/3417/1987 5258/3418/2036 5259/3419/2037
f 5256/3420/1993 5253/3416/2003 5259/3419/2037 5260/3421/2035
f 5261/3415/2038 5263/3422/2039 5254/3412/2034
f 5254/3411/2034 5263/3423/2039 5262/3424/1993 5257/3412/2035
f 5260/3409/2035 5257/3412/2035 5265/3411/2040 5268/3410/2042
f 5268/3413/2042 5265/3412/2040 5269/3415/2043 5267/3414/2041
f 5264/3416/2019 5268/3419/2042 5267/3418/2041 5266/3417/2009
f 5256/3420/1993 5260/3421/2035 5268/3419/2042 5264/3416/2019
f 5269/3415/2043 5265/3412/2040 5270/3422/2044
f 5265/3411/2040 5257/3412/2035 5262/3424/1993 5270/3423/2044
f 5278/3409/2046 5275/3412/2046 5272/3411/2049 5277/3410/2047
f 5277/3413/2047 5272/3412/2049 5279/3415/2038 5276/3414/2036
f 5271/3416/2001 5277/3419/2047 5276/3418/2036 5273/3417/1987
f 5274/3420/1997 5278/3421/2046 5277/3419/2047 5271/3416/2001
f 5279/3415/2038 5272/3412/2049 5281/3422/2048
f 5272/3411/2049 5275/3412/2046 5280/3424/1997 5281/3423/2048
f 5278/3409/2046 5286/3410/2051 5283/3411/2050 5275/3412/2046
f 5286/3413/2051 5285/3414/2041 5287/3415/2043 5283/3412/2050
f 5282/3416/2016 5284/3417/2009 5285/3418/2041 5286/3419/2051
f 5274/3420/1997 5282/3416/2016 5286/3419/2051 5278/3421/2046
f 5287/3415/2043 5288/3422/2052 5283/3412/2050
f 5283/3411/2050 5288/3423/2052 5280/3424/1997 5275/3412/2046
f 5296/3397/2010 5291/3398/2010 5292/3398/2009 5295/3397/2009
f 5289/3399/2027 5293/3400/2028 5294/3400/2009 5290/3399/2009
f 5293/3400/2028 5296/3397/2010 5295/3397/2009 5294/3400/2009
f 5293/3400/2028 5299/3402/1991 5300/3401/1990 5296/3397/2010
f 5289/3399/2027 5297/3403/2026 5299/3402/1991 5293/3400/2028
f 5296/3397/2010 5300/3401/1990 5298/3404/1990 5291/3398/2010
f 5306/3397/2010 5305/3397/2009 5292/3398/2009 5291/3398/2010
f 5301/3399/2032 5302/3399/2009 5304/3400/2009 5303/3400/2033
f 5303/3400/2033 5304/3400/2009 5305/3397/2009 5306/3397/2010
f 5303/3400/2033 5306/3397/2010 5309/3401/1990 5308/3402/1995
f 5301/3399/2032 5303/3400/2033 5308/3402/1995 5307/3403/2031
f 5306/3397/2010 5291/3398/2010 5298/3404/1990 5309/3401/1990
f 5317/3409/2035 5314/3412/2035 5311/3411/2040 5316/3410/2042
f 5316/3413/2042 5311/3412/2040 5318/3415/2043 5315/3414/2041
f 5310/3416/2019 5316/3419/2042 5315/3418/2041 5312/3417/2009
f 5313/3420/1993 5317/3421/2035 5316/3419/2042 5310/3416/2019
f 5318/3415/2043 5311/3412/2040 5320/3422/2044
f 5311/3411/2040 5314/3412/2035 5319/3424/1993 5320/3423/2044
f 5328/3409/2046 5327/3410/2051 5322/3411/2050 5325/3412/2046
f 5327/3413/2051 5326/3414/2041 5329/3415/2043 5322/3412/2050
f 5321/3416/2016 5323/3417/2009 5326/3418/2041 5327/3419/2051
f 5324/3420/1997 5321/3416/2016 5327/3419/2051 5328/3421/2046
f 5329/3415/2043 5331/3422/2052 5322/3412/2050
f 5322/3411/2050 5331/3423/2052 5330/3424/1997 5325/3412/2046
f 5341/3425/2056 5342/3426/2057 5345/3427/2060 5343/3428/2058
f 5395/3429/2019 5342/3426/2057 5341/3425/2056 5394/3430/2009
f 5393/3431/1993 5334/3432/2053 5342/3433/2057 5395/3434/2019
f 5344/3435/2059 5337/3436/2010 5338/3437/2009 5346/3438/2009
f 5334/3432/2053 5336/3439/2055 5345/3440/2060 5342/3433/2057
f 5335/3441/2054 5344/3442/2059 5345/3440/2060 5336/3439/2055
f 5344/3435/2059 5346/3438/2009 5343/3428/2058 5345/3427/2060
f 5344/3442/2059 5335/3441/2054 5332/3443/1990 5337/3444/2010
f 5353/3445/2064 5355/3446/2066 5357/3447/2068 5354/3448/2065
f 5400/3449/2016 5399/3450/2009 5353/3445/2064 5354/3448/2065
f 5398/3451/1997 5400/3452/2016 5354/3453/2065 5348/3454/2061
f 5356/3455/2067 5358/3456/2009 5338/3437/2009 5337/3436/2010
f 5348/3454/2061 5354/3453/2065 5357/3457/2068 5350/3458/2063
f 5349/3459/2062 5350/3458/2063 5357/3457/2068 5356/3460/2067
f 5356/3455/2067 5357/3447/2068 5355/3446/2066 5358/3456/2009
f 5356/3460/2067 5337/3444/2010 5332/3443/1990 5349/3459/2062
f 5363/3425/2071 5365/3428/2073 5367/3427/2075 5364/3426/2072
f 5397/3429/2003 5396/3461/2098 5363/3425/2071 5364/3426/2072
f 5393/3431/1993 5397/3434/2003 5364/3433/2072 5334/3432/2053
f 5366/3435/2074 5368/3438/2076 5360/3437/2069 5359/3436/1988
f 5334/3432/2053 5364/3433/2072 5367/3440/2075 5336/3439/2055
f 5335/3441/2054 5336/3439/2055 5367/3440/2075 5366/3442/2074
f 5366/3435/2074 5367/3427/2075 5365/3428/2073 5368/3438/2076
f 5366/3442/2074 5359/3444/1988 5332/3443/1990 5335/3441/2054
f 5378/3462/1987 5373/3463/2081 5370/3464/2078 5376/3465/2069
f 5373/3463/2081 5374/3466/2082 5372/3467/2080 5370/3464/2078
f 5369/3468/2077 5371/3469/2079 5374/3466/2082 5373/3463/2081
f 5375/3470/2083 5369/3468/2077 5373/3463/2081 5378/3462/1987
f 5371/3469/2079 5369/3468/2077 5375/3470/2083 5377/3471/2084
f 5381/3445/2086 5382/3448/2087 5385/3447/2090 5383/3446/2088
f 5402/3472/2001 5382/3448/2087 5381/3445/2086 5401/3473/2099
f 5398/3451/1997 5348/3454/2061 5382/3453/2087 5402/3452/2001
f 5384/3455/2089 5359/3436/1988 5360/3437/2069 5386/3456/2091
f 5348/3454/2061 5350/3458/2063 5385/3457/2090 5382/3453/2087
f 5349/3459/2062 5384/3460/2089 5385/3457/2090 5350/3458/2063
f 5384/3455/2089 5386/3456/2091 5383/3446/2088 5385/3447/2090
f 5384/3460/2089 5349/3459/2062 5332/3443/1990 5359/3444/1988
f 5378/3462/1987 5376/3465/2069 5388/3474/2093 5391/3475/2096
f 5391/3475/2096 5388/3474/2093 5390/3476/2095 5392/3477/2097
f 5387/3478/2092 5391/3475/2096 5392/3477/2097 5389/3479/2094
f 5375/3470/2083 5378/3462/1987 5391/3475/2096 5387/3478/2092
f 5389/3479/2094 5377/3471/2084 5375/3470/2083 5387/3478/2092
f 5333/3480/1993 5361/3481/2003 5397/3434/2003 5393/3431/1993
f 5361/3482/2003 5362/3483/2070 5396/3461/2098 5397/3429/2003
f 5333/3480/1993 5393/3431/1993 5395/3434/2019 5339/3481/2019
f 5339/3482/2019 5395/3429/2019 5394/3430/2009 5340/3483/2009
f 5347/3484/1997 5398/3451/1997 5402/3452/2001 5379/3485/2001
f 5379/3486/2001 5402/3472/2001 5401/3473/2099 5380/3487/2085
f 5347/3484/1997 5351/3485/2016 5400/3452/2016 5398/3451/1997
f 5351/3486/2016 5352/3487/2009 5399/3450/2009 5400/3449/2016
f 5363/3425/2071 5396/3461/2098 5410/3461/2106 5404/3425/2100
f 5381/3445/2086 5383/3446/2088 5408/3446/2104 5407/3445/2103
f 5386/3456/2091 5360/3437/2069 5403/3437/1974 5409/3456/2105
f 5365/3428/2073 5363/3425/2071 5404/3425/2100 5405/3428/2101
f 5360/3437/2069 5368/3438/2076 5406/3438/2102 5403/3437/1974
f 5383/3446/2088 5386/3456/2091 5409/3456/2105 5408/3446/2104
f 5401/3473/2099 5381/3445/2086 5407/3445/2103 5411/3473/2107
f 5368/3438/2076 5365/3428/2073 5405/3428/2101 5406/3438/2102
f 5380/3487/2085 5401/3473/2099 5412/3473/2108 5413/3487/2109
f 5401/3473/2099 5411/3473/2107 5414/3473/2110 5412/3473/2108
f 5410/3461/2106 5396/3461/2098 5415/3461/2111 5417/3461/2113
f 5396/3461/2098 5362/3483/2070 5416/3483/2112 5415/3461/2111
f 5376/3465/2069 5370/3464/2078 5372/3467/2080 5390/3476/2095 5388/3474/2093
f 5427/3425/2114 5429/3428/2115 5431/3427/2117 5428/3426/2072
f 5481/3429/2003 5480/3430/1987 5427/3425/2114 5428/3426/2072
f 5479/3431/1993 5481/3434/2003 5428/3433/2072 5420/3432/2053
f 5430/3435/2116 5432/3438/1987 5424/3437/1987 5423/3436/1988
f 5420/3432/2053 5428/3433/2072 5431/3440/2117 5422/3439/2055
f 5421/3441/2054 5422/3439/2055 5431/3440/2117 5430/3442/2116
f 5430/3435/2116 5431/3427/2117 5429/3428/2115 5432/3438/1987
f 5430/3442/2116 5423/3444/1988 5418/3443/1990 5421/3441/2054
f 5439/3445/2118 5440/3448/2087 5443/3447/2121 5441/3446/2119
f 5486/3449/2001 5440/3448/2087 5439/3445/2118 5485/3450/1987
f 5484/3451/1997 5434/3454/2061 5440/3453/2087 5486/3452/2001
f 5442/3455/2120 5423/3436/1988 5424/3437/1987 5444/3456/1987
f 5434/3454/2061 5436/3458/2063 5443/3457/2121 5440/3453/2087
f 5435/3459/2062 5442/3460/2120 5443/3457/2121 5436/3458/2063
f 5442/3455/2120 5444/3456/1987 5441/3446/2119 5443/3447/2121
f 5442/3460/2120 5435/3459/2062 5418/3443/1990 5423/3444/1988
f 5449/3425/2124 5450/3426/2057 5453/3427/2127 5451/3428/2125
f 5483/3429/2019 5450/3426/2057 5449/3425/2124 5482/3461/2149
f 5479/3431/1993 5420/3432/2053 5450/3433/2057 5483/3434/2019
f 5452/3435/2126 5445/3436/2010 5446/3437/2122 5454/3438/2128
f 5420/3432/2053 5422/3439/2055 5453/3440/2127 5450/3433/2057
f 5421/3441/2054 5452/3442/2126 5453/3440/2127 5422/3439/2055
f 5452/3435/2126 5454/3438/2128 5451/3428/2125 5453/3427/2127
f 5452/3442/2126 5421/3441/2054 5418/3443/1990 5445/3444/2010
f 5464/3462/2009 5462/3465/2122 5456/3464/2130 5459/3463/2133
f 5459/3463/2133 5456/3464/2130 5458/3467/2132 5460/3466/2134
f 5455/3468/2129 5459/3463/2133 5460/3466/2134 5457/3469/2131
f 5461/3470/2135 5464/3462/2009 5459/3463/2133 5455/3468/2129
f 5457/3469/2131 5463/3471/2136 5461/3470/2135 5455/3468/2129
f 5467/3445/2138 5469/3446/2139 5471/3447/2141 5468/3448/2065
f 5488/3472/2016 5487/3473/2150 5467/3445/2138 5468/3448/2065
f 5484/3451/1997 5488/3452/2016 5468/3453/2065 5434/3454/2061
f 5470/3455/2140 5472/3456/2142 5446/3437/2122 5445/3436/2010
f 5434/3454/2061 5468/3453/2065 5471/3457/2141 5436/3458/2063
f 5435/3459/2062 5436/3458/2063 5471/3457/2141 5470/3460/2140
f 5470/3455/2140 5471/3447/2141 5469/3446/2139 5472/3456/2142
f 5470/3460/2140 5445/3444/2010 5418/3443/1990 5435/3459/2062
f 5464/3462/2009 5477/3475/2147 5474/3474/2144 5462/3465/2122
f 5477/3475/2147 5478/3477/2148 5476/3476/2146 5474/3474/2144
f 5473/3478/2143 5475/3479/2145 5478/3477/2148 5477/3475/2147
f 5461/3470/2135 5473/3478/2143 5477/3475/2147 5464/3462/2009
f 5475/3479/2145 5473/3478/2143 5461/3470/2135 5463/3471/2136
f 5419/3480/1993 5479/3431/1993 5483/3434/2019 5447/3481/2019
f 5447/3482/2019 5483/3429/2019 5482/3461/2149 5448/3483/2123
f 5419/3480/1993 5425/3481/2003 5481/3434/2003 5479/3431/1993
f 5425/3482/2003 5426/3483/1987 5480/3430/1987 5481/3429/2003
f 5433/3484/1997 5465/3485/2016 5488/3452/2016 5484/3451/1997
f 5465/3486/2016 5466/3487/2137 5487/3473/2150 5488/3472/2016
f 5433/3484/1997 5484/3451/1997 5486/3452/2001 5437/3485/2001
f 5437/3486/2001 5486/3449/2001 5485/3450/1987 5438/3487/1987
f 5449/3425/2124 5490/3425/2100 5496/3461/2106 5482/3461/2149
f 5467/3445/2138 5493/3445/2103 5494/3446/2104 5469/3446/2139
f 5472/3456/2142 5495/3456/2105 5489/3437/1974 5446/3437/2122
f 5451/3428/2125 5491/3428/2101 5490/3425/2100 5449/3425/2124
f 5446/3437/2122 5489/3437/1974 5492/3438/2102 5454/3438/2128
f 5469/3446/2139 5494/3446/2104 5495/3456/2105 5472/3456/2142
f 5487/3473/2150 5497/3473/2107 5493/3445/2103 5467/3445/2138
f 5454/3438/2128 5492/3438/2102 5491/3428/2101 5451/3428/2125
f 5466/3487/2137 5499/3487/2152 5498/3473/2151 5487/3473/2150
f 5487/3473/2150 5498/3473/2151 5500/3473/2110 5497/3473/2107
f 5496/3461/2106 5503/3461/2113 5501/3461/2153 5482/3461/2149
f 5482/3461/2149 5501/3461/2153 5502/3483/2154 5448/3483/2123
f 5462/3465/2122 5474/3474/2144 5476/3476/2146 5458/3467/2132 5456/3464/2130
o L_Room_Square_Doors
v 9.000000 0.200000 18.000000
v 9.000000 0.200000 12.000000
v 8.200000 0.200000 12.000000
v 8.200000 0.200000 6.000000
v 8.000000 0.000000 12.000000
v 8.000000 0.000000 6.000000
v 9.000000 0.200000 6.000000
v 9.000000 0.200000 0.000000
v 8.000000 0.000000 0.000000
v 8.000000 0.000000 17.000000
v 8.200000 0.200000 17.200001
v 3.000000 0.200000 18.000000
v 3.000000 0.200000 17.199999
v 3.000000 0.000000 17.000000
v -3.000000 0.000000 18.000000
v 3.000000 0.000000 18.000000
v -3.000000 0.000000 12.000000
v 3.000000 0.000000 12.000000
v -3.000000 0.000000 6.000000
v 3.000000 0.000000 6.000000
v -9.000000 0.200000 18.000000
v -9.000000 0.200000 12.000000
v -8.199999 0.200000 12.000000
v -8.000001 0.000000 12.000000
v -8.000001 0.000000 6.000000
v -9.000000 0.200000 6.000000
v -8.199999 0.200000 6.000000
v -3.000000 0.200000 18.000000
v -3.000000 0.200000 17.200001
v -3.000000 0.000000 17.000000
v -8.000001 0.000000 17.000000
v -8.200001 0.200000 17.199999
v 9.000000 0.200000 -18.000000
v 9.000000 0.200000 -12.000000
v 8.200000 0.200000 -12.000000
v 8.200000 0.200000 -6.000000
v 8.000000 0.000000 -12.000000
v 8.000000 0.000000 -6.000000
v 9.000000 0.200000 -6.000000
v 8.200000 0.200000 0.000000
v 8.000000 0.000000 -17.000000
v 8.200000 0.200000 -17.200001
v 3.000000 0.200000 -18.000000
v 3.000000 0.200000 -17.200001
v 3.000000 0.000000 -17.000000
v -3.000000 0.000000 -18.000000
v 3.000000 0.000000 -18.000000
v -3.000000 0.000000 -12.000000
v 3.000000 0.000000 -12.000000
v -3.000000 0.000000 -6.000000
v 3.000000 0.000000 -6.000000
v 3.000000 0.000000 0.000000
v -9.000000 0.200000 -18.000000
v -9.000000 0.200000 -12.000000
v -8.199999 0.200000 -12.000000
v -8.000001 0.000000 -12.000000
v -8.000001 0.000000 -6.000000
v -9.000000 0.200000 -6.000000
v -3.000000 0.000000 0.000000
v -8.199999 0.200000 -6.000000
v -8.000001 0.000000 0.000000
v -9.000000 0.200000 0.000000
v -8.199999 0.200000 0.000000
v -3.000000 0.200000 -18.000000
v -3.000000 0.200000 -17.200001
v -3.000000 0.000000 -17.000000
v -8.000001 0.000000 -17.000000
v -8.200001 0.200000 -17.200001
v -3.000000 5.900001 17.500000
v -3.000000 11.800002 17.500000
v 3.000000 11.800002 17.500000
v -8.500000 8.850001 17.500000
v -2.500000 11.800001 12.000000
v -5.500000 11.800002 6.000000
v -5.500000 11.800002 12.000000
v -8.500000 8.850001 12.000000
v -2.500000 11.800001 6.000000
v 0.000001 11.800001 6.000000
v 0.000000 11.800001 12.000000
v -8.500000 5.900001 6.000000
v -8.500000 8.850001 6.000000
v -5.500000 11.800002 17.500000
v 0.000001 11.800001 17.500000
v 2.500002 11.800003 12.000000
v 5.500001 11.800003 6.000000
v 5.500002 11.800003 12.000000
v 8.500002 8.850002 12.000000
v 2.500001 11.800003 6.000000
v 8.500003 5.900001 6.000000
v 8.500002 8.850002 6.000000
v 5.500002 11.800001 17.500000
v 8.500002 8.850002 17.500000
v 0.000000 5.900001 17.500000
v -2.000001 5.900001 17.500000
v 2.000000 5.900001 17.500000
v 3.000000 5.900001 17.500000
v 3.000000 0.500000 17.500000
v 3.000000 0.000000 17.400000
v 3.000000 0.300000 17.400000
v 8.500002 0.000000 17.400000
v 8.500002 0.300000 17.400000
v 3.000000 4.412624 17.500000
v 8.500002 5.212625 17.500000
v -3.000000 0.000000 17.400000
v -3.000000 0.300000 17.400000
v -8.500000 0.500000 17.500000
v -8.500000 4.859329 17.500000
v -3.000000 0.500000 17.500000
v -2.130707 0.500000 17.500000
v -2.130707 0.000000 17.400000
v -2.130707 0.300000 17.400000
v 2.130705 0.500000 17.500000
v 2.130705 0.000000 17.400000
v 2.130705 0.300000 17.400000
v -3.000000 4.412624 17.500000
v -2.130707 4.412624 17.500000
v 2.130705 4.412624 17.500000
v 3.000000 4.859329 17.500000
v -3.000000 4.859329 17.500000
v -2.000001 4.859329 17.500000
v 2.000000 4.859329 17.500000
v 3.000000 5.212625 17.500000
v -3.000000 5.212625 17.500000
v 0.000000 5.212625 17.500000
v -2.000001 5.212625 17.500000
v 2.000000 5.212625 17.500000
v -8.500000 5.900001 12.000000
v -8.500000 0.500000 6.000000
v -8.500000 0.500000 12.000000
v -8.400000 0.000000 6.000000
v -8.500000 5.900001 17.500000
v -8.400000 0.000000 17.400000
v -8.400000 0.300000 17.400000
v 8.400002 0.000000 12.000000
v 8.500002 5.900002 12.000000
v 8.500002 0.500000 6.000000
v 8.400002 0.000000 6.000000
v 8.400002 0.300000 12.000000
v 8.500002 5.900002 17.500000
v 8.500002 0.500000 17.500000
v 8.400002 0.000000 17.400002
v 8.400002 0.300000 17.400002
v -8.500000 5.212625 12.000000
v -8.500000 5.212625 6.000000
v -8.500000 5.212625 17.500000
v -8.500000 4.412624 6.000000
v -8.500000 4.412624 17.500000
v -8.500000 4.412624 12.000000
v 8.500002 5.212625 12.000000
v 8.500003 5.212624 6.000000
v 8.500002 4.859329 17.500000
v 8.500003 4.859329 6.000000
v 8.500002 4.412624 17.500000
v 8.500003 4.412624 6.000000
v 8.500002 4.412624 12.000000
v -3.000000 5.900001 -17.500000
v -3.000000 11.800002 -17.500000
v 3.000000 11.800002 -17.500000
v -8.500000 8.850001 -17.500000
v -2.500000 11.800001 -12.000000
v -5.500000 11.800002 -6.000000
v -5.500000 11.800002 -12.000000
v -8.500000 8.850001 -12.000000
v -2.499999 11.800001 -6.000000
v 0.000001 11.800001 -6.000000
v 0.000001 11.800001 -12.000000
v -8.500000 5.900001 -6.000000
v -8.500000 8.850001 -6.000000
v -8.500000 8.850001 0.000000
v -2.499999 11.800001 0.000000
v -5.499999 11.800002 0.000000
v 0.000001 11.800001 0.000002
v -5.500000 11.800002 -17.500000
v 0.000000 11.800001 -17.500000
v 2.500002 11.800003 -12.000000
v 5.500002 11.800003 -6.000000
v 5.500002 11.800003 -12.000000
v 8.500002 8.850002 -12.000000
v 2.500002 11.800003 -6.000000
v 8.500003 5.900001 -6.000000
v 8.500002 8.850002 -6.000000
v 8.500003 8.850002 0.000002
v 2.500003 11.800003 0.000002
v 5.500003 11.800003 0.000002
v 8.500004 5.900001 0.000002
v 5.500002 11.800001 -17.500000
v 8.500002 8.850002 -17.500000
v -0.000000 5.900001 -17.500000
v -2.000001 5.900001 -17.500000
v 2.000000 5.900001 -17.500000
v 3.000000 5.900001 -17.500000
v 3.000000 0.500000 -17.500000
v 3.000000 0.000000 -17.400002
v 3.000000 0.300000 -17.400002
v 8.500002 0.000000 -17.400002
v 8.500002 0.300000 -17.400002
v 3.000000 4.412624 -17.500000
v 8.500002 5.212625 -17.500000
v -3.000000 0.000000 -17.400002
v -3.000000 0.300000 -17.400002
v -8.500000 0.500000 -17.500000
v -8.500000 4.859329 -17.500000
v -3.000000 0.500000 -17.500000
v -2.130707 0.500000 -17.500000
v -2.130707 0.000000 -17.400002
v -2.130707 0.300000 -17.400002
v 2.130705 0.500000 -17.500000
v 2.130705 0.000000 -17.400002
v 2.130705 0.300000 -17.400002
v -3.000000 4.412624 -17.500000
v -2.130707 4.412624 -17.500000
v 2.130705 4.412624 -17.500000
v 3.000000 4.859329 -17.500000
v -3.000000 4.859329 -17.500000
v -2.000001 4.859329 -17.500000
v 2.000000 4.859329 -17.500000
v 3.000000 5.212625 -17.500000
v -3.000000 5.212625 -17.500000
v -0.000000 5.212625 -17.500000
v -2.000001 5.212625 -17.500000
v 2.000000 5.212625 -17.500000
v -8.500000 5.900001 -12.000000
v -8.400000 0.000000 -6.000000
v -8.400000 0.300000 -6.000000
v -8.400000 0.300000 -12.000000
v -8.499999 5.900001 0.000000
v -8.499999 0.500000 0.000000
v -8.400000 0.300000 0.000000
v -8.400000 0.000000 0.000000
v -8.500000 5.900001 -17.500000
v -8.400000 0.000000 -17.400002
v -8.400000 0.300000 -17.400002
v 8.400002 0.000000 -12.000000
v 8.500002 5.900002 -12.000000
v 8.500002 0.500000 -6.000000
v 8.400002 0.000000 -6.000000
v 8.400002 0.300000 -12.000000
v 8.500003 0.500000 0.000002
v 8.400003 0.300000 0.000002
v 8.400003 0.000000 0.000002
v 8.500002 5.900002 -17.500000
v 8.500002 0.500000 -17.500000
v 8.400002 0.000000 -17.400002
v 8.400002 0.300000 -17.400002
v -8.500000 5.212625 -12.000000
v -8.499999 5.212625 0.000000
v -8.500000 5.212625 -6.000000
v -8.500000 5.212625 -17.500000
v -8.499999 4.859329 0.000000
v -8.499999 4.412624 0.000000
v -8.500000 4.412624 -17.500000
v 8.500002 5.212625 -12.000000
v 8.500003 5.212624 -6.000000
v 8.500004 5.212624 0.000002
v 8.500002 4.859329 -17.500000
v 8.500003 4.859329 -6.000000
v 8.500004 4.859329 0.000002
v 8.500002 4.412624 -17.500000
v 8.500004 4.412624 0.000002
v 8.500002 4.412624 -12.000000
v -5.500000 11.800002 -9.000000
v 0.000001 11.800001 -9.000000
v -8.500000 8.850001 -9.000000
v -2.499999 11.800001 -9.000000
v 5.500002 11.800003 -9.000000
v 8.500002 8.850002 -9.000000
v 2.500002 11.800003 -9.000000
v -8.500000 5.900001 -9.000000
v 8.500003 5.900002 -9.000000
v -8.500000 5.212625 -9.000000
v 8.500003 5.212625 -9.000000
v 8.500003 4.859329 -9.000000
v -5.500000 11.800002 -7.895090
v 0.000001 11.800001 -7.895090
v -8.500000 8.850001 -7.895090
v -2.499999 11.800001 -7.895090
v 5.500002 11.800003 -7.895090
v 8.500002 8.850002 -7.895090
v 2.500002 11.800003 -7.895090
v -8.500000 5.900001 -7.895090
v 8.500003 5.900001 -7.895090
v 8.500003 5.212624 -7.895090
v 8.500003 4.859329 -7.895090
v -8.500000 5.212625 -7.895090
v -8.500000 5.212625 -10.104910
v -5.500000 11.800002 -10.104910
v 0.000001 11.800001 -10.104910
v -8.500000 8.850001 -10.104910
v -2.500000 11.800001 -10.104910
v 5.500002 11.800003 -10.104910
v 8.500002 8.850002 -10.104910
v 2.500002 11.800003 -10.104910
v -8.500000 5.900001 -10.104910
v 8.500003 5.900002 -10.104910
v 8.500003 5.212625 -10.104910
v -5.500000 11.800002 9.000000
v 0.000000 11.800001 9.000000
v -8.500000 8.850001 9.000000
v -2.500000 11.800001 9.000000
v 5.500001 11.800003 9.000000
v 8.500002 8.850002 9.000000
v 2.500002 11.800003 9.000000
v -8.500000 5.900001 9.000000
v 8.500002 5.900002 9.000000
v -8.500000 5.212625 9.000000
v 8.500002 5.212625 9.000000
v -5.500000 11.800002 7.895090
v 0.000000 11.800001 7.895089
v -8.500000 8.850001 7.895090
v -2.500000 11.800001 7.895089
v 5.500001 11.800003 7.895089
v 8.500002 8.850002 7.895089
v 2.500002 11.800003 7.895089
v -8.500000 5.900001 7.895090
v 8.500002 5.900001 7.895089
v 8.500002 5.212624 7.895089
v -8.500000 5.212625 7.895090
v -8.500000 5.212625 10.104912
v -5.500000 11.800002 10.104912
v 0.000000 11.800001 10.104911
v -8.500000 8.850001 10.104912
v -2.500000 11.800001 10.104911
v 5.500002 11.800003 10.104910
v 8.500002 8.850002 10.104910
v 2.500002 11.800003 10.104911
v -8.500000 5.900001 10.104912
v 8.500002 5.900002 10.104910
v 8.500002 5.212625 10.104910
v 8.500002 4.859329 10.104910
v 8.500000 4.859329 -12.000000
v 8.500000 0.500000 -12.000000
v 8.400000 0.300000 -6.000000
v 8.500000 4.411132 -6.000000
v 8.500000 4.411132 -9.000000
v 8.500000 0.500000 -7.895088
v 8.400001 0.000000 -7.895088
v 8.400001 0.300000 -7.895088
v 8.500000 4.411132 -7.895088
v 8.500000 4.859329 -10.104910
v 8.500000 0.500000 -10.104910
v 8.400001 0.000000 -10.104910
v 8.400001 0.300000 -10.104910
v 8.500000 4.411132 -10.104910
v 8.500000 4.859329 12.000000
v 8.500000 0.500000 12.000000
v 8.400001 0.300000 6.000000
v 8.500000 4.859329 9.000000
v 8.500000 4.411132 9.000000
v 8.500000 0.500000 10.104910
v 8.400000 0.000000 10.104910
v 8.400000 0.300000 10.104910
v 8.500000 4.411132 10.104910
v 8.500000 4.859329 7.895090
v 8.500000 0.500000 7.895090
v 8.400001 0.000000 7.895090
v 8.400001 0.300000 7.895090
v 8.500000 4.411132 7.895090
v -8.500000 4.859329 5.999999
v -8.500000 4.859329 12.000000
v -8.400000 0.000000 12.000000
v -8.400000 0.300000 5.999999
v -8.400000 0.300000 12.000000
v -8.500000 4.859329 9.000000
v -8.500000 4.411132 9.000000
v -8.500000 4.859329 10.104910
v -8.500000 0.500000 10.104910
v -8.400000 0.000000 10.104910
v -8.400000 0.300000 10.104910
v -8.500000 4.411132 10.104910
v -8.500000 4.859329 7.895091
v -8.500000 0.500000 7.895091
v -8.400000 0.000000 7.895091
v -8.400000 0.300000 7.895091
v -8.500000 4.411132 7.895091
v -8.500000 4.859329 -12.000000
v -8.500000 4.859329 -6.000000
v -8.500000 0.500000 -12.000000
v -8.500000 0.500000 -6.000000
v -8.400000 0.000000 -12.000000
v -8.500000 4.411132 -6.000000
v -8.500000 4.411132 -12.000000
v -8.500000 4.859329 -9.000000
v -8.500000 4.411132 -9.000000
v -8.500000 4.859329 -7.895090
v -8.500000 0.500000 -7.895090
v -8.400000 0.000000 -7.895090
v -8.400000 0.300000 -7.895090
v -8.500000 4.411132 -7.895090
v -8.500000 4.859329 -10.104912
v -8.500000 0.500000 -10.104912
v -8.400000 0.000000 -10.104912
v -8.400000 0.300000 -10.104912
v -8.500000 4.411132 -10.104912
v -0.316625 11.300001 17.500000
v -0.316625 11.800001 17.500000
v 0.316625 11.300001 17.500000
v 0.316625 11.800001 17.500000
v -7.513024 9.271542 17.145515
v -7.513024 9.820528 17.145515
v 0.000001 11.251016 17.145515
v 0.000001 11.800002 17.145515
v -5.500000 11.251015 17.145515
v -5.500000 11.800001 17.145515
v -2.500000 11.800002 17.145515
v -2.500000 11.251016 17.145515
v -7.513024 9.271542 17.500002
v 0.000001 11.251016 17.500002
v -5.500000 11.251015 17.500002
v -2.500000 11.251016 17.500002
v -7.513023 9.271542 0.354485
v -7.513023 9.271542 -0.354488
v -7.513023 9.820528 0.354485
v -7.513023 9.820528 -0.354488
v 0.000001 11.251015 -0.354488
v 0.000001 11.251015 0.354485
v 0.000001 11.800001 0.354485
v 0.000001 11.800001 -0.354488
v -5.500000 11.251015 -0.354488
v -5.500000 11.800001 0.354485
v -5.500000 11.251015 0.354485
v -5.500000 11.800001 -0.354488
v -2.500000 11.251015 0.354485
v -2.500000 11.800001 -0.354488
v -2.500000 11.251015 -0.354488
v -2.500000 11.800001 0.354485
v -7.513023 9.271542 -0.000002
v 0.000001 11.251015 -0.000002
v -5.500000 11.251015 -0.000002
v -2.500000 11.251015 -0.000002
v 7.513024 9.271542 17.145515
v 7.513024 9.820528 17.145515
v 5.500000 11.251015 17.145515
v 5.500000 11.800001 17.145515
v 2.500001 11.800002 17.145515
v 2.500001 11.251016 17.145515
v 7.513024 9.271542 17.500002
v 5.500000 11.251015 17.500002
v 2.500001 11.251016 17.500002
v 7.513025 9.271542 0.354485
v 7.513025 9.271542 -0.354488
v 7.513025 9.820528 0.354485
v 7.513025 9.820528 -0.354488
v 5.500001 11.251015 -0.354488
v 5.500001 11.800001 0.354485
v 5.500001 11.251015 0.354485
v 5.500001 11.800001 -0.354488
v 2.500001 11.251015 0.354485
v 2.500001 11.800001 -0.354488
v 2.500001 11.251015 -0.354488
v 2.500001 11.800001 0.354485
v 7.513025 9.271542 -0.000002
v 5.500001 11.251015 -0.000002
v 2.500001 11.251015 -0.000002
v -7.613025 -0.000000 17.000000
v -7.513024 8.850000 16.900000
v -8.500000 -0.000000 17.000000
v -7.613025 -0.000000 17.500000
v -7.513024 8.850000 17.500000
v -8.500000 8.570889 17.000000
v -7.613025 8.570889 17.000000
v -7.613025 8.570889 17.500000
v -8.500000 8.850000 16.900000
v -7.513024 9.820528 17.500000
v -7.513024 9.820528 16.900000
v -7.613024 -0.000000 -0.500000
v -7.513023 8.850000 -0.600000
v -8.500000 -0.000000 -0.500000
v -7.613024 -0.000000 0.000000
v -7.513023 8.850000 0.000000
v -8.500000 8.570889 -0.500000
v -7.613024 8.570889 -0.500000
v -7.613024 8.570889 0.000000
v -8.500000 8.850000 -0.600000
v -7.513023 9.820528 0.000000
v -7.513023 9.820528 -0.600000
v -7.613024 -0.000000 0.500000
v -7.513023 8.850000 0.600000
v -8.500000 -0.000000 0.500000
v -8.500000 8.570889 0.500000
v -7.613024 8.570889 0.500000
v -8.500000 8.850000 0.600000
v -7.513023 9.820528 0.600000
v 7.613025 -0.000000 17.000004
v 7.513024 8.850002 16.900003
v 8.500001 -0.000000 17.000004
v 7.613025 -0.000000 17.500004
v 7.513024 8.850002 17.500004
v 8.500001 8.570889 17.000004
v 7.613025 8.570889 17.000004
v 7.613025 8.570889 17.500004
v 8.500001 8.850002 16.900003
v 7.513024 9.820528 17.500004
v 7.513024 9.820528 16.900003
v 7.613025 -0.000000 -0.499999
v 7.513024 8.850002 -0.599999
v 8.500001 -0.000000 -0.499999
v 7.613025 -0.000000 0.000002
v 7.513024 8.850002 0.000002
v 8.500001 8.570889 -0.499999
v 7.613025 8.570889 -0.499999
v 7.613025 8.570889 0.000002
v 8.500001 8.850002 -0.599999
v 7.513024 9.820528 0.000002
v 7.513024 9.820528 -0.599999
v 7.613025 -0.000000 0.500002
v 7.513024 8.850002 0.600002
v 8.500001 -0.000000 0.500002
v 8.500001 8.570889 0.500002
v 7.613025 8.570889 0.500002
v 8.500001 8.850002 0.600002
v 7.513024 9.820528 0.600002
v -0.316625 11.300001 -0.000002
v -0.316625 11.800001 -0.000002
v -0.316625 11.300001 -17.500004
v -0.316625 11.800001 -17.500004
v 0.316625 11.300001 -0.000002
v 0.316625 11.800001 -0.000002
v 0.316625 11.300001 -17.500004
v 0.316625 11.800001 -17.500004
v -7.513024 9.271542 6.000000
v -7.513023 9.271542 5.291027
v -7.513024 9.820528 6.000000
v -7.513023 9.820528 5.291027
v 0.000001 11.251015 5.291027
v 0.000001 11.251015 6.000000
v 0.000001 11.800001 6.000000
v 0.000001 11.800001 5.291027
v -5.500000 11.251015 5.291027
v -5.500000 11.800001 6.000000
v -5.500000 11.251015 6.000000
v -5.500000 11.800001 5.291027
v -2.500000 11.251015 6.000000
v -2.500000 11.800001 5.291027
v -2.500000 11.251015 5.291027
v -2.500000 11.800001 6.000000
v -7.513023 9.271542 5.645514
v 0.000001 11.251015 5.645514
v -5.500000 11.251015 5.645514
v -2.500000 11.251015 5.645514
v 7.513024 9.271542 6.000000
v 7.513025 9.271542 5.291027
v 7.513024 9.820528 6.000000
v 7.513025 9.820528 5.291027
v 5.500001 11.251015 5.291027
v 5.500000 11.800001 6.000000
v 5.500000 11.251015 6.000000
v 5.500001 11.800001 5.291027
v 2.500001 11.251015 6.000000
v 2.500001 11.800001 5.291027
v 2.500001 11.251015 5.291027
v 2.500001 11.800001 6.000000
v 7.513025 9.271542 5.645514
v 5.500001 11.251015 5.645514
v 2.500001 11.251015 5.645514
v -7.613024 -0.000000 5.145515
v -7.513023 8.850000 5.045515
v -8.499999 -0.000000 5.145515
v -7.613024 -0.000000 5.645515
v -7.513023 8.850000 5.645515
v -8.499999 8.570889 5.145515
v -7.613024 8.570889 5.145515
v -7.613024 8.570889 5.645515
v -8.499999 8.850000 5.045515
v -7.513023 9.820528 5.645515
v -7.513023 9.820528 5.045515
v -7.613025 -0.000000 6.145515
v -7.513024 8.850000 6.245516
v -8.499999 -0.000000 6.145515
v -8.499999 8.570889 6.145515
v -7.613025 8.570889 6.145515
v -8.499999 8.850000 6.245516
v -7.513024 9.820528 6.245516
v 7.613025 -0.000000 5.145517
v 7.513024 8.850002 5.045517
v 8.500002 -0.000000 5.145517
v 7.613025 -0.000000 5.645517
v 7.513024 8.850002 5.645517
v 8.500002 8.570889 5.145517
v 7.613025 8.570889 5.145517
v 7.613025 8.570889 5.645517
v 8.500002 8.850002 5.045517
v 7.513024 9.820528 5.645517
v 7.513024 9.820528 5.045517
v 7.613025 -0.000000 6.145517
v 7.513024 8.850002 6.245518
v 8.500002 -0.000000 6.145517
v 8.500002 8.570889 6.145517
v 7.613025 8.570889 6.145517
v 8.500002 8.850002 6.245518
v 7.513024 9.820528 6.245518
v -7.513023 9.271542 12.000000
v -7.513023 9.271542 11.291027
v -7.513023 9.820528 12.000000
v -7.513023 9.820528 11.291027
v 0.000001 11.251015 11.291027
v 0.000001 11.251015 12.000000
v 0.000001 11.800001 12.000000
v 0.000001 11.800001 11.291027
v -5.500000 11.251015 11.291027
v -5.500000 11.800001 12.000000
v -5.500000 11.251015 12.000000
v -5.500000 11.800001 11.291027
v -2.500000 11.251015 12.000000
v -2.500000 11.800001 11.291027
v -2.500000 11.251015 11.291027
v -2.500000 11.800001 12.000000
v -7.513023 9.271542 11.645514
v 0.000001 11.251015 11.645514
v -5.500000 11.251015 11.645514
v -2.500000 11.251015 11.645514
v 7.513025 9.271542 12.000000
v 7.513025 9.271542 11.291027
v 7.513025 9.820528 12.000000
v 7.513025 9.820528 11.291027
v 5.500001 11.251015 11.291027
v 5.500001 11.800001 12.000000
v 5.500001 11.251015 12.000000
v 5.500001 11.800001 11.291027
v 2.500001 11.251015 12.000000
v 2.500001 11.800001 11.291027
v 2.500001 11.251015 11.291027
v 2.500001 11.800001 12.000000
v 7.513025 9.271542 11.645514
v 5.500001 11.251015 11.645514
v 2.500001 11.251015 11.645514
v -7.613024 -0.000000 11.145515
v -7.513023 8.850000 11.045515
v -8.499999 -0.000000 11.145515
v -7.613024 -0.000000 11.645515
v -7.513023 8.850000 11.645515
v -8.499999 8.570889 11.145515
v -7.613024 8.570889 11.145515
v -7.613024 8.570889 11.645515
v -8.499999 8.850000 11.045515
v -7.513023 9.820528 11.645515
v -7.513023 9.820528 11.045515
v -7.613024 -0.000000 12.145515
v -7.513023 8.850000 12.245516
v -8.500000 -0.000000 12.145515
v -8.500000 8.570889 12.145515
v -7.613024 8.570889 12.145515
v -8.500000 8.850000 12.245516
v -7.513023 9.820528 12.245516
v 7.613025 -0.000000 11.145516
v 7.513024 8.850002 11.045516
v 8.500002 -0.000000 11.145515
v 7.613025 -0.000000 11.645517
v 7.513024 8.850002 11.645517
v 8.500002 8.570889 11.145515
v 7.613025 8.570889 11.145516
v 7.613025 8.570889 11.645517
v 8.500002 8.850002 11.045515
v 7.513024 9.820528 11.645517
v 7.513024 9.820528 11.045516
v 7.613025 -0.000000 12.145517
v 7.513024 8.850002 12.245518
v 8.500001 -0.000000 12.145517
v 8.500001 8.570889 12.145517
v 7.613025 8.570889 12.145517
v 8.500001 8.850002 12.245518
v 7.513024 9.820528 12.245518
v -7.513023 9.271542 -11.291027
v -7.513023 9.271542 -12.000000
v -7.513023 9.820528 -11.291027
v -7.513023 9.820528 -12.000000
v 0.000001 11.251015 -12.000000
v 0.000001 11.251015 -11.291027
v 0.000001 11.800001 -11.291027
v 0.000001 11.800001 -12.000000
v -5.500000 11.251015 -12.000000
v -5.500000 11.800001 -11.291027
v -5.500000 11.251015 -11.291027
v -5.500000 11.800001 -12.000000
v -2.500000 11.251015 -11.291027
v -2.500000 11.800001 -12.000000
v -2.500000 11.251015 -12.000000
v -2.500000 11.800001 -11.291027
v -7.513023 9.271542 -11.645514
v 0.000001 11.251015 -11.645514
v -5.500000 11.251015 -11.645514
v -2.500000 11.251015 -11.645514
v 7.513025 9.271542 -11.291027
v 7.513025 9.271542 -12.000000
v 7.513025 9.820528 -11.291027
v 7.513025 9.820528 -12.000000
v 5.500001 11.251015 -12.000000
v 5.500001 11.800001 -11.291027
v 5.500001 11.251015 -11.291027
v 5.500001 11.800001 -12.000000
v 2.500001 11.251015 -11.291027
v 2.500001 11.800001 -12.000000
v 2.500001 11.251015 -12.000000
v 2.500001 11.800001 -11.291027
v 7.513025 9.271542 -11.645514
v 5.500001 11.251015 -11.645514
v 2.500001 11.251015 -11.645514
v -7.613024 -0.000000 -12.145512
v -7.513023 8.850000 -12.245512
v -8.499999 -0.000000 -12.145512
v -7.613024 -0.000000 -11.645512
v -7.513023 8.850000 -11.645512
v -8.499999 8.570889 -12.145512
v -7.613024 8.570889 -12.145512
v -7.613024 8.570889 -11.645512
v -8.499999 8.850000 -12.245512
v -7.513023 9.820528 -11.645512
v -7.513023 9.820528 -12.245512
v -7.613024 -0.000000 -11.145512
v -7.513023 8.850000 -11.045511
v -8.499999 -0.000000 -11.145512
v -8.499999 8.570889 -11.145512
v -7.613024 8.570889 -11.145512
v -8.499999 8.850000 -11.045511
v -7.513023 9.820528 -11.045511
v 7.613025 -0.000000 -12.145512
v 7.513024 8.850002 -12.245510
v 8.500002 -0.000000 -12.145512
v 7.613025 -0.000000 -11.645510
v 7.513024 8.850002 -11.645510
v 8.500002 8.570889 -12.145512
v 7.613025 8.570889 -12.145512
v 7.613025 8.570889 -11.645510
v 8.500002 8.850002 -12.245510
v 7.513024 9.820528 -11.645510
v 7.513024 9.820528 -12.245510
v 7.613025 -0.000000 -11.145510
v 7.513024 8.850002 -11.045509
v 8.500002 -0.000000 -11.145510
v 8.500002 8.570889 -11.145510
v 7.613025 8.570889 -11.145510
v 8.500002 8.850002 -11.045509
v 7.513024 9.820528 -11.045509
v -7.513023 9.271542 -5.291027
v -7.513023 9.271542 -6.000000
v -7.513023 9.820528 -5.291027
v -7.513023 9.820528 -6.000000
v 0.000001 11.251015 -6.000000
v 0.000001 11.251015 -5.291027
v 0.000001 11.800001 -5.291027
v 0.000001 11.800001 -6.000000
v -5.500000 11.251015 -6.000000
v -5.500000 11.800001 -5.291027
v -5.500000 11.251015 -5.291027
v -5.500000 11.800001 -6.000000
v -2.500000 11.251015 -5.291027
v -2.500000 11.800001 -6.000000
v -2.500000 11.251015 -6.000000
v -2.500000 11.800001 -5.291027
v -7.513023 9.271542 -5.645514
v 0.000001 11.251015 -5.645514
v -5.500000 11.251015 -5.645514
v -2.500000 11.251015 -5.645514
v 7.513025 9.271542 -5.291027
v 7.513025 9.271542 -6.000000
v 7.513025 9.820528 -5.291027
v 7.513025 9.820528 -6.000000
v 5.500001 11.251015 -6.000000
v 5.500001 11.800001 -5.291027
v 5.500001 11.251015 -5.291027
v 5.500001 11.800001 -6.000000
v 2.500001 11.251015 -5.291027
v 2.500001 11.800001 -6.000000
v 2.500001 11.251015 -6.000000
v 2.500001 11.800001 -5.291027
v 7.513025 9.271542 -5.645514
v 5.500001 11.251015 -5.645514
v 2.500001 11.251015 -5.645514
v -7.613024 -0.000000 -6.145512
v -7.513023 8.850000 -6.245512
v -8.500000 -0.000000 -6.145512
v -7.613024 -0.000000 -5.645512
v -7.513023 8.850000 -5.645512
v -8.500000 8.570889 -6.145512
v -7.613024 8.570889 -6.145512
v -7.613024 8.570889 -5.645512
v -8.500000 8.850000 -6.245512
v -7.513023 9.820528 -5.645512
v -7.513023 9.820528 -6.245512
v -7.613024 -0.000000 -5.145512
v -7.513024 8.850000 -5.045511
v -8.500000 -0.000000 -5.145512
v -8.500000 8.570889 -5.145512
v -7.613024 8.570889 -5.145512
v -8.500000 8.850000 -5.045511
v -7.513024 9.820528 -5.045511
v 7.613025 -0.000000 -6.145510
v 7.513024 8.850002 -6.245510
v 8.500001 -0.000000 -6.145510
v 7.613025 -0.000000 -5.645510
v 7.513024 8.850002 -5.645510
v 8.500001 8.570889 -6.145510
v 7.613025 8.570889 -6.145510
v 7.613025 8.570889 -5.645510
v 8.500001 8.850002 -6.245510
v 7.513024 9.820528 -5.645510
v 7.513024 9.820528 -6.245510
v 7.613025 -0.000000 -5.145510
v 7.513024 8.850002 -5.045509
v 8.500001 -0.000000 -5.145510
v 8.500001 8.570889 -5.145510
v 7.613025 8.570889 -5.145510
v 8.500001 8.850002 -5.045509
v 7.513024 9.820528 -5.045509
v -7.513023 9.271542 -17.145512
v -7.513023 9.820528 -17.145512
v 0.000001 11.251016 -17.145512
v 0.000001 11.800002 -17.145512
v -5.500000 11.251015 -17.145512
v -5.500000 11.800001 -17.145512
v -2.500000 11.800002 -17.145512
v -2.500000 11.251016 -17.145512
v -7.513023 9.271542 -17.500000
v 0.000001 11.251016 -17.500000
v -5.500000 11.251015 -17.500000
v -2.500000 11.251016 -17.500000
v 7.513025 9.271542 -17.145512
v 7.513025 9.820528 -17.145512
v 5.500001 11.251015 -17.145512
v 5.500001 11.800001 -17.145512
v 2.500001 11.800002 -17.145512
v 2.500001 11.251016 -17.145512
v 7.513025 9.271542 -17.500000
v 5.500001 11.251015 -17.500000
v 2.500001 11.251016 -17.500000
v -7.613024 -0.000000 -16.999996
v -7.513023 8.850000 -16.899996
v -8.499999 -0.000000 -16.999996
v -7.613024 -0.000000 -17.499996
v -7.513023 8.850000 -17.499996
v -8.499999 8.570889 -16.999996
v -7.613024 8.570889 -16.999996
v -7.613024 8.570889 -17.499996
v -8.499999 8.850000 -16.899996
v -7.513023 9.820528 -17.499996
v -7.513023 9.820528 -16.899996
v 7.613025 -0.000000 -17.000000
v 7.513024 8.850002 -16.900000
v 8.500002 -0.000000 -17.000000
v 7.613025 -0.000000 -17.500000
v 7.513024 8.850002 -17.500000
v 8.500002 8.570889 -17.000000
v 7.613025 8.570889 -17.000000
v 7.613025 8.570889 -17.500000
v 8.500002 8.850002 -16.900000
v 7.513024 9.820528 -17.500000
v 7.513024 9.820528 -16.900000
v -0.000000 5.212625 17.573490
v -2.000000 0.000000 17.573490
v -2.000000 4.412624 17.573490
v -0.786965 5.212625 17.573490
v -1.639201 4.859329 17.573490
v -0.000000 5.212626 18.099998
v -0.000000 6.000002 18.099998
v -2.000000 0.000000 18.000000
v -2.500002 0.000000 18.000000
v -2.500002 5.000000 18.000000
v -2.000000 4.412625 18.000000
v -1.853554 5.646447 18.099998
v -0.786235 5.212625 18.099998
v -1.639717 4.858814 18.099998
v -0.826801 6.000002 18.099998
v 2.000000 0.000000 17.573490
v 2.000000 4.412625 17.573490
v 0.786964 5.212626 17.573490
v 1.639200 4.859330 17.573490
v 2.000000 0.000000 18.000000
v 2.500002 0.000000 18.000000
v 2.500002 5.000001 18.000000
v 2.000000 4.412625 18.000000
v 1.853553 5.646448 18.100000
v 0.786235 5.212626 18.100000
v 1.639717 4.858814 18.100000
v 0.826801 6.000003 18.100000
v -0.000001 5.212626 16.900000
v -0.000001 6.000003 16.900000
v -2.000001 0.000000 17.000000
v -2.500003 0.000000 17.000000
v -2.500003 5.000001 17.000000
v -2.000001 4.412625 17.000000
v -1.853555 5.646448 16.900000
v -0.786236 5.212626 16.900000
v -1.639718 4.858814 16.900000
v -0.826802 6.000003 16.900000
v -0.253548 5.283413 16.784615
v -0.454065 6.000004 16.784615
v -0.304622 5.212626 16.900000
v -0.545529 6.000004 16.900000
v -0.454065 5.713371 16.784615
v -0.545529 5.725776 16.900000
v -0.000001 5.283413 16.784615
v -0.000001 6.000004 16.784615
v -0.000001 5.212626 16.900000
v -0.000001 5.713371 16.784615
v 2.000000 0.000000 17.000000
v 2.500001 0.000000 17.000000
v 2.500001 5.000001 17.000000
v 2.000000 4.412626 17.000000
v 1.853553 5.646448 16.900000
v 0.786234 5.212626 16.900000
v 1.639716 4.858815 16.900000
v 0.826801 6.000004 16.900000
v 0.253546 5.283414 16.784615
v 0.454063 6.000005 16.784615
v 0.304620 5.212626 16.900000
v 0.545528 6.000005 16.900000
v 0.454063 5.713371 16.784615
v 0.545528 5.725776 16.900000
v -2.000000 0.500000 17.573490
v -2.500002 0.500000 18.000000
v -2.000000 0.500000 18.000000
v -2.500003 0.500000 17.000000
v -2.000001 0.500000 17.000000
v 2.000000 0.500000 17.573490
v 2.500002 0.500000 18.000000
v 2.000000 0.500000 18.000000
v 2.500001 0.500000 17.000000
v 2.000000 0.500000 17.000000
v -0.000001 6.000003 17.473490
v -2.500003 5.000001 17.573490
v -1.853555 5.646448 17.473490
v -0.826802 6.000003 17.473490
v 2.500001 5.000001 17.573490
v 1.853553 5.646448 17.473490
v 0.826801 6.000004 17.473490
v -2.500003 0.500000 17.573490
v 2.500001 0.500000 17.573490
v 3.000000 0.200000 17.200001
v 3.000000 0.000000 17.000000
v 3.000000 0.200000 17.573490
v -3.000000 0.200000 17.200001
v -3.000000 0.000000 17.000000
v -3.000000 0.200000 17.573490
v -0.000000 5.212624 -17.573486
v -2.000000 0.000000 -17.573486
v -2.000000 4.412624 -17.573486
v -0.786965 5.212624 -17.573486
v -1.639201 4.859329 -17.573486
v -0.000000 5.212625 -18.099998
v -0.000000 6.000001 -18.099998
v -2.000000 0.000000 -17.999992
v -2.500002 0.000000 -17.999992
v -2.500002 5.000000 -17.999992
v -2.000000 4.412624 -17.999992
v -1.853554 5.646447 -18.099998
v -0.786235 5.212625 -18.099998
v -1.639717 4.858813 -18.099998
v -0.826801 6.000001 -18.099998
v 2.000000 0.000000 -17.573486
v 2.000000 4.412625 -17.573486
v 0.786964 5.212625 -17.573486
v 1.639200 4.859330 -17.573486
v 2.000000 0.000000 -17.999992
v 2.500001 0.000000 -17.999992
v 2.500001 5.000000 -17.999992
v 2.000000 4.412625 -17.999992
v 1.853553 5.646447 -18.099998
v 0.786235 5.212625 -18.099998
v 1.639717 4.858814 -18.099998
v 0.826801 6.000002 -18.099998
v -0.000001 5.212626 -16.899996
v -0.000001 6.000002 -16.899996
v -2.000001 0.000000 -16.999998
v -2.500003 0.000000 -16.999998
v -2.500003 5.000000 -16.999998
v -2.000001 4.412625 -16.999998
v -1.853555 5.646447 -16.899996
v -0.786236 5.212625 -16.899996
v -1.639718 4.858814 -16.899996
v -0.826802 6.000002 -16.899996
v -0.253548 5.283413 -16.784613
v -0.454065 6.000003 -16.784613
v -0.304622 5.212625 -16.899996
v -0.545529 6.000003 -16.899996
v -0.454065 5.713370 -16.784613
v -0.545529 5.725775 -16.899996
v -0.000001 5.283413 -16.784613
v -0.000001 6.000004 -16.784613
v -0.000001 5.212626 -16.899996
v -0.000001 5.713370 -16.784613
v 2.000000 0.000000 -16.999998
v 2.500001 0.000000 -16.999998
v 2.500001 5.000001 -16.999998
v 2.000000 4.412625 -16.999998
v 1.853553 5.646448 -16.899996
v 0.786234 5.212626 -16.899996
v 1.639716 4.858814 -16.899996
v 0.826801 6.000003 -16.899996
v 0.253546 5.283413 -16.784613
v 0.454063 6.000004 -16.784613
v 0.304620 5.212626 -16.899996
v 0.545528 6.000004 -16.899996
v 0.454063 5.713371 -16.784613
v 0.545528 5.725776 -16.899996
v -2.000000 0.500000 -17.573486
v -2.500002 0.500000 -17.999992
v -2.000000 0.500000 -17.999992
v -2.500003 0.500000 -16.999998
v -2.000001 0.500000 -16.999998
v 2.000000 0.500000 -17.573486
v 2.500001 0.500000 -17.999992
v 2.000000 0.500000 -17.999992
v 2.500001 0.500000 -16.999998
v 2.000000 0.500000 -16.999998
v -0.000001 6.000002 -17.473488
v -2.500003 5.000000 -17.573486
v -1.853555 5.646447 -17.473488
v -0.826802 6.000002 -17.473488
v 2.500001 5.000001 -17.573486
v 1.853553 5.646448 -17.473488
v 0.826801 6.000003 -17.473488
v -2.500003 0.500000 -17.573486
v 2.500001 0.500000 -17.573486
v 3.000000 0.200000 -17.199997
v 3.000000 0.000000 -16.999998
v 3.000000 0.200000 -17.573486
v -3.000000 0.200000 -17.199997
v -3.000000 0.000000 -16.999998
v -3.000000 0.200000 -17.573486
v 8.363567 4.620000 8.170000
v 8.363567 4.620000 7.829999
v 8.363567 0.200000 8.170000
v 8.363567 0.200000 7.829999
v 8.999997 0.200000 8.250000
v 8.363567 4.316920 8.170000
v 8.363567 4.316920 7.829999
v 8.999997 4.236920 8.250000
v 8.363567 4.316920 9.104910
v 8.363567 4.620001 9.104910
v 8.999997 4.236920 9.104910
v 8.499997 0.200000 8.250000
v 8.499997 4.236920 8.250000
v 8.499997 4.236920 9.104910
v 8.499997 4.700000 7.750000
v 8.499997 4.700000 8.170000
v 8.499997 0.200000 7.750000
v 8.499997 4.316920 7.750000
v 8.499997 4.700001 9.104910
v 8.363567 4.620001 10.039822
v 8.363567 4.620001 10.379822
v 8.363567 0.200000 10.039822
v 8.363567 0.200000 10.379822
v 8.999997 0.200000 9.959822
v 8.363567 4.316920 10.039822
v 8.363567 4.316920 10.379822
v 8.999997 4.236920 9.959822
v 8.499997 0.200000 9.959822
v 8.499997 4.236920 9.959822
v 8.499997 4.700001 10.459822
v 8.499997 4.700001 10.039822
v 8.499997 0.200000 10.459822
v 8.499997 4.316920 10.459822
v -8.363570 4.620000 8.170000
v -8.363570 4.620000 7.830000
v -8.363570 0.200000 8.170000
v -8.363570 0.200000 7.830000
v -8.999999 0.200000 8.250000
v -8.363570 4.316919 8.170000
v -8.363570 4.316919 7.830000
v -8.999999 4.236919 8.250000
v -8.363570 4.316920 9.104911
v -8.363570 4.620000 9.104911
v -8.999999 4.236920 9.104911
v -8.499999 0.200000 8.250000
v -8.499999 4.236919 8.250000
v -8.499999 4.236920 9.104911
v -8.499999 4.700000 7.750000
v -8.499999 4.700000 8.170000
v -8.499999 0.200000 7.750000
v -8.499999 4.316919 7.750000
v -8.499999 4.700000 9.104911
v -8.363570 4.620000 10.039822
v -8.363570 4.620000 10.379822
v -8.363570 0.200000 10.039822
v -8.363570 0.200000 10.379822
v -8.999999 0.200000 9.959822
v -8.363570 4.316920 10.039822
v -8.363570 4.316920 10.379822
v -8.999999 4.236920 9.959822
v -8.499999 0.200000 9.959822
v -8.499999 4.236920 9.959822
v -8.499999 4.700000 10.459822
v -8.499999 4.700000 10.039822
v -8.499999 0.200000 10.459822
v -8.499999 4.316920 10.459822
v 8.363568 4.620000 -7.960176
v 8.363568 4.620000 -7.620176
v 8.363568 0.200000 -7.960176
v 8.363568 0.200000 -7.620176
v 8.999998 0.200000 -8.040176
v 8.363568 4.316919 -7.960176
v 8.363568 4.316919 -7.620176
v 8.999998 4.236919 -8.040176
v 8.363568 4.316920 -8.895086
v 8.363568 4.620000 -8.895086
v 8.999998 4.236920 -8.895086
v 8.499997 0.200000 -8.040176
v 8.499997 4.236919 -8.040176
v 8.499998 4.236920 -8.895086
v 8.499998 4.700000 -7.540176
v 8.499998 4.700000 -7.960176
v 8.499998 0.200000 -7.540176
v 8.499998 4.316919 -7.540176
v 8.499998 4.700000 -8.895086
v 8.363568 4.620000 -9.829998
v 8.363568 4.620000 -10.169998
v 8.363568 0.200000 -9.829998
v 8.363568 0.200000 -10.169998
v 8.999998 0.200000 -9.749998
v 8.363568 4.316920 -9.829998
v 8.363568 4.316920 -10.169998
v 8.999998 4.236920 -9.749998
v 8.499998 0.200000 -9.749998
v 8.499998 4.236920 -9.749998
v 8.499998 4.700000 -10.249998
v 8.499998 4.700000 -9.829998
v 8.499998 0.200000 -10.249998
v 8.499998 4.316920 -10.249998
v -8.363567 4.619999 -7.960178
v -8.363567 4.619999 -7.620178
v -8.363567 0.200000 -7.960178
v -8.363567 0.200000 -7.620178
v -8.999996 0.200000 -8.040176
v -8.363567 4.316919 -7.960178
v -8.363567 4.316919 -7.620178
v -8.999996 4.236919 -8.040176
v -8.363567 4.316919 -8.895088
v -8.363567 4.620000 -8.895088
v -8.999996 4.236919 -8.895088
v -8.499996 0.200000 -8.040176
v -8.499996 4.236919 -8.040176
v -8.499996 4.236919 -8.895088
v -8.499996 4.699999 -7.540178
v -8.499996 4.699999 -7.960178
v -8.499996 0.200000 -7.540178
v -8.499996 4.316919 -7.540178
v -8.499996 4.700000 -8.895088
v -8.363567 4.620000 -9.829998
v -8.363567 4.620000 -10.169998
v -8.363567 0.200000 -9.829998
v -8.363567 0.200000 -10.169998
v -8.999996 0.200000 -9.749998
v -8.363567 4.316919 -9.829998
v -8.363567 4.316919 -10.169998
v -8.999996 4.236919 -9.749998
v -8.499996 0.200000 -9.749998
v -8.499996 4.236919 -9.749998
v -8.499996 4.700000 -10.249998
v -8.499996 4.700000 -9.829998
v -8.499996 0.200000 -10.249998
v -8.499996 4.316919 -10.249998
vn -0.0000 1.0000 -0.0000
vn -0.3827 0.9239 -0.0000
vn -0.3002 0.9054 -0.3002
vn -0.1101 0.9878 -0.1101
vn -0.0000 0.9239 -0.3827
vn 0.3827 0.9239 -0.0000
vn 0.3002 0.9054 -0.3002
vn 0.1101 0.9878 -0.1101
vn -0.3002 0.9054 0.3002
vn -0.1101 0.9878 0.1101
vn -0.0000 0.9239 0.3827
vn 0.3002 0.9054 0.3002
vn 0.1101 0.9878 0.1101
vn -0.0000 -0.0000 -1.0000
vn -0.0000 -0.7071 -0.7071
vn 0.7166 -0.3003 -0.6296
vn -0.0000 -1.0000 -0.0000
vn 0.3788 -0.9255 -0.0000
vn 0.9223 -0.3866 -0.0000
vn 1.0000 -0.0000 -0.0000
vn 0.2939 -0.7180 -0.6310
vn -0.3788 -0.9255 -0.0000
vn -0.9223 -0.3866 -0.0000
vn -1.0000 -0.0000 -0.0000
vn -0.2939 -0.7180 -0.6310
vn -0.7166 -0.3003 -0.6296
vn -0.0000 0.2298 -0.9732
vn -0.7071 -0.0000 -0.7071
vn 0.6809 0.2695 -0.6809
vn 0.7071 -0.0000 -0.7071
vn 0.9732 0.2298 -0.0000
vn 0.6619 0.3517 -0.6619
vn -0.9732 0.2298 -0.0000
vn -0.6288 0.2943 -0.7197
vn -0.9665 0.2568 -0.0000
vn -0.0000 -0.0000 1.0000
vn -0.0000 -0.7071 0.7071
vn 0.7166 -0.3003 0.6296
vn 0.2939 -0.7180 0.6310
vn -0.2939 -0.7180 0.6310
vn -0.7166 -0.3003 0.6296
vn -0.0000 0.2297 0.9732
vn -0.7071 -0.0000 0.7071
vn -0.0000 0.2298 0.9732
vn 0.6809 0.2695 0.6809
vn 0.7071 -0.0000 0.7071
vn 0.6619 0.3517 0.6619
vn -0.6288 0.2943 0.7197
vn -0.7071 -0.7071 -0.0000
vn 0.7071 -0.7071 -0.0000
vn 0.6258 -0.6364 -0.4510
vn 0.2257 -0.5515 -0.8031
vn 0.7011 -0.7130 -0.0000
vn 0.6258 -0.6364 0.4510
vn 0.2257 -0.5515 0.8031
vn -0.6258 -0.6364 -0.4510
vn -0.2257 -0.5515 -0.8031
vn -0.7011 -0.7130 -0.0000
vn -0.6258 -0.6364 0.4510
vn -0.2257 -0.5515 0.8031
vn 0.6911 -0.2117 -0.6911
vn 0.9852 -0.1712 -0.0000
vn -0.0000 -0.1712 -0.9852
vn 0.6827 -0.2602 -0.6827
vn -0.0000 -0.2286 -0.9735
vn 0.8925 -0.0000 -0.4510
vn 0.6911 -0.2117 0.6911
vn -0.0000 -0.1712 0.9852
vn 0.6827 -0.2602 0.6827
vn -0.0000 -0.2286 0.9735
vn 0.8925 -0.0000 0.4510
vn -0.6911 -0.2117 -0.6911
vn -0.9852 -0.1712 -0.0000
vn -0.6827 -0.2602 -0.6827
vn -0.8925 -0.0000 -0.4510
vn -0.6911 -0.2117 0.6911
vn -0.6827 -0.2602 0.6827
vn -0.8925 -0.0000 0.4510
vn -0.6911 -0.2116 0.6911
vn -0.6911 -0.2116 -0.6911
vn 0.9429 -0.3332 -0.0000
vn 0.1954 -0.9807 -0.0000
vn 0.5988 -0.8009 -0.0000
vn -0.0883 -0.0458 0.9950
vn 0.5679 -0.2447 0.7859
vn -0.0494 -0.0256 0.9985
vn 0.1282 -0.6446 0.7537
vn 0.3079 -0.5379 0.7848
vn -0.9429 -0.3332 -0.0000
vn -0.1954 -0.9807 -0.0000
vn -0.5988 -0.8009 -0.0000
vn 0.0883 -0.0458 0.9950
vn -0.5679 -0.2447 0.7859
vn 0.0494 -0.0256 0.9985
vn -0.1282 -0.6446 0.7537
vn -0.3079 -0.5379 0.7848
vn -0.0000 0.7071 -0.7071
vn -0.1349 0.1349 -0.9816
vn -0.7550 0.2749 -0.5954
vn 0.5679 -0.2447 -0.7859
vn -0.4194 0.6125 -0.6701
vn 0.1282 -0.6445 -0.7537
vn 0.3078 -0.5379 -0.7848
vn -0.1223 0.7306 -0.6718
vn -0.2891 -0.4733 -0.8321
vn -0.3411 0.6210 -0.7057
vn -0.4333 -0.6684 -0.6046
vn -0.6799 0.4974 -0.5389
vn -0.4822 -0.1249 -0.8671
vn -0.7834 -0.1525 -0.6025
vn -0.0000 -0.4884 -0.8726
vn -0.0000 -0.8524 -0.5229
vn 0.1349 0.1349 -0.9816
vn 0.7550 0.2749 -0.5954
vn -0.5679 -0.2447 -0.7859
vn 0.4194 0.6125 -0.6701
vn -0.1282 -0.6445 -0.7537
vn -0.3078 -0.5379 -0.7848
vn 0.1223 0.7306 -0.6718
vn 0.2891 -0.4733 -0.8321
vn 0.3411 0.6210 -0.7057
vn 0.4333 -0.6684 -0.6046
vn 0.6799 0.4974 -0.5389
vn 0.4822 -0.1249 -0.8671
vn 0.7834 -0.1525 -0.6025
vn -0.4977 0.2688 -0.8247
vn 0.4977 0.2688 -0.8247
vn -0.9295 0.3689 -0.0000
vn -0.5365 0.8439 -0.0000
vn -0.1651 0.9863 -0.0000
vn 0.9295 0.3689 -0.0000
vn 0.5365 0.8439 -0.0000
vn 0.1651 0.9863 -0.0000
vn -0.8702 0.4927 -0.0000
vn 0.8702 0.4927 -0.0000
vn 0.4807 0.7007 -0.5273
vn 0.2649 0.2649 -0.9272
vn 0.5145 0.8575 -0.0000
vn -0.4807 0.7007 -0.5273
vn -0.2649 0.2649 -0.9272
vn -0.5145 0.8575 -0.0000
vn -0.0883 -0.0459 -0.9950
vn 0.5678 -0.2447 -0.7859
vn -0.0494 -0.0256 -0.9985
vn 0.1282 -0.6446 -0.7537
vn 0.3079 -0.5379 -0.7848
vn 0.0883 -0.0459 -0.9950
vn -0.5678 -0.2447 -0.7859
vn 0.0494 -0.0256 -0.9985
vn -0.1282 -0.6446 -0.7537
vn -0.3079 -0.5379 -0.7848
vn -0.0000 0.7071 0.7071
vn -0.1349 0.1349 0.9816
vn -0.7550 0.2749 0.5954
vn -0.4194 0.6125 0.6701
vn 0.1282 -0.6445 0.7537
vn 0.3078 -0.5379 0.7848
vn -0.1223 0.7306 0.6718
vn -0.2891 -0.4733 0.8321
vn -0.3411 0.6210 0.7057
vn -0.4333 -0.6684 0.6046
vn -0.6798 0.4974 0.5389
vn -0.4822 -0.1249 0.8671
vn -0.7834 -0.1525 0.6025
vn -0.0000 -0.4884 0.8726
vn -0.0000 -0.8524 0.5229
vn 0.1349 0.1349 0.9816
vn 0.7550 0.2749 0.5954
vn 0.4194 0.6125 0.6701
vn -0.1282 -0.6445 0.7537
vn -0.3078 -0.5379 0.7848
vn 0.1223 0.7306 0.6718
vn 0.2891 -0.4733 0.8321
vn 0.3411 0.6210 0.7057
vn 0.4333 -0.6684 0.6046
vn 0.6798 0.4974 0.5389
vn 0.4822 -0.1249 0.8671
vn 0.7834 -0.1525 0.6025
vn -0.4977 0.2688 0.8247
vn 0.4977 0.2688 0.8247
vn 0.4807 0.7007 0.5273
vn 0.2649 0.2649 0.9272
vn -0.4807 0.7007 0.5273
vn -0.2649 0.2649 0.9272
vn -0.8677 0.4971 -0.0000
vn -0.8252 0.3994 -0.3994
vn -0.8677 -0.0000 0.4971
vn -0.8677 -0.0000 -0.4971
vn -0.9744 -0.1590 0.1590
vn -0.8677 -0.4971 -0.0000
vn -0.2621 -0.0000 0.9650
vn -0.4013 -0.6477 0.6477
vn -0.2621 -0.9650 -0.0000
vn -0.6383 0.5443 -0.5443
vn -0.5058 0.8626 -0.0000
vn -0.5058 -0.0000 -0.8626
vn -0.8252 0.3994 0.3994
vn -0.9744 -0.1590 -0.1590
vn -0.2621 -0.0000 -0.9650
vn -0.4013 -0.6477 -0.6477
vn -0.6383 0.5443 0.5443
vn -0.5058 -0.0000 0.8626
vn 0.8677 0.4971 -0.0000
vn 0.8252 0.3994 -0.3994
vn 0.8677 -0.0000 0.4971
vn 0.8677 -0.0000 -0.4971
vn 0.9744 -0.1590 0.1590
vn 0.8677 -0.4971 -0.0000
vn 0.2621 -0.0000 0.9650
vn 0.4013 -0.6477 0.6477
vn 0.2621 -0.9650 -0.0000
vn 0.6383 0.5443 -0.5443
vn 0.5058 0.8626 -0.0000
vn 0.5058 -0.0000 -0.8626
vn 0.8252 0.3994 0.3994
vn 0.9744 -0.1590 -0.1590
vn 0.2621 -0.0000 -0.9650
vn 0.4013 -0.6477 -0.6477
vn 0.6383 0.5443 0.5443
vn 0.5058 -0.0000 0.8626
vt 0.250000 0.750000
vt 0.250000 1.000000
vt 0.041667 1.000000
vt 0.041667 0.750000
vt 0.000000 0.625000
vt 0.000000 0.750000
vt 0.033333 0.750000
vt 0.033333 0.625000
vt 0.041667 0.750000
vt 0.041667 0.625000
vt 0.033333 0.641667
vt 0.041667 0.645833
vt 0.250000 0.791667
vt 0.250000 0.791667
vt 0.041667 0.791667
vt 0.250000 1.000000
vt 0.033333 0.733333
vt 0.041667 0.729167
vt 0.000000 1.000000
vt 0.041667 1.000000
vt 0.033333 0.641667
vt 0.041667 0.645833
vt 0.041667 0.791667
vt 0.041667 0.791667
vt 0.250000 0.791667
vt 0.000000 0.750000
vt 0.208333 0.750000
vt 0.208333 1.000000
vt 0.000000 1.000000
vt 0.000000 0.791667
vt 0.000000 0.791667
vt 0.000000 1.000000
vt 0.208333 0.791667
vt 0.250000 0.750000
vt 0.250000 1.000000
vt 0.208333 0.791667
vt 0.208333 0.791667
vt 0.000000 0.791667
vt 0.375325 0.999164
vt 0.457240 0.752282
vt 0.498197 0.752282
vt 0.498197 0.999164
vt 0.272932 0.875723
vt 0.272932 0.752282
vt 0.395804 0.999164
vt 0.252453 0.999164
vt 0.252453 0.752282
vt 0.477718 0.752282
vt 0.477718 0.875723
vt 0.354846 0.999164
vt 0.272932 0.875723
vt 0.272932 0.752282
vt 0.498197 0.875723
vt 0.272932 0.744156
vt 0.272932 0.620715
vt 0.498197 0.620715
vt 0.498197 0.744156
vt 0.489928 0.750474
vt 0.280013 0.750474
vt 0.280013 0.612863
vt 0.489928 0.612863
vt 0.280013 0.510096
vt 0.489928 0.510096
vt 0.420579 0.875723
vt 0.420579 0.752282
vt 0.420579 0.744156
vt 0.420579 0.620715
vt 0.333258 0.750474
vt 0.260929 0.750474
vt 0.260929 0.612863
vt 0.333258 0.612863
vt 0.260929 0.510096
vt 0.333258 0.510096
vt 0.252453 0.875723
vt 0.252453 0.744156
vt 0.252453 0.620715
vt 0.260929 0.750474
vt 0.256629 0.520289
vt 0.256629 0.639992
vt 0.476085 0.639992
vt 0.476085 0.520289
vt 0.256629 0.739745
vt 0.476085 0.739745
vt 0.420579 0.875723
vt 0.420579 0.752281
vt 0.420579 0.620715
vt 0.420419 0.520289
vt 0.420419 0.639992
vt 0.496036 0.639992
vt 0.496036 0.520289
vt 0.420419 0.739745
vt 0.496036 0.739745
vt 0.496036 0.639992
vt 0.496036 0.739745
vt 0.293410 0.752282
vt 0.375325 0.752282
vt 0.272932 0.774104
vt 0.272932 0.764785
vt 0.498197 0.764785
vt 0.498197 0.774104
vt 0.498197 0.970515
vt 0.272932 0.999164
vt 0.272932 0.970515
vt 0.498197 0.937173
vt 0.272932 0.937173
vt 0.498197 0.955791
vt 0.272932 0.955791
vt 0.477718 0.970515
vt 0.477718 0.999164
vt 0.252453 0.970515
vt 0.473622 0.752282
vt 0.473622 0.764785
vt 0.252453 0.764785
vt 0.252453 0.774104
vt 0.477718 0.774104
vt 0.477718 0.955791
vt 0.252453 0.955791
vt 0.477718 0.937173
vt 0.252453 0.937173
vt 0.293410 0.970515
vt 0.293410 0.999164
vt 0.252453 0.970516
vt 0.293410 0.752282
vt 0.293410 0.764785
vt 0.457240 0.774104
vt 0.457240 0.764785
vt 0.457240 0.970515
vt 0.457240 0.999164
vt 0.375325 0.970515
vt 0.293410 0.774104
vt 0.457240 0.937173
vt 0.293410 0.937173
vt 0.252453 0.937173
vt 0.498197 0.955791
vt 0.457240 0.955791
vt 0.293410 0.955791
vt 0.252453 0.955791
vt 0.272932 0.774104
vt 0.277027 0.764785
vt 0.330071 0.970515
vt 0.330071 0.999164
vt 0.277027 0.752282
vt 0.272932 0.999164
vt 0.272932 0.970515
vt 0.330071 0.970516
vt 0.330071 0.999164
vt 0.272932 0.955791
vt 0.330071 0.955791
vt 0.498197 0.937173
vt 0.272932 0.937173
vt 0.498197 0.955791
vt 0.272932 0.955791
vt 0.252453 0.955791
vt 0.330071 0.955791
vt 0.420579 0.875723
vt 0.420579 0.752282
vt 0.420579 0.744156
vt 0.420579 0.620715
vt 0.333258 0.750474
vt 0.333258 0.612863
vt 0.333258 0.510096
vt 0.420579 0.875723
vt 0.420579 0.752281
vt 0.420579 0.620715
vt 0.420419 0.520289
vt 0.420419 0.639992
vt 0.420419 0.739745
vt 0.330071 0.970515
vt 0.330071 0.999164
vt 0.330071 0.955791
vt 0.330071 0.955791
vt 0.420579 0.955791
vt 0.420579 0.970515
vt 0.375325 0.970515
vt 0.375325 0.955791
vt 0.420579 0.955791
vt 0.375325 0.955791
vt 0.420579 0.999164
vt 0.332245 0.639992
vt 0.376332 0.639992
vt 0.376332 0.739745
vt 0.332245 0.739745
vt 0.332245 0.520289
vt 0.376332 0.520289
vt 0.330071 0.744156
vt 0.330071 0.620715
vt 0.375325 0.620715
vt 0.375325 0.744156
vt 0.330071 0.875723
vt 0.330071 0.752282
vt 0.375325 0.752282
vt 0.375325 0.875723
vt 0.417599 0.612863
vt 0.417599 0.510096
vt 0.375429 0.510096
vt 0.375429 0.612863
vt 0.417599 0.750474
vt 0.375429 0.750474
vt 0.330071 0.744156
vt 0.375325 0.744156
vt 0.375325 0.620715
vt 0.330071 0.620715
vt 0.330071 0.875723
vt 0.330071 0.752282
vt 0.256629 0.520289
vt 0.256629 0.639992
vt 0.256629 0.739745
vt 0.420579 0.955791
vt 0.375325 0.970516
vt 0.420579 0.970515
vt 0.420579 0.955791
vt 0.420579 0.999164
vt 0.420579 0.999164
vt 0.332245 0.639992
vt 0.332245 0.739745
vt 0.376332 0.739745
vt 0.332245 0.520289
vt 0.376332 0.520289
vt 0.330071 0.744156
vt 0.375325 0.744156
vt 0.330071 0.620715
vt 0.330071 0.875723
vt 0.417599 0.612863
vt 0.375429 0.612863
vt 0.375325 0.620715
vt 0.330071 0.875723
vt 0.330071 0.752281
vt 0.421001 0.951468
vt 0.499900 0.951468
vt 0.499900 0.965214
vt 0.421001 0.965214
vt 0.421001 0.750100
vt 0.499900 0.750100
vt 0.499900 0.800091
vt 0.421001 0.800091
vt 0.328999 0.820126
vt 0.250100 0.820126
vt 0.250100 0.800091
vt 0.328999 0.800091
vt 0.421001 0.837352
vt 0.499900 0.837352
vt 0.328999 0.951468
vt 0.375000 0.951468
vt 0.375000 0.965214
vt 0.328999 0.965214
vt 0.499900 0.820126
vt 0.421001 0.820126
vt 0.250100 0.951468
vt 0.250100 0.965214
vt 0.250100 0.750100
vt 0.328999 0.750100
vt 0.250100 0.837352
vt 0.328999 0.837352
vt 0.115312 0.502681
vt 0.121347 0.502681
vt 0.121347 0.648220
vt 0.115312 0.648220
vt 0.091170 0.648220
vt 0.085134 0.648220
vt 0.085134 0.502681
vt 0.091170 0.502681
vt 0.164884 0.575367
vt 0.245926 0.575367
vt 0.002378 0.575367
vt 0.067634 0.575367
vt 0.164884 0.563875
vt 0.067634 0.563875
vt 0.002378 0.563875
vt 0.245926 0.563875
vt 0.067634 0.552384
vt 0.002378 0.552384
vt 0.245926 0.552384
vt 0.164884 0.552384
vt 0.084272 0.673426
vt 0.114659 0.673426
vt 0.120737 0.685581
vt 0.084272 0.685581
vt 0.090400 0.673325
vt 0.102656 0.673325
vt 0.102656 0.685581
vt 0.043628 0.500039
vt 0.022500 0.500039
vt 0.022500 0.749961
vt 0.043628 0.749961
vt 0.070838 0.500039
vt 0.070838 0.749961
vt 0.084272 0.701427
vt 0.120737 0.701296
vt 0.084272 0.701296
vt 0.054647 0.555097
vt 0.067053 0.555097
vt 0.067124 0.577081
vt 0.054727 0.577075
vt 0.066632 0.503064
vt 0.054169 0.503102
vt 0.005124 0.746434
vt 0.005076 0.714100
vt 0.011819 0.714098
vt 0.011866 0.746432
vt 0.067217 0.606248
vt 0.067294 0.630120
vt 0.054919 0.630098
vt 0.054833 0.606233
vt 0.005069 0.693606
vt 0.015005 0.693626
vt 0.005064 0.664144
vt 0.014999 0.664121
vt 0.005064 0.639014
vt 0.014999 0.639014
vt 0.055192 0.705098
vt 0.055112 0.683121
vt 0.067464 0.683158
vt 0.067535 0.705142
vt 0.067956 0.745988
vt 0.055670 0.745906
vt 0.005124 0.504576
vt 0.011866 0.504579
vt 0.011819 0.563929
vt 0.005076 0.563927
vt 0.067371 0.653991
vt 0.055006 0.653962
vt 0.015005 0.584401
vt 0.005069 0.584421
vt 0.005064 0.613882
vt 0.014999 0.613906
vt 0.054169 0.503102
vt 0.103059 0.730441
vt 0.087760 0.730441
vt 0.087760 0.747378
vt 0.103059 0.747378
vt 0.084678 0.731174
vt 0.084678 0.747378
vt 0.094516 0.712010
vt 0.092795 0.707827
vt 0.103059 0.712010
vt 0.103059 0.707827
vt 0.067956 0.745988
vt 0.055670 0.745906
vt 0.118357 0.747378
vt 0.118357 0.730441
vt 0.121439 0.747378
vt 0.121439 0.731174
vt 0.111601 0.712010
vt 0.113322 0.707827
vt 0.005126 0.747970
vt 0.011869 0.747967
vt 0.066612 0.500593
vt 0.054146 0.500633
vt 0.005126 0.501758
vt 0.011869 0.501761
vt 0.067976 0.747927
vt 0.055693 0.747843
vt 0.213047 0.712577
vt 0.213047 0.743041
vt 0.241110 0.743041
vt 0.241110 0.712577
vt 0.208254 0.525464
vt 0.208254 0.707784
vt 0.213047 0.525464
vt 0.213047 0.747835
vt 0.169817 0.743041
vt 0.169817 0.747835
vt 0.245903 0.747835
vt 0.241110 0.525464
vt 0.086574 0.654092
vt 0.100887 0.654092
vt 0.100887 0.686517
vt 0.086574 0.686517
vt 0.169817 0.712577
vt 0.169817 0.707784
vt 0.100887 0.500983
vt 0.086574 0.500983
vt 0.245903 0.712577
vt 0.245903 0.525464
s 1
usemtl M_DungeonEnviro
f 5508/3488/2156 5509/3489/2156 5523/3490/2155 5521/3491/2155
f 5505/3492/2155 5510/3493/2155 5507/3494/2156 5506/3495/2156
f 5506/3495/2156 5507/3494/2156 5509/3496/2156 5508/3497/2156
f 5509/3488/2156 5512/3489/2156 5555/3490/2155 5523/3491/2155
f 5510/3492/2155 5511/3493/2155 5543/3494/2156 5507/3495/2156
f 5507/3495/2156 5543/3494/2156 5512/3496/2156 5509/3497/2156
f 5514/3498/2158 5504/3492/2155 5505/3493/2155 5506/3494/2156
f 5514/3498/2158 5506/3494/2156 5508/3496/2156 5513/3499/2157
f 5513/3500/2157 5508/3489/2156 5521/3490/2155
f 5517/3501/2159 5513/3502/2157 5521/3503/2155
f 5515/3492/2155 5504/3493/2155 5514/3504/2158 5516/3495/2159
f 5516/3495/2159 5514/3504/2158 5513/3505/2157 5517/3497/2159
f 5518/3493/2155 5519/3488/2155 5521/3489/2155 5520/3506/2155
f 5520/3493/2155 5521/3488/2155 5523/3489/2155 5522/3506/2155
f 5522/3493/2155 5523/3488/2155 5555/3489/2155 5562/3506/2155
f 5527/3491/2160 5520/3488/2155 5522/3489/2155 5528/3507/2160
f 5525/3492/2155 5526/3495/2160 5530/3494/2160 5529/3493/2155
f 5526/3495/2160 5527/3497/2160 5528/3496/2160 5530/3494/2160
f 5528/3491/2160 5522/3488/2155 5562/3489/2155 5564/3507/2160
f 5529/3492/2155 5530/3495/2160 5566/3494/2160 5565/3493/2155
f 5530/3495/2160 5528/3497/2160 5564/3496/2160 5566/3494/2160
f 5535/3508/2162 5526/3494/2160 5525/3493/2155 5524/3492/2155
f 5535/3508/2162 5534/3509/2161 5527/3496/2160 5526/3494/2160
f 5534/3510/2161 5520/3489/2155 5527/3507/2160
f 5535/3498/2162 5524/3492/2155 5531/3493/2155 5532/3494/2159
f 5535/3498/2162 5532/3494/2159 5533/3496/2159 5534/3499/2161
f 5534/3511/2161 5533/3512/2159 5520/3489/2155
f 5540/3513/2156 5552/3514/2155 5554/3515/2155 5541/3516/2156
f 5537/3492/2155 5538/3495/2156 5539/3494/2156 5542/3493/2155
f 5538/3495/2156 5540/3497/2156 5541/3496/2156 5539/3494/2156
f 5541/3513/2156 5554/3514/2155 5555/3515/2155 5512/3516/2156
f 5542/3492/2155 5539/3495/2156 5543/3494/2156 5511/3493/2155
f 5539/3495/2156 5541/3497/2156 5512/3496/2156 5543/3494/2156
f 5545/3498/2164 5538/3494/2156 5537/3493/2155 5536/3492/2155
f 5545/3498/2164 5544/3499/2163 5540/3496/2156 5538/3494/2156
f 5544/3517/2163 5552/3515/2155 5540/3516/2156
f 5548/3518/2165 5552/3519/2155 5544/3520/2163
f 5546/3492/2155 5547/3495/2165 5545/3504/2164 5536/3493/2155
f 5547/3495/2165 5548/3497/2165 5544/3505/2163 5545/3504/2164
f 5549/3521/2155 5551/3522/2155 5552/3516/2155 5550/3513/2155
f 5551/3521/2155 5553/3522/2155 5554/3516/2155 5552/3513/2155
f 5553/3521/2155 5562/3522/2155 5555/3516/2155 5554/3513/2155
f 5559/3514/2160 5560/3515/2160 5553/3516/2155 5551/3513/2155
f 5557/3492/2155 5561/3493/2155 5563/3494/2160 5558/3495/2160
f 5558/3495/2160 5563/3494/2160 5560/3496/2160 5559/3497/2160
f 5560/3514/2160 5564/3515/2160 5562/3516/2155 5553/3513/2155
f 5561/3492/2155 5565/3493/2155 5566/3494/2160 5563/3495/2160
f 5563/3495/2160 5566/3494/2160 5564/3496/2160 5560/3497/2160
f 5571/3508/2167 5556/3492/2155 5557/3493/2155 5558/3494/2160
f 5571/3508/2167 5558/3494/2160 5559/3496/2160 5570/3509/2166
f 5570/3523/2166 5559/3515/2160 5551/3516/2155
f 5571/3498/2167 5568/3494/2165 5567/3493/2155 5556/3492/2155
f 5571/3498/2167 5570/3499/2166 5569/3496/2165 5568/3494/2165
f 5570/3524/2166 5551/3516/2155 5569/3525/2165
f 5586/3526/2169 5597/3527/2168 5572/3528/2168 5573/3529/2169
f 5595/3530/2180 5642/3531/2182 5599/3528/2168 5574/3529/2169 5594/3532/2179
f 5573/3533/2169 5572/3534/2168 5634/3535/2184 5575/3536/2170 5585/3537/2175
f 5575/3538/2170 5634/3539/2184 5630/3528/2174 5579/3540/2173
f 5585/3541/2175 5575/3542/2170 5579/3543/2173 5578/3544/2172
f 5585/3545/2175 5578/3546/2172 5576/3547/2171 5573/3548/2169
f 5573/3548/2169 5576/3547/2171 5582/3549/2171 5586/3550/2169
f 5812/3551/2173 5817/3552/2174 5583/3528/2174 5584/3540/2173
f 5810/3553/2172 5812/3554/2173 5584/3543/2173 5577/3544/2172
f 5810/3555/2172 5577/3556/2172 5580/3557/2171 5813/3558/2171
f 5813/3558/2171 5580/3557/2171 5581/3559/2171 5811/3560/2171
f 5584/3561/2173 5583/3534/2174 5729/3528/2174 5672/3540/2173
f 5577/3562/2172 5584/3563/2173 5672/3543/2173 5674/3544/2172
f 5577/3545/2172 5674/3564/2172 5673/3557/2171 5580/3548/2171
f 5580/3548/2171 5673/3557/2171 5675/3559/2171 5581/3550/2171
f 5595/3538/2180 5590/3540/2177 5638/3528/2178 5642/3539/2182
f 5594/3541/2179 5589/3544/2176 5590/3543/2177 5595/3542/2180
f 5594/3565/2179 5574/3566/2169 5587/3567/2171 5589/3568/2176
f 5574/3566/2169 5586/3569/2169 5582/3570/2171 5587/3567/2171
f 5815/3571/2177 5593/3540/2177 5592/3528/2178 5818/3572/2178
f 5814/3553/2176 5588/3544/2176 5593/3543/2177 5815/3573/2177
f 5814/3574/2176 5816/3575/2171 5591/3576/2171 5588/3577/2176
f 5816/3575/2171 5811/3578/2171 5581/3579/2171 5591/3576/2171
f 5593/3561/2177 5685/3540/2177 5688/3528/2178 5592/3534/2178
f 5588/3562/2176 5687/3544/2176 5685/3543/2177 5593/3563/2177
f 5588/3565/2176 5591/3566/2171 5686/3580/2171 5687/3577/2176
f 5591/3566/2171 5581/3569/2171 5675/3581/2171 5686/3580/2171
f 5586/3526/2169 5598/3582/2168 5596/3583/2168
f 5586/3526/2169 5596/3583/2168 5597/3527/2168
f 5574/3533/2169 5599/3534/2168 5598/3582/2168 5586/3526/2169
f 5643/3584/2188 5604/3585/2181 5602/3586/2181 5600/3587/2181
f 5601/3528/2168 5602/3586/2181 5604/3585/2181 5603/3531/2168
f 5625/3588/2168 5599/3529/2168 5642/3589/2182 5606/3590/2182
f 5600/3587/2181 5605/3591/2168 5656/3592/2182 5643/3584/2188
f 5621/3593/2168 5625/3588/2168 5606/3590/2182 5654/3594/2182
f 5605/3591/2168 5621/3593/2168 5654/3594/2182 5656/3592/2182
f 5648/3595/2184 5634/3596/2184 5572/3533/2168 5626/3597/2168
f 5635/3598/2184 5636/3599/2186 5608/3600/2181 5607/3534/2168
f 5611/3601/2181 5608/3600/2181 5636/3599/2186 5609/3602/2183
f 5610/3603/2184 5648/3595/2184 5626/3597/2168 5622/3604/2168
f 5650/3605/2184 5610/3603/2184 5622/3604/2168 5618/3606/2168
f 5609/3602/2183 5650/3605/2184 5618/3606/2168 5611/3601/2181
f 5629/3607/2168 5598/3608/2168 5599/3533/2168 5625/3609/2168
f 5616/3610/2168 5617/3611/2181 5602/3600/2181 5601/3534/2168
f 5612/3612/2181 5614/3613/2181 5608/3586/2181 5611/3587/2181
f 5628/3614/2168 5597/3615/2168 5596/3526/2168 5627/3616/2168
f 5626/3588/2168 5572/3529/2168 5597/3615/2168 5628/3614/2168
f 5607/3528/2168 5608/3586/2181 5614/3613/2181 5613/3527/2168
f 5600/3601/2181 5602/3600/2181 5617/3611/2181 5615/3617/2181
f 5627/3616/2168 5596/3526/2168 5598/3608/2168 5629/3607/2168
f 5611/3587/2181 5618/3591/2168 5619/3618/2168 5612/3612/2181
f 5615/3617/2181 5620/3619/2168 5605/3620/2168 5600/3601/2181
f 5618/3591/2168 5622/3621/2168 5623/3622/2168 5619/3618/2168
f 5620/3619/2168 5624/3623/2168 5621/3624/2168 5605/3620/2168
f 5622/3621/2168 5626/3588/2168 5628/3614/2168 5623/3622/2168
f 5624/3623/2168 5629/3607/2168 5625/3609/2168 5621/3624/2168
f 5609/3625/2183 5636/3626/2186 5865/3586/2185 5632/3587/2185
f 5821/3627/2174 5829/3628/2174 5630/3533/2174 5646/3597/2174
f 5749/3588/2174 5729/3529/2174 5583/3533/2174 5647/3597/2174
f 5732/3528/2174 5731/3586/2185 5864/3600/2185 5633/3534/2174
f 5631/3601/2185 5864/3600/2185 5731/3586/2185 5730/3587/2185
f 5863/3528/2174 5865/3586/2185 5636/3626/2186 5635/3629/2184
f 5646/3588/2174 5630/3529/2174 5634/3630/2184 5648/3631/2184
f 5643/3625/2188 5848/3587/2187 5641/3586/2187 5645/3626/2189
f 5831/3632/2178 5652/3597/2178 5638/3533/2178 5830/3633/2178
f 5757/3588/2178 5653/3597/2178 5592/3533/2178 5688/3529/2178
f 5743/3528/2178 5640/3534/2178 5849/3600/2187 5742/3586/2187
f 5639/3601/2187 5741/3587/2187 5742/3586/2187 5849/3600/2187
f 5637/3528/2178 5644/3629/2178 5645/3626/2189 5641/3586/2187
f 5652/3588/2178 5606/3631/2182 5642/3630/2182 5638/3529/2178
f 5862/3593/2174 5646/3588/2174 5648/3631/2184 5610/3634/2184
f 5752/3593/2174 5749/3588/2174 5647/3597/2174 5861/3604/2174
f 5868/3635/2174 5821/3627/2174 5646/3597/2174 5862/3604/2174
f 5753/3636/2174 5752/3593/2174 5861/3604/2174 5649/3606/2174
f 5651/3636/2174 5862/3593/2174 5610/3634/2184 5650/3637/2184
f 5632/3587/2185 5651/3636/2174 5650/3637/2184 5609/3625/2183
f 5730/3587/2185 5753/3636/2174 5649/3606/2174 5631/3601/2185
f 5847/3638/2178 5654/3639/2182 5606/3631/2182 5652/3588/2178
f 5760/3593/2178 5655/3640/2178 5653/3597/2178 5757/3588/2178
f 5832/3641/2178 5847/3640/2178 5652/3597/2178 5831/3632/2178
f 5762/3636/2178 5657/3606/2178 5655/3640/2178 5760/3593/2178
f 5658/3636/2178 5656/3637/2182 5654/3639/2182 5847/3638/2178
f 5848/3587/2187 5643/3625/2188 5656/3637/2182 5658/3636/2178
f 5741/3587/2187 5639/3601/2187 5657/3606/2178 5762/3636/2178
f 5677/3526/2191 5660/3529/2191 5659/3528/2190 5692/3527/2190
f 5690/3530/2195 5689/3532/2194 5661/3529/2191 5694/3528/2190 5744/3531/2197
f 5660/3533/2191 5676/3537/2193 5662/3536/2192 5733/3535/2200 5659/3534/2190
f 5662/3538/2192 5666/3540/2173 5725/3528/2174 5733/3539/2200
f 5676/3541/2193 5665/3544/2172 5666/3543/2173 5662/3542/2192
f 5676/3545/2193 5660/3548/2191 5663/3547/2171 5665/3546/2172
f 5660/3548/2191 5677/3550/2191 5669/3549/2171 5663/3547/2171
f 5778/3642/2173 5671/3540/2173 5670/3528/2174 5783/3643/2174
f 5776/3644/2172 5664/3544/2172 5671/3543/2173 5778/3645/2173
f 5776/3646/2172 5779/3647/2171 5667/3557/2171 5664/3556/2172
f 5779/3647/2171 5777/3648/2171 5668/3559/2171 5667/3557/2171
f 5671/3561/2173 5672/3540/2173 5729/3528/2174 5670/3534/2174
f 5664/3562/2172 5674/3544/2172 5672/3543/2173 5671/3563/2173
f 5664/3545/2172 5667/3548/2171 5673/3557/2171 5674/3564/2172
f 5667/3548/2171 5668/3550/2171 5675/3559/2171 5673/3557/2171
f 5690/3538/2195 5744/3539/2197 5737/3528/2178 5681/3540/2177
f 5689/3541/2194 5690/3542/2195 5681/3543/2177 5680/3544/2176
f 5689/3565/2194 5680/3568/2176 5678/3567/2171 5661/3566/2191
f 5661/3566/2191 5678/3567/2171 5669/3570/2171 5677/3569/2191
f 5781/3649/2177 5784/3650/2178 5683/3528/2178 5684/3540/2177
f 5780/3644/2176 5781/3651/2177 5684/3543/2177 5679/3544/2176
f 5780/3652/2176 5679/3577/2176 5682/3576/2171 5782/3653/2171
f 5782/3653/2171 5682/3576/2171 5668/3579/2171 5777/3654/2171
f 5684/3561/2177 5683/3534/2178 5688/3528/2178 5685/3540/2177
f 5679/3562/2176 5684/3563/2177 5685/3543/2177 5687/3544/2176
f 5679/3565/2176 5687/3577/2176 5686/3580/2171 5682/3566/2171
f 5682/3566/2171 5686/3580/2171 5675/3581/2171 5668/3569/2171
f 5677/3526/2191 5691/3583/2190 5693/3582/2190
f 5677/3526/2191 5692/3527/2190 5691/3583/2190
f 5661/3533/2191 5677/3526/2191 5693/3582/2190 5694/3534/2190
f 5745/3584/2202 5695/3587/2196 5697/3586/2196 5699/3585/2196
f 5696/3528/2190 5698/3531/2190 5699/3585/2196 5697/3586/2196
f 5720/3588/2190 5701/3590/2197 5744/3589/2197 5694/3529/2190
f 5695/3587/2196 5745/3584/2202 5761/3592/2197 5700/3591/2190
f 5716/3593/2190 5758/3594/2197 5701/3590/2197 5720/3588/2190
f 5700/3591/2190 5761/3592/2197 5758/3594/2197 5716/3593/2190
f 5751/3595/2200 5721/3597/2190 5659/3533/2190 5733/3596/2200
f 5734/3598/2200 5702/3534/2190 5703/3600/2198 5735/3599/2201
f 5706/3601/2198 5704/3602/2199 5735/3599/2201 5703/3600/2198
f 5705/3603/2200 5717/3604/2190 5721/3597/2190 5751/3595/2200
f 5754/3605/2200 5713/3606/2190 5717/3604/2190 5705/3603/2200
f 5704/3602/2199 5706/3601/2198 5713/3606/2190 5754/3605/2200
f 5724/3607/2190 5720/3609/2190 5694/3533/2190 5693/3608/2190
f 5711/3610/2190 5696/3534/2190 5697/3600/2196 5712/3611/2198
f 5707/3612/2198 5706/3587/2198 5703/3586/2198 5709/3613/2198
f 5723/3614/2190 5722/3616/2190 5691/3526/2190 5692/3615/2190
f 5721/3588/2190 5723/3614/2190 5692/3615/2190 5659/3529/2190
f 5702/3528/2190 5708/3527/2190 5709/3613/2198 5703/3586/2198
f 5695/3601/2196 5710/3617/2198 5712/3611/2198 5697/3600/2196
f 5722/3616/2190 5724/3607/2190 5693/3608/2190 5691/3526/2190
f 5706/3587/2198 5707/3612/2198 5714/3618/2190 5713/3591/2190
f 5710/3617/2198 5695/3601/2196 5700/3620/2190 5715/3619/2190
f 5713/3591/2190 5714/3618/2190 5718/3622/2190 5717/3621/2190
f 5715/3619/2190 5700/3620/2190 5716/3624/2190 5719/3623/2190
f 5717/3621/2190 5718/3622/2190 5723/3614/2190 5721/3588/2190
f 5719/3623/2190 5716/3624/2190 5720/3609/2190 5724/3607/2190
f 5704/3625/2199 5880/3587/2185 5728/3586/2185 5735/3626/2201
f 5788/3655/2174 5748/3597/2174 5725/3533/2174 5796/3656/2174
f 5749/3588/2174 5750/3597/2174 5670/3533/2174 5729/3529/2174
f 5732/3528/2174 5726/3534/2174 5727/3600/2185 5731/3586/2185
f 5881/3601/2185 5730/3587/2185 5731/3586/2185 5727/3600/2185
f 5882/3528/2174 5734/3629/2200 5735/3626/2201 5728/3586/2185
f 5748/3588/2174 5751/3631/2200 5733/3630/2200 5725/3529/2174
f 5745/3625/2202 5747/3626/2189 5740/3586/2187 5834/3587/2187
f 5798/3655/2178 5797/3656/2178 5737/3533/2178 5755/3597/2178
f 5757/3588/2178 5688/3529/2178 5683/3533/2178 5756/3597/2178
f 5743/3528/2178 5742/3586/2187 5835/3600/2187 5739/3534/2178
f 5738/3601/2187 5835/3600/2187 5742/3586/2187 5741/3587/2187
f 5736/3528/2178 5740/3586/2187 5747/3626/2189 5746/3629/2178
f 5755/3588/2178 5737/3529/2178 5744/3630/2197 5701/3631/2197
f 5878/3593/2174 5705/3634/2200 5751/3631/2200 5748/3588/2174
f 5752/3593/2174 5879/3604/2174 5750/3597/2174 5749/3588/2174
f 5892/3657/2174 5878/3604/2174 5748/3597/2174 5788/3655/2174
f 5753/3636/2174 5883/3606/2174 5879/3604/2174 5752/3593/2174
f 5884/3636/2174 5754/3637/2200 5705/3634/2200 5878/3593/2174
f 5880/3587/2185 5704/3625/2199 5754/3637/2200 5884/3636/2174
f 5730/3587/2185 5881/3601/2185 5883/3606/2174 5753/3636/2174
f 5833/3638/2178 5755/3588/2178 5701/3631/2197 5758/3639/2197
f 5760/3593/2178 5757/3588/2178 5756/3597/2178 5759/3640/2178
f 5842/3658/2178 5798/3655/2178 5755/3597/2178 5833/3640/2178
f 5762/3636/2178 5760/3593/2178 5759/3640/2178 5836/3606/2178
f 5763/3636/2178 5833/3638/2178 5758/3639/2197 5761/3637/2197
f 5834/3587/2187 5763/3636/2178 5761/3637/2197 5745/3625/2202
f 5741/3587/2187 5762/3636/2178 5836/3606/2178 5738/3601/2187
f 5786/3659/2178 5785/3660/2178 5774/3661/2178 5775/3662/2178
f 5887/3663/2174 5885/3664/2174 5773/3661/2174 5787/3660/2174
f 5785/3660/2178 5784/3665/2178 5772/3526/2178 5774/3661/2178
f 5787/3660/2174 5773/3661/2174 5771/3526/2174 5783/3665/2174
f 5795/3666/2171 5770/3667/2171 5765/3668/2171 5790/3669/2171
f 5793/3670/2176 5768/3671/2176 5770/3667/2171 5795/3666/2171
f 5793/3672/2176 5794/3673/2177 5769/3674/2177 5768/3675/2176
f 5794/3676/2177 5797/3677/2178 5772/3678/2178 5769/3679/2177
f 5792/3680/2171 5790/3681/2171 5765/3682/2171 5767/3683/2171
f 5789/3684/2172 5792/3680/2171 5767/3683/2171 5764/3685/2172
f 5789/3686/2172 5764/3687/2172 5766/3688/2173 5791/3689/2173
f 5791/3690/2173 5766/3679/2173 5771/3583/2174 5796/3691/2174
f 5750/3588/2174 5787/3660/2174 5783/3665/2174 5670/3529/2174
f 5756/3588/2178 5683/3529/2178 5784/3665/2178 5785/3660/2178
f 5879/3593/2174 5887/3663/2174 5787/3660/2174 5750/3588/2174
f 5759/3593/2178 5756/3588/2178 5785/3660/2178 5786/3659/2178
f 5770/3667/2171 5782/3653/2171 5777/3654/2171 5765/3668/2171
f 5768/3671/2176 5780/3652/2176 5782/3653/2171 5770/3667/2171
f 5768/3675/2176 5769/3674/2177 5781/3651/2177 5780/3644/2176
f 5769/3679/2177 5772/3678/2178 5784/3650/2178 5781/3649/2177
f 5767/3683/2171 5765/3682/2171 5777/3648/2171 5779/3647/2171
f 5764/3685/2172 5767/3683/2171 5779/3647/2171 5776/3646/2172
f 5764/3687/2172 5776/3644/2172 5778/3645/2173 5766/3688/2173
f 5766/3679/2173 5778/3642/2173 5783/3643/2174 5771/3583/2174
f 5666/3561/2173 5791/3690/2173 5796/3691/2174 5725/3534/2174
f 5665/3562/2172 5789/3686/2172 5791/3689/2173 5666/3563/2173
f 5665/3545/2172 5663/3548/2171 5792/3680/2171 5789/3684/2172
f 5663/3548/2171 5669/3550/2171 5790/3681/2171 5792/3680/2171
f 5681/3561/2177 5737/3534/2178 5797/3677/2178 5794/3676/2177
f 5680/3562/2176 5681/3563/2177 5794/3673/2177 5793/3672/2176
f 5680/3692/2176 5793/3670/2176 5795/3666/2171 5678/3693/2171
f 5678/3693/2171 5795/3666/2171 5790/3669/2171 5669/3694/2171
f 5775/3662/2178 5774/3661/2178 5798/3655/2178 5842/3658/2178
f 5885/3664/2174 5892/3657/2174 5788/3655/2174 5773/3661/2174
f 5774/3661/2178 5772/3526/2178 5797/3656/2178 5798/3655/2178
f 5773/3661/2174 5788/3655/2174 5796/3656/2174 5771/3526/2174
f 5856/3695/2178 5850/3662/2178 5809/3696/2178 5819/3697/2178
f 5873/3698/2174 5820/3697/2174 5808/3661/2174 5866/3664/2174
f 5819/3697/2178 5809/3696/2178 5807/3526/2178 5818/3699/2178
f 5820/3697/2174 5817/3700/2174 5806/3526/2174 5808/3661/2174
f 5828/3701/2171 5823/3702/2171 5800/3703/2171 5805/3667/2171
f 5826/3704/2176 5828/3701/2171 5805/3667/2171 5803/3705/2176
f 5826/3706/2176 5803/3707/2176 5804/3674/2177 5827/3708/2177
f 5827/3709/2177 5804/3679/2177 5807/3678/2178 5830/3691/2178
f 5825/3710/2171 5802/3711/2171 5800/3682/2171 5823/3681/2171
f 5822/3684/2172 5799/3685/2172 5802/3711/2171 5825/3710/2171
f 5822/3706/2172 5824/3673/2173 5801/3712/2173 5799/3707/2172
f 5824/3713/2173 5829/3714/2174 5806/3583/2174 5801/3679/2173
f 5647/3588/2174 5583/3529/2174 5817/3700/2174 5820/3697/2174
f 5653/3588/2178 5819/3697/2178 5818/3699/2178 5592/3529/2178
f 5861/3593/2174 5647/3588/2174 5820/3697/2174 5873/3698/2174
f 5655/3593/2178 5856/3695/2178 5819/3697/2178 5653/3588/2178
f 5805/3667/2171 5800/3703/2171 5811/3578/2171 5816/3575/2171
f 5803/3705/2176 5805/3667/2171 5816/3575/2171 5814/3574/2176
f 5803/3707/2176 5814/3553/2176 5815/3573/2177 5804/3674/2177
f 5804/3679/2177 5815/3571/2177 5818/3572/2178 5807/3678/2178
f 5802/3711/2171 5813/3558/2171 5811/3560/2171 5800/3682/2171
f 5799/3685/2172 5810/3555/2172 5813/3558/2171 5802/3711/2171
f 5799/3707/2172 5801/3712/2173 5812/3554/2173 5810/3553/2172
f 5801/3679/2173 5806/3583/2174 5817/3552/2174 5812/3551/2173
f 5579/3561/2173 5630/3534/2174 5829/3714/2174 5824/3713/2173
f 5578/3562/2172 5579/3563/2173 5824/3673/2173 5822/3706/2172
f 5578/3545/2172 5822/3684/2172 5825/3710/2171 5576/3548/2171
f 5576/3548/2171 5825/3710/2171 5823/3681/2171 5582/3550/2171
f 5590/3561/2177 5827/3709/2177 5830/3691/2178 5638/3534/2178
f 5589/3562/2176 5826/3706/2176 5827/3708/2177 5590/3563/2177
f 5589/3692/2176 5587/3693/2171 5828/3701/2171 5826/3704/2176
f 5587/3693/2171 5582/3694/2171 5823/3702/2171 5828/3701/2171
f 5850/3662/2178 5832/3641/2178 5831/3632/2178 5809/3696/2178
f 5866/3664/2174 5808/3661/2174 5821/3627/2174 5868/3635/2174
f 5809/3696/2178 5831/3632/2178 5830/3633/2178 5807/3526/2178
f 5808/3661/2174 5806/3526/2174 5829/3628/2174 5821/3627/2174
f 5841/3715/2178 5836/3716/2178 5759/3717/2178 5786/3718/2178
f 5839/3719/2178 5739/3720/2178 5835/3721/2187 5840/3722/2187
f 5843/3723/2187 5834/3724/2187 5740/3725/2187 5845/3726/2187
f 5838/3727/2187 5738/3728/2187 5836/3716/2178 5841/3715/2178
f 5846/3729/2178 5837/3730/2178 5775/3731/2178 5842/3732/2178
f 5738/3733/2187 5838/3734/2187 5840/3722/2187 5835/3721/2187
f 5837/3730/2178 5841/3715/2178 5786/3718/2178 5775/3731/2178
f 5763/3735/2178 5846/3729/2178 5842/3732/2178 5833/3736/2178
f 5736/3737/2178 5844/3738/2178 5845/3726/2187 5740/3725/2187
f 5834/3739/2187 5843/3740/2187 5846/3729/2178 5763/3735/2178
f 5855/3715/2178 5658/3716/2178 5847/3717/2178 5832/3718/2178
f 5853/3719/2178 5637/3720/2178 5641/3721/2187 5854/3722/2187
f 5857/3723/2187 5639/3724/2187 5849/3725/2187 5859/3726/2187
f 5852/3727/2187 5848/3728/2187 5658/3716/2178 5855/3715/2178
f 5860/3729/2178 5851/3730/2178 5850/3731/2178 5856/3732/2178
f 5848/3733/2187 5852/3734/2187 5854/3722/2187 5641/3721/2187
f 5851/3730/2178 5855/3715/2178 5832/3718/2178 5850/3731/2178
f 5657/3735/2178 5860/3729/2178 5856/3732/2178 5655/3736/2178
f 5640/3737/2178 5858/3738/2178 5859/3726/2187 5849/3725/2187
f 5639/3739/2187 5857/3740/2187 5860/3729/2178 5657/3735/2178
f 5872/3715/2174 5868/3718/2174 5862/3717/2174 5651/3716/2174
f 5870/3719/2174 5871/3722/2185 5865/3721/2185 5863/3720/2174
f 5874/3723/2185 5876/3726/2185 5864/3725/2185 5631/3724/2185
f 5869/3727/2185 5872/3715/2174 5651/3716/2174 5632/3728/2185
f 5877/3729/2174 5873/3732/2174 5866/3731/2174 5867/3730/2174
f 5632/3733/2185 5865/3721/2185 5871/3722/2185 5869/3734/2185
f 5867/3730/2174 5866/3731/2174 5868/3718/2174 5872/3715/2174
f 5649/3735/2174 5861/3736/2174 5873/3732/2174 5877/3729/2174
f 5633/3737/2174 5864/3725/2185 5876/3726/2185 5875/3738/2174
f 5631/3739/2185 5649/3735/2174 5877/3729/2174 5874/3740/2185
f 5891/3715/2174 5887/3718/2174 5879/3717/2174 5883/3716/2174
f 5889/3719/2174 5890/3722/2185 5727/3721/2185 5726/3720/2174
f 5893/3723/2185 5895/3726/2185 5728/3725/2185 5880/3724/2185
f 5888/3727/2185 5891/3715/2174 5883/3716/2174 5881/3728/2185
f 5896/3729/2174 5892/3732/2174 5885/3731/2174 5886/3730/2174
f 5881/3733/2185 5727/3721/2185 5890/3722/2185 5888/3734/2185
f 5886/3730/2174 5885/3731/2174 5887/3718/2174 5891/3715/2174
f 5884/3735/2174 5878/3736/2174 5892/3732/2174 5896/3729/2174
f 5882/3737/2174 5728/3725/2185 5895/3726/2185 5894/3738/2174
f 5880/3739/2185 5884/3735/2174 5896/3729/2174 5893/3740/2185
f 5897/3741/2203 5898/3742/2178 6016/3743/2178 6015/3744/2203
f 6019/3745/2204 6020/3746/2174 5900/3747/2174 5899/3748/2204
f 6015/3744/2203 6019/3745/2204 5899/3748/2204 5897/3741/2203
f 5908/3749/2169 5907/3749/2168 5904/3750/2168 5903/3750/2169
f 5901/3751/2205 5902/3751/2168 5906/3752/2168 5905/3752/2206
f 5905/3752/2206 5906/3752/2168 5907/3749/2168 5908/3749/2169
f 5905/3752/2206 5908/3749/2169 5912/3753/2171 5911/3754/2172
f 5901/3751/2205 5905/3752/2206 5911/3754/2172 5909/3755/2207
f 5908/3749/2169 5903/3750/2169 5910/3756/2171 5912/3753/2171
f 5923/3757/2209 5922/3757/2190 5915/3758/2190 5913/3758/2208
f 5927/3749/2169 5926/3749/2168 5920/3750/2168 5917/3750/2169
f 5932/3753/2171 5930/3756/2171 5918/3759/2191 5925/3760/2191
f 5929/3755/2207 5931/3754/2172 5923/3757/2209 5913/3758/2208
f 5914/3751/2205 5916/3751/2168 5924/3752/2168 5921/3752/2206
f 5925/3760/2191 5928/3760/2190 5922/3757/2190 5923/3757/2209
f 5918/3759/2191 5919/3759/2190 5928/3760/2190 5925/3760/2191
f 5931/3754/2172 5932/3753/2171 5925/3760/2191 5923/3757/2209
f 5921/3752/2206 5924/3752/2168 5926/3749/2168 5927/3749/2169
f 5921/3752/2206 5927/3749/2169 5932/3753/2171 5931/3754/2172
f 5914/3751/2205 5921/3752/2206 5931/3754/2172 5929/3755/2207
f 5927/3749/2169 5917/3750/2169 5930/3756/2171 5932/3753/2171
f 5938/3749/2169 5903/3750/2169 5904/3750/2168 5937/3749/2168
f 5933/3751/2210 5935/3752/2211 5936/3752/2168 5934/3751/2168
f 5935/3752/2211 5938/3749/2169 5937/3749/2168 5936/3752/2168
f 5935/3752/2211 5940/3754/2176 5941/3753/2171 5938/3749/2169
f 5933/3751/2210 5939/3755/2212 5940/3754/2176 5935/3752/2211
f 5938/3749/2169 5941/3753/2171 5910/3756/2171 5903/3750/2169
f 5948/3757/2214 5942/3758/2213 5944/3758/2190 5947/3757/2190
f 5952/3749/2169 5917/3750/2169 5920/3750/2168 5951/3749/2168
f 5956/3753/2171 5950/3760/2191 5918/3759/2191 5930/3756/2171
f 5954/3755/2212 5942/3758/2213 5948/3757/2214 5955/3754/2176
f 5943/3751/2210 5946/3752/2211 5949/3752/2168 5945/3751/2168
f 5950/3760/2191 5948/3757/2214 5947/3757/2190 5953/3760/2190
f 5918/3759/2191 5950/3760/2191 5953/3760/2190 5919/3759/2190
f 5955/3754/2176 5948/3757/2214 5950/3760/2191 5956/3753/2171
f 5946/3752/2211 5952/3749/2169 5951/3749/2168 5949/3752/2168
f 5946/3752/2211 5955/3754/2176 5956/3753/2171 5952/3749/2169
f 5943/3751/2210 5954/3755/2212 5955/3754/2176 5946/3752/2211
f 5952/3749/2169 5956/3753/2171 5930/3756/2171 5917/3750/2169
f 5964/3761/2216 5963/3762/2218 5958/3763/2215 5961/3764/2216
f 5963/3765/2218 5962/3766/2217 5965/3767/2219 5958/3764/2215
f 5957/3768/2184 5959/3769/2168 5962/3770/2217 5963/3771/2218
f 5960/3772/2174 5957/3768/2184 5963/3771/2218 5964/3773/2216
f 5965/3767/2219 5967/3774/2220 5958/3764/2215
f 5958/3763/2215 5967/3775/2220 5966/3776/2174 5961/3764/2216
f 5975/3761/2216 5974/3762/2218 5969/3763/2215 5972/3764/2216
f 5974/3765/2218 5973/3766/2217 5976/3767/2219 5969/3764/2215
f 5968/3768/2184 5970/3769/2168 5973/3770/2217 5974/3771/2218
f 5971/3772/2174 5968/3768/2184 5974/3771/2218 5975/3773/2216
f 5976/3767/2219 5978/3774/2220 5969/3764/2215
f 5969/3763/2215 5978/3775/2220 5977/3776/2174 5972/3764/2216
f 5975/3761/2216 5972/3764/2216 5980/3763/2221 5983/3762/2223
f 5983/3765/2223 5980/3764/2221 5984/3767/2224 5982/3766/2222
f 5979/3768/2200 5983/3771/2223 5982/3770/2222 5981/3769/2190
f 5971/3772/2174 5975/3773/2216 5983/3771/2223 5979/3768/2200
f 5984/3767/2224 5980/3764/2221 5985/3774/2225
f 5980/3763/2221 5972/3764/2216 5977/3776/2174 5985/3775/2225
f 5993/3761/2227 5990/3764/2227 5987/3763/2226 5992/3762/2228
f 5992/3765/2228 5987/3764/2226 5994/3767/2219 5991/3766/2217
f 5986/3768/2182 5992/3771/2228 5991/3770/2217 5988/3769/2168
f 5989/3772/2178 5993/3773/2227 5992/3771/2228 5986/3768/2182
f 5994/3767/2219 5987/3764/2226 5996/3774/2229
f 5987/3763/2226 5990/3764/2227 5995/3776/2178 5996/3775/2229
f 6004/3761/2227 6001/3764/2227 5998/3763/2226 6003/3762/2228
f 6003/3765/2228 5998/3764/2226 6005/3767/2219 6002/3766/2217
f 5997/3768/2182 6003/3771/2228 6002/3770/2217 5999/3769/2168
f 6000/3772/2178 6004/3773/2227 6003/3771/2228 5997/3768/2182
f 6005/3767/2219 5998/3764/2226 6007/3774/2229
f 5998/3763/2226 6001/3764/2227 6006/3776/2178 6007/3775/2229
f 6004/3761/2227 6012/3762/2231 6009/3763/2230 6001/3764/2227
f 6012/3765/2231 6011/3766/2222 6013/3767/2224 6009/3764/2230
f 6008/3768/2197 6010/3769/2190 6011/3770/2222 6012/3771/2231
f 6000/3772/2178 6008/3768/2197 6012/3771/2231 6004/3773/2227
f 6013/3767/2224 6014/3774/2232 6009/3764/2230
f 6009/3763/2230 6014/3775/2232 6006/3776/2178 6001/3764/2227
f 6015/3741/2203 6016/3742/2178 6018/3743/2178 6017/3744/2203
f 6021/3745/2204 6022/3746/2174 6020/3747/2174 6019/3748/2204
f 6017/3744/2203 6021/3745/2204 6019/3748/2204 6015/3741/2203
f 6033/3757/2209 6032/3757/2190 6025/3758/2190 6023/3758/2208
f 6037/3749/2169 6036/3749/2168 6030/3750/2168 6027/3750/2169
f 6042/3753/2171 6040/3756/2171 6028/3759/2191 6035/3760/2191
f 6039/3755/2207 6041/3754/2172 6033/3757/2209 6023/3758/2208
f 6024/3751/2205 6026/3751/2168 6034/3752/2168 6031/3752/2206
f 6035/3760/2191 6038/3760/2190 6032/3757/2190 6033/3757/2209
f 6028/3759/2191 6029/3759/2190 6038/3760/2190 6035/3760/2191
f 6041/3754/2172 6042/3753/2171 6035/3760/2191 6033/3757/2209
f 6031/3752/2206 6034/3752/2168 6036/3749/2168 6037/3749/2169
f 6031/3752/2206 6037/3749/2169 6042/3753/2171 6041/3754/2172
f 6024/3751/2205 6031/3752/2206 6041/3754/2172 6039/3755/2207
f 6037/3749/2169 6027/3750/2169 6040/3756/2171 6042/3753/2171
f 6049/3757/2214 6043/3758/2213 6045/3758/2190 6048/3757/2190
f 6053/3749/2169 6027/3750/2169 6030/3750/2168 6052/3749/2168
f 6057/3753/2171 6051/3760/2191 6028/3759/2191 6040/3756/2171
f 6055/3755/2212 6043/3758/2213 6049/3757/2214 6056/3754/2176
f 6044/3751/2210 6047/3752/2211 6050/3752/2168 6046/3751/2168
f 6051/3760/2191 6049/3757/2214 6048/3757/2190 6054/3760/2190
f 6028/3759/2191 6051/3760/2191 6054/3760/2190 6029/3759/2190
f 6056/3754/2176 6049/3757/2214 6051/3760/2191 6057/3753/2171
f 6047/3752/2211 6053/3749/2169 6052/3749/2168 6050/3752/2168
f 6047/3752/2211 6056/3754/2176 6057/3753/2171 6053/3749/2169
f 6044/3751/2210 6055/3755/2212 6056/3754/2176 6047/3752/2211
f 6053/3749/2169 6057/3753/2171 6040/3756/2171 6027/3750/2169
f 6065/3761/2216 6064/3762/2218 6059/3763/2215 6062/3764/2216
f 6064/3765/2218 6063/3766/2217 6066/3767/2219 6059/3764/2215
f 6058/3768/2184 6060/3769/2168 6063/3770/2217 6064/3771/2218
f 6061/3772/2174 6058/3768/2184 6064/3771/2218 6065/3773/2216
f 6066/3767/2219 6068/3774/2220 6059/3764/2215
f 6059/3763/2215 6068/3775/2220 6067/3776/2174 6062/3764/2216
f 6065/3761/2216 6062/3764/2216 6070/3763/2221 6073/3762/2223
f 6073/3765/2223 6070/3764/2221 6074/3767/2224 6072/3766/2222
f 6069/3768/2200 6073/3771/2223 6072/3770/2222 6071/3769/2190
f 6061/3772/2174 6065/3773/2216 6073/3771/2223 6069/3768/2200
f 6074/3767/2224 6070/3764/2221 6075/3774/2225
f 6070/3763/2221 6062/3764/2216 6067/3776/2174 6075/3775/2225
f 6083/3761/2227 6080/3764/2227 6077/3763/2226 6082/3762/2228
f 6082/3765/2228 6077/3764/2226 6084/3767/2219 6081/3766/2217
f 6076/3768/2182 6082/3771/2228 6081/3770/2217 6078/3769/2168
f 6079/3772/2178 6083/3773/2227 6082/3771/2228 6076/3768/2182
f 6084/3767/2219 6077/3764/2226 6086/3774/2229
f 6077/3763/2226 6080/3764/2227 6085/3776/2178 6086/3775/2229
f 6083/3761/2227 6091/3762/2231 6088/3763/2230 6080/3764/2227
f 6091/3765/2231 6090/3766/2222 6092/3767/2224 6088/3764/2230
f 6087/3768/2197 6089/3769/2190 6090/3770/2222 6091/3771/2231
f 6079/3772/2178 6087/3768/2197 6091/3771/2231 6083/3773/2227
f 6092/3767/2224 6093/3774/2232 6088/3764/2230
f 6088/3763/2230 6093/3775/2232 6085/3776/2178 6080/3764/2227
f 6104/3757/2209 6103/3757/2190 6096/3758/2190 6094/3758/2208
f 6108/3749/2169 6107/3749/2168 6101/3750/2168 6098/3750/2169
f 6113/3753/2171 6111/3756/2171 6099/3759/2191 6106/3760/2191
f 6110/3755/2207 6112/3754/2172 6104/3757/2209 6094/3758/2208
f 6095/3751/2205 6097/3751/2168 6105/3752/2168 6102/3752/2206
f 6106/3760/2191 6109/3760/2190 6103/3757/2190 6104/3757/2209
f 6099/3759/2191 6100/3759/2190 6109/3760/2190 6106/3760/2191
f 6112/3754/2172 6113/3753/2171 6106/3760/2191 6104/3757/2209
f 6102/3752/2206 6105/3752/2168 6107/3749/2168 6108/3749/2169
f 6102/3752/2206 6108/3749/2169 6113/3753/2171 6112/3754/2172
f 6095/3751/2205 6102/3752/2206 6112/3754/2172 6110/3755/2207
f 6108/3749/2169 6098/3750/2169 6111/3756/2171 6113/3753/2171
f 6120/3757/2214 6114/3758/2213 6116/3758/2190 6119/3757/2190
f 6124/3749/2169 6098/3750/2169 6101/3750/2168 6123/3749/2168
f 6128/3753/2171 6122/3760/2191 6099/3759/2191 6111/3756/2171
f 6126/3755/2212 6114/3758/2213 6120/3757/2214 6127/3754/2176
f 6115/3751/2210 6118/3752/2211 6121/3752/2168 6117/3751/2168
f 6122/3760/2191 6120/3757/2214 6119/3757/2190 6125/3760/2190
f 6099/3759/2191 6122/3760/2191 6125/3760/2190 6100/3759/2190
f 6127/3754/2176 6120/3757/2214 6122/3760/2191 6128/3753/2171
f 6118/3752/2211 6124/3749/2169 6123/3749/2168 6121/3752/2168
f 6118/3752/2211 6127/3754/2176 6128/3753/2171 6124/3749/2169
f 6115/3751/2210 6126/3755/2212 6127/3754/2176 6118/3752/2211
f 6124/3749/2169 6128/3753/2171 6111/3756/2171 6098/3750/2169
f 6136/3761/2216 6135/3762/2218 6130/3763/2215 6133/3764/2216
f 6135/3765/2218 6134/3766/2217 6137/3767/2219 6130/3764/2215
f 6129/3768/2184 6131/3769/2168 6134/3770/2217 6135/3771/2218
f 6132/3772/2174 6129/3768/2184 6135/3771/2218 6136/3773/2216
f 6137/3767/2219 6139/3774/2220 6130/3764/2215
f 6130/3763/2215 6139/3775/2220 6138/3776/2174 6133/3764/2216
f 6136/3761/2216 6133/3764/2216 6141/3763/2221 6144/3762/2223
f 6144/3765/2223 6141/3764/2221 6145/3767/2224 6143/3766/2222
f 6140/3768/2200 6144/3771/2223 6143/3770/2222 6142/3769/2190
f 6132/3772/2174 6136/3773/2216 6144/3771/2223 6140/3768/2200
f 6145/3767/2224 6141/3764/2221 6146/3774/2225
f 6141/3763/2221 6133/3764/2216 6138/3776/2174 6146/3775/2225
f 6154/3761/2227 6151/3764/2227 6148/3763/2226 6153/3762/2228
f 6153/3765/2228 6148/3764/2226 6155/3767/2219 6152/3766/2217
f 6147/3768/2182 6153/3771/2228 6152/3770/2217 6149/3769/2168
f 6150/3772/2178 6154/3773/2227 6153/3771/2228 6147/3768/2182
f 6155/3767/2219 6148/3764/2226 6157/3774/2229
f 6148/3763/2226 6151/3764/2227 6156/3776/2178 6157/3775/2229
f 6154/3761/2227 6162/3762/2231 6159/3763/2233 6151/3764/2227
f 6162/3765/2231 6161/3766/2222 6163/3767/2224 6159/3764/2233
f 6158/3768/2197 6160/3769/2190 6161/3770/2222 6162/3771/2231
f 6150/3772/2178 6158/3768/2197 6162/3771/2231 6154/3773/2227
f 6163/3767/2224 6164/3774/2232 6159/3764/2233
f 6159/3763/2233 6164/3775/2232 6156/3776/2178 6151/3764/2227
f 6175/3757/2209 6174/3757/2190 6167/3758/2190 6165/3758/2208
f 6179/3749/2169 6178/3749/2168 6172/3750/2168 6169/3750/2169
f 6184/3753/2171 6182/3756/2171 6170/3759/2191 6177/3760/2191
f 6181/3755/2207 6183/3754/2172 6175/3757/2209 6165/3758/2208
f 6166/3751/2205 6168/3751/2168 6176/3752/2168 6173/3752/2206
f 6177/3760/2191 6180/3760/2190 6174/3757/2190 6175/3757/2209
f 6170/3759/2191 6171/3759/2190 6180/3760/2190 6177/3760/2191
f 6183/3754/2172 6184/3753/2171 6177/3760/2191 6175/3757/2209
f 6173/3752/2206 6176/3752/2168 6178/3749/2168 6179/3749/2169
f 6173/3752/2206 6179/3749/2169 6184/3753/2171 6183/3754/2172
f 6166/3751/2205 6173/3752/2206 6183/3754/2172 6181/3755/2207
f 6179/3749/2169 6169/3750/2169 6182/3756/2171 6184/3753/2171
f 6191/3757/2214 6185/3758/2213 6187/3758/2190 6190/3757/2190
f 6195/3749/2169 6169/3750/2169 6172/3750/2168 6194/3749/2168
f 6199/3753/2171 6193/3760/2191 6170/3759/2191 6182/3756/2171
f 6197/3755/2212 6185/3758/2213 6191/3757/2214 6198/3754/2176
f 6186/3751/2210 6189/3752/2211 6192/3752/2168 6188/3751/2168
f 6193/3760/2191 6191/3757/2214 6190/3757/2190 6196/3760/2190
f 6170/3759/2191 6193/3760/2191 6196/3760/2190 6171/3759/2190
f 6198/3754/2176 6191/3757/2214 6193/3760/2191 6199/3753/2171
f 6189/3752/2211 6195/3749/2169 6194/3749/2168 6192/3752/2168
f 6189/3752/2211 6198/3754/2176 6199/3753/2171 6195/3749/2169
f 6186/3751/2210 6197/3755/2212 6198/3754/2176 6189/3752/2211
f 6195/3749/2169 6199/3753/2171 6182/3756/2171 6169/3750/2169
f 6207/3761/2216 6206/3762/2218 6201/3763/2215 6204/3764/2216
f 6206/3765/2218 6205/3766/2217 6208/3767/2219 6201/3764/2215
f 6200/3768/2184 6202/3769/2168 6205/3770/2217 6206/3771/2218
f 6203/3772/2174 6200/3768/2184 6206/3771/2218 6207/3773/2216
f 6208/3767/2219 6210/3774/2220 6201/3764/2215
f 6201/3763/2215 6210/3775/2220 6209/3776/2174 6204/3764/2216
f 6207/3761/2216 6204/3764/2216 6212/3763/2221 6215/3762/2223
f 6215/3765/2223 6212/3764/2221 6216/3767/2224 6214/3766/2222
f 6211/3768/2200 6215/3771/2223 6214/3770/2222 6213/3769/2190
f 6203/3772/2174 6207/3773/2216 6215/3771/2223 6211/3768/2200
f 6216/3767/2224 6212/3764/2221 6217/3774/2225
f 6212/3763/2221 6204/3764/2216 6209/3776/2174 6217/3775/2225
f 6225/3761/2227 6222/3764/2227 6219/3763/2234 6224/3762/2228
f 6224/3765/2228 6219/3764/2234 6226/3767/2219 6223/3766/2217
f 6218/3768/2182 6224/3771/2228 6223/3770/2217 6220/3769/2168
f 6221/3772/2178 6225/3773/2227 6224/3771/2228 6218/3768/2182
f 6226/3767/2219 6219/3764/2234 6228/3774/2229
f 6219/3763/2234 6222/3764/2227 6227/3776/2178 6228/3775/2229
f 6225/3761/2227 6233/3762/2231 6230/3763/2230 6222/3764/2227
f 6233/3765/2231 6232/3766/2222 6234/3767/2224 6230/3764/2230
f 6229/3768/2197 6231/3769/2190 6232/3770/2222 6233/3771/2231
f 6221/3772/2178 6229/3768/2197 6233/3771/2231 6225/3773/2227
f 6234/3767/2224 6235/3774/2232 6230/3764/2230
f 6230/3763/2230 6235/3775/2232 6227/3776/2178 6222/3764/2227
f 6246/3757/2209 6245/3757/2190 6238/3758/2190 6236/3758/2208
f 6250/3749/2169 6249/3749/2168 6243/3750/2168 6240/3750/2169
f 6255/3753/2171 6253/3756/2171 6241/3759/2191 6248/3760/2191
f 6252/3755/2207 6254/3754/2172 6246/3757/2209 6236/3758/2208
f 6237/3751/2205 6239/3751/2168 6247/3752/2168 6244/3752/2206
f 6248/3760/2191 6251/3760/2190 6245/3757/2190 6246/3757/2209
f 6241/3759/2191 6242/3759/2190 6251/3760/2190 6248/3760/2191
f 6254/3754/2172 6255/3753/2171 6248/3760/2191 6246/3757/2209
f 6244/3752/2206 6247/3752/2168 6249/3749/2168 6250/3749/2169
f 6244/3752/2206 6250/3749/2169 6255/3753/2171 6254/3754/2172
f 6237/3751/2205 6244/3752/2206 6254/3754/2172 6252/3755/2207
f 6250/3749/2169 6240/3750/2169 6253/3756/2171 6255/3753/2171
f 6262/3757/2214 6256/3758/2213 6258/3758/2190 6261/3757/2190
f 6266/3749/2169 6240/3750/2169 6243/3750/2168 6265/3749/2168
f 6270/3753/2171 6264/3760/2191 6241/3759/2191 6253/3756/2171
f 6268/3755/2212 6256/3758/2213 6262/3757/2214 6269/3754/2176
f 6257/3751/2210 6260/3752/2211 6263/3752/2168 6259/3751/2168
f 6264/3760/2191 6262/3757/2214 6261/3757/2190 6267/3760/2190
f 6241/3759/2191 6264/3760/2191 6267/3760/2190 6242/3759/2190
f 6269/3754/2176 6262/3757/2214 6264/3760/2191 6270/3753/2171
f 6260/3752/2211 6266/3749/2169 6265/3749/2168 6263/3752/2168
f 6260/3752/2211 6269/3754/2176 6270/3753/2171 6266/3749/2169
f 6257/3751/2210 6268/3755/2212 6269/3754/2176 6260/3752/2211
f 6266/3749/2169 6270/3753/2171 6253/3756/2171 6240/3750/2169
f 6278/3761/2216 6277/3762/2218 6272/3763/2215 6275/3764/2216
f 6277/3765/2218 6276/3766/2217 6279/3767/2219 6272/3764/2215
f 6271/3768/2184 6273/3769/2168 6276/3770/2217 6277/3771/2218
f 6274/3772/2174 6271/3768/2184 6277/3771/2218 6278/3773/2216
f 6279/3767/2219 6281/3774/2220 6272/3764/2215
f 6272/3763/2215 6281/3775/2220 6280/3776/2174 6275/3764/2216
f 6278/3761/2216 6275/3764/2216 6283/3763/2221 6286/3762/2223
f 6286/3765/2223 6283/3764/2221 6287/3767/2224 6285/3766/2222
f 6282/3768/2200 6286/3771/2223 6285/3770/2222 6284/3769/2190
f 6274/3772/2174 6278/3773/2216 6286/3771/2223 6282/3768/2200
f 6287/3767/2224 6283/3764/2221 6288/3774/2225
f 6283/3763/2221 6275/3764/2216 6280/3776/2174 6288/3775/2225
f 6296/3761/2227 6293/3764/2227 6290/3763/2226 6295/3762/2228
f 6295/3765/2228 6290/3764/2226 6297/3767/2219 6294/3766/2217
f 6289/3768/2182 6295/3771/2228 6294/3770/2217 6291/3769/2168
f 6292/3772/2178 6296/3773/2227 6295/3771/2228 6289/3768/2182
f 6297/3767/2219 6290/3764/2226 6299/3774/2229
f 6290/3763/2226 6293/3764/2227 6298/3776/2178 6299/3775/2229
f 6296/3761/2227 6304/3762/2231 6301/3763/2230 6293/3764/2227
f 6304/3765/2231 6303/3766/2222 6305/3767/2224 6301/3764/2230
f 6300/3768/2197 6302/3769/2190 6303/3770/2222 6304/3771/2231
f 6292/3772/2178 6300/3768/2197 6304/3771/2231 6296/3773/2227
f 6305/3767/2224 6306/3774/2232 6301/3764/2230
f 6301/3763/2230 6306/3775/2232 6298/3776/2178 6293/3764/2227
f 6314/3749/2191 6309/3750/2191 6310/3750/2190 6313/3749/2190
f 6307/3751/2208 6311/3752/2209 6312/3752/2190 6308/3751/2190
f 6311/3752/2209 6314/3749/2191 6313/3749/2190 6312/3752/2190
f 6311/3752/2209 6317/3754/2172 6318/3753/2171 6314/3749/2191
f 6307/3751/2208 6315/3755/2207 6317/3754/2172 6311/3752/2209
f 6314/3749/2191 6318/3753/2171 6316/3756/2171 6309/3750/2191
f 6324/3749/2191 6323/3749/2190 6310/3750/2190 6309/3750/2191
f 6319/3751/2213 6320/3751/2190 6322/3752/2190 6321/3752/2214
f 6321/3752/2214 6322/3752/2190 6323/3749/2190 6324/3749/2191
f 6321/3752/2214 6324/3749/2191 6327/3753/2171 6326/3754/2176
f 6319/3751/2213 6321/3752/2214 6326/3754/2176 6325/3755/2212
f 6324/3749/2191 6309/3750/2191 6316/3756/2171 6327/3753/2171
f 6335/3761/2216 6332/3764/2216 6329/3763/2221 6334/3762/2223
f 6334/3765/2223 6329/3764/2221 6336/3767/2224 6333/3766/2222
f 6328/3768/2200 6334/3771/2223 6333/3770/2222 6330/3769/2190
f 6331/3772/2174 6335/3773/2216 6334/3771/2223 6328/3768/2200
f 6336/3767/2224 6329/3764/2221 6338/3774/2225
f 6329/3763/2221 6332/3764/2216 6337/3776/2174 6338/3775/2225
f 6346/3761/2227 6345/3762/2231 6340/3763/2230 6343/3764/2227
f 6345/3765/2231 6344/3766/2222 6347/3767/2224 6340/3764/2230
f 6339/3768/2197 6341/3769/2190 6344/3770/2222 6345/3771/2231
f 6342/3772/2178 6339/3768/2197 6345/3771/2231 6346/3773/2227
f 6347/3767/2224 6349/3774/2232 6340/3764/2230
f 6340/3763/2230 6349/3775/2232 6348/3776/2178 6343/3764/2227
f 6359/3777/2238 6360/3778/2239 6363/3779/2242 6361/3780/2240
f 6413/3781/2200 6360/3778/2239 6359/3777/2238 6412/3782/2190
f 6411/3783/2174 6352/3784/2235 6360/3785/2239 6413/3786/2200
f 6362/3787/2241 6355/3788/2191 6356/3789/2190 6364/3790/2190
f 6352/3784/2235 6354/3791/2237 6363/3792/2242 6360/3785/2239
f 6353/3793/2236 6362/3794/2241 6363/3792/2242 6354/3791/2237
f 6362/3787/2241 6364/3790/2190 6361/3780/2240 6363/3779/2242
f 6362/3794/2241 6353/3793/2236 6350/3795/2171 6355/3796/2191
f 6371/3797/2246 6373/3798/2248 6375/3799/2250 6372/3800/2247
f 6418/3801/2197 6417/3802/2190 6371/3797/2246 6372/3800/2247
f 6416/3803/2178 6418/3804/2197 6372/3805/2247 6366/3806/2243
f 6374/3807/2249 6376/3808/2190 6356/3789/2190 6355/3788/2191
f 6366/3806/2243 6372/3805/2247 6375/3809/2250 6368/3810/2245
f 6367/3811/2244 6368/3810/2245 6375/3809/2250 6374/3812/2249
f 6374/3807/2249 6375/3799/2250 6373/3798/2248 6376/3808/2190
f 6374/3812/2249 6355/3796/2191 6350/3795/2171 6367/3811/2244
f 6381/3777/2253 6383/3780/2255 6385/3779/2257 6382/3778/2254
f 6415/3781/2184 6414/3813/2280 6381/3777/2253 6382/3778/2254
f 6411/3783/2174 6415/3786/2184 6382/3785/2254 6352/3784/2235
f 6384/3787/2256 6386/3790/2258 6378/3789/2251 6377/3788/2169
f 6352/3784/2235 6382/3785/2254 6385/3792/2257 6354/3791/2237
f 6353/3793/2236 6354/3791/2237 6385/3792/2257 6384/3794/2256
f 6384/3787/2256 6385/3779/2257 6383/3780/2255 6386/3790/2258
f 6384/3794/2256 6377/3796/2169 6350/3795/2171 6353/3793/2236
f 6396/3814/2168 6391/3815/2263 6388/3816/2260 6394/3817/2251
f 6391/3815/2263 6392/3818/2264 6390/3819/2262 6388/3816/2260
f 6387/3820/2259 6389/3821/2261 6392/3818/2264 6391/3815/2263
f 6393/3822/2265 6387/3820/2259 6391/3815/2263 6396/3814/2168
f 6389/3821/2261 6387/3820/2259 6393/3822/2265 6395/3823/2266
f 6399/3797/2268 6400/3800/2269 6403/3799/2272 6401/3798/2270
f 6420/3824/2182 6400/3800/2269 6399/3797/2268 6419/3825/2281
f 6416/3803/2178 6366/3806/2243 6400/3805/2269 6420/3804/2182
f 6402/3807/2271 6377/3788/2169 6378/3789/2251 6404/3808/2273
f 6366/3806/2243 6368/3810/2245 6403/3809/2272 6400/3805/2269
f 6367/3811/2244 6402/3812/2271 6403/3809/2272 6368/3810/2245
f 6402/3807/2271 6404/3808/2273 6401/3798/2270 6403/3799/2272
f 6402/3812/2271 6367/3811/2244 6350/3795/2171 6377/3796/2169
f 6396/3814/2168 6394/3817/2251 6406/3826/2275 6409/3827/2278
f 6409/3827/2278 6406/3826/2275 6408/3828/2277 6410/3829/2279
f 6405/3830/2274 6409/3827/2278 6410/3829/2279 6407/3831/2276
f 6393/3822/2265 6396/3814/2168 6409/3827/2278 6405/3830/2274
f 6407/3831/2276 6395/3823/2266 6393/3822/2265 6405/3830/2274
f 6351/3832/2174 6379/3833/2184 6415/3786/2184 6411/3783/2174
f 6379/3834/2184 6380/3835/2252 6414/3813/2280 6415/3781/2184
f 6351/3832/2174 6411/3783/2174 6413/3786/2200 6357/3833/2200
f 6357/3834/2200 6413/3781/2200 6412/3782/2190 6358/3835/2190
f 6365/3836/2178 6416/3803/2178 6420/3804/2182 6397/3837/2182
f 6397/3838/2182 6420/3824/2182 6419/3825/2281 6398/3839/2267
f 6365/3836/2178 6369/3837/2197 6418/3804/2197 6416/3803/2178
f 6369/3838/2197 6370/3839/2190 6417/3802/2190 6418/3801/2197
f 6381/3777/2253 6414/3813/2280 6428/3813/2288 6422/3777/2282
f 6399/3797/2268 6401/3798/2270 6426/3798/2286 6425/3797/2285
f 6404/3808/2273 6378/3789/2251 6421/3789/2155 6427/3808/2287
f 6383/3780/2255 6381/3777/2253 6422/3777/2282 6423/3780/2283
f 6378/3789/2251 6386/3790/2258 6424/3790/2284 6421/3789/2155
f 6401/3798/2270 6404/3808/2273 6427/3808/2287 6426/3798/2286
f 6419/3825/2281 6399/3797/2268 6425/3797/2285 6429/3825/2289
f 6386/3790/2258 6383/3780/2255 6423/3780/2283 6424/3790/2284
f 6398/3839/2267 6419/3825/2281 6430/3825/2290 6431/3839/2291
f 6419/3825/2281 6429/3825/2289 6432/3825/2292 6430/3825/2290
f 6428/3813/2288 6414/3813/2280 6433/3813/2293 6435/3813/2295
f 6414/3813/2280 6380/3835/2252 6434/3835/2294 6433/3813/2293
f 6394/3817/2251 6388/3816/2260 6390/3819/2262 6408/3828/2277 6406/3826/2275
f 6445/3777/2296 6447/3780/2298 6449/3779/2300 6446/3778/2297
f 6499/3781/2184 6498/3782/2168 6445/3777/2296 6446/3778/2297
f 6497/3783/2174 6499/3786/2184 6446/3785/2297 6438/3784/2235
f 6448/3787/2299 6450/3790/2168 6442/3789/2168 6441/3788/2169
f 6438/3784/2235 6446/3785/2297 6449/3792/2300 6440/3791/2237
f 6439/3793/2236 6440/3791/2237 6449/3792/2300 6448/3794/2299
f 6448/3787/2299 6449/3779/2300 6447/3780/2298 6450/3790/2168
f 6448/3794/2299 6441/3796/2169 6436/3795/2171 6439/3793/2236
f 6457/3797/2301 6458/3800/2302 6461/3799/2305 6459/3798/2303
f 6504/3801/2182 6458/3800/2302 6457/3797/2301 6503/3802/2168
f 6502/3803/2178 6452/3806/2243 6458/3805/2302 6504/3804/2182
f 6460/3807/2304 6441/3788/2169 6442/3789/2168 6462/3808/2168
f 6452/3806/2243 6454/3810/2245 6461/3809/2305 6458/3805/2302
f 6453/3811/2244 6460/3812/2304 6461/3809/2305 6454/3810/2245
f 6460/3807/2304 6462/3808/2168 6459/3798/2303 6461/3799/2305
f 6460/3812/2304 6453/3811/2244 6436/3795/2171 6441/3796/2169
f 6467/3777/2308 6468/3778/2239 6471/3779/2311 6469/3780/2309
f 6501/3781/2200 6468/3778/2239 6467/3777/2308 6500/3813/2333
f 6497/3783/2174 6438/3784/2235 6468/3785/2239 6501/3786/2200
f 6470/3787/2310 6463/3788/2191 6464/3789/2306 6472/3790/2312
f 6438/3784/2235 6440/3791/2237 6471/3792/2311 6468/3785/2239
f 6439/3793/2236 6470/3794/2310 6471/3792/2311 6440/3791/2237
f 6470/3787/2310 6472/3790/2312 6469/3780/2309 6471/3779/2311
f 6470/3794/2310 6439/3793/2236 6436/3795/2171 6463/3796/2191
f 6482/3814/2190 6480/3817/2306 6474/3816/2314 6477/3815/2317
f 6477/3815/2317 6474/3816/2314 6476/3819/2316 6478/3818/2318
f 6473/3820/2313 6477/3815/2317 6478/3818/2318 6475/3821/2315
f 6479/3822/2319 6482/3814/2190 6477/3815/2317 6473/3820/2313
f 6475/3821/2315 6481/3823/2320 6479/3822/2319 6473/3820/2313
f 6485/3797/2322 6487/3798/2323 6489/3799/2325 6486/3800/2247
f 6506/3824/2197 6505/3825/2334 6485/3797/2322 6486/3800/2247
f 6502/3803/2178 6506/3804/2197 6486/3805/2247 6452/3806/2243
f 6488/3807/2324 6490/3808/2326 6464/3789/2306 6463/3788/2191
f 6452/3806/2243 6486/3805/2247 6489/3809/2325 6454/3810/2245
f 6453/3811/2244 6454/3810/2245 6489/3809/2325 6488/3812/2324
f 6488/3807/2324 6489/3799/2325 6487/3798/2323 6490/3808/2326
f 6488/3812/2324 6463/3796/2191 6436/3795/2171 6453/3811/2244
f 6482/3814/2190 6495/3827/2331 6492/3826/2328 6480/3817/2306
f 6495/3827/2331 6496/3829/2332 6494/3828/2330 6492/3826/2328
f 6491/3830/2327 6493/3831/2329 6496/3829/2332 6495/3827/2331
f 6479/3822/2319 6491/3830/2327 6495/3827/2331 6482/3814/2190
f 6493/3831/2329 6491/3830/2327 6479/3822/2319 6481/3823/2320
f 6437/3832/2174 6497/3783/2174 6501/3786/2200 6465/3833/2200
f 6465/3834/2200 6501/3781/2200 6500/3813/2333 6466/3835/2307
f 6437/3832/2174 6443/3833/2184 6499/3786/2184 6497/3783/2174
f 6443/3834/2184 6444/3835/2168 6498/3782/2168 6499/3781/2184
f 6451/3836/2178 6483/3837/2197 6506/3804/2197 6502/3803/2178
f 6483/3838/2197 6484/3839/2321 6505/3825/2334 6506/3824/2197
f 6451/3836/2178 6502/3803/2178 6504/3804/2182 6455/3837/2182
f 6455/3838/2182 6504/3801/2182 6503/3802/2168 6456/3839/2168
f 6467/3777/2308 6508/3777/2282 6514/3813/2288 6500/3813/2333
f 6485/3797/2322 6511/3797/2285 6512/3798/2286 6487/3798/2323
f 6490/3808/2326 6513/3808/2287 6507/3789/2155 6464/3789/2306
f 6469/3780/2309 6509/3780/2283 6508/3777/2282 6467/3777/2308
f 6464/3789/2306 6507/3789/2155 6510/3790/2284 6472/3790/2312
f 6487/3798/2323 6512/3798/2286 6513/3808/2287 6490/3808/2326
f 6505/3825/2334 6515/3825/2289 6511/3797/2285 6485/3797/2322
f 6472/3790/2312 6510/3790/2284 6509/3780/2283 6469/3780/2309
f 6484/3839/2321 6517/3839/2336 6516/3825/2335 6505/3825/2334
f 6505/3825/2334 6516/3825/2335 6518/3825/2292 6515/3825/2289
f 6514/3813/2288 6521/3813/2295 6519/3813/2337 6500/3813/2333
f 6500/3813/2333 6519/3813/2337 6520/3835/2338 6466/3835/2307
f 6480/3817/2306 6492/3826/2328 6494/3828/2330 6476/3819/2316 6474/3816/2314
f 6527/3840/2343 6522/3841/2339 6523/3842/2340 6528/3843/2342
f 6533/3844/2345 6534/3845/2346 6527/3840/2343 6524/3846/2341
f 6537/3847/2349 6522/3841/2339 6531/3848/2339 6540/3849/2349
f 6536/3850/2348 6523/3842/2340 6522/3841/2339 6537/3847/2349
f 6524/3846/2341 6527/3840/2343 6528/3843/2342 6525/3851/2342
f 6534/3852/2346 6529/3853/2191 6532/3854/2171 6535/3855/2347
f 6522/3841/2339 6527/3840/2343 6530/3856/2344 6531/3848/2339
f 6527/3840/2343 6534/3845/2346 6535/3857/2347 6530/3856/2344
f 6526/3858/2190 6529/3853/2191 6534/3852/2346 6533/3859/2345
f 6525/3851/2342 6528/3843/2342 6539/3860/2350 6538/3861/2350
f 6528/3843/2342 6523/3842/2340 6536/3850/2348 6539/3860/2350
f 6546/3840/2352 6547/3843/2341 6542/3842/2351 6541/3841/2339
f 6549/3844/2353 6543/3846/2342 6546/3840/2352 6550/3845/2354
f 6552/3847/2349 6540/3849/2349 6531/3848/2339 6541/3841/2339
f 6551/3850/2355 6552/3847/2349 6541/3841/2339 6542/3842/2351
f 6543/3846/2342 6544/3851/2341 6547/3843/2341 6546/3840/2352
f 6550/3852/2354 6535/3855/2347 6532/3854/2171 6548/3853/2169
f 6541/3841/2339 6531/3848/2339 6530/3856/2344 6546/3840/2352
f 6546/3840/2352 6530/3856/2344 6535/3857/2347 6550/3845/2354
f 6545/3858/2168 6549/3859/2353 6550/3852/2354 6548/3853/2169
f 6544/3851/2341 6553/3861/2356 6554/3860/2356 6547/3843/2341
f 6547/3843/2341 6554/3860/2356 6551/3850/2355 6542/3842/2351
f 6560/3840/2361 6561/3843/2360 6556/3842/2358 6555/3841/2357
f 6566/3844/2363 6557/3846/2359 6560/3840/2361 6567/3845/2364
f 6570/3847/2367 6573/3849/2367 6564/3848/2357 6555/3841/2357
f 6569/3850/2366 6570/3847/2367 6555/3841/2357 6556/3842/2358
f 6557/3846/2359 6558/3851/2360 6561/3843/2360 6560/3840/2361
f 6567/3852/2364 6568/3855/2365 6565/3854/2171 6562/3853/2191
f 6555/3841/2357 6564/3848/2357 6563/3856/2362 6560/3840/2361
f 6560/3840/2361 6563/3856/2362 6568/3857/2365 6567/3845/2364
f 6559/3858/2190 6566/3859/2363 6567/3852/2364 6562/3853/2191
f 6558/3851/2360 6571/3861/2368 6572/3860/2368 6561/3843/2360
f 6561/3843/2360 6572/3860/2368 6569/3850/2366 6556/3842/2358
f 6579/3840/2370 6574/3841/2357 6575/3842/2369 6580/3843/2359
f 6582/3844/2371 6583/3845/2372 6579/3840/2370 6576/3846/2360
f 6585/3847/2367 6574/3841/2357 6564/3848/2357 6573/3849/2367
f 6584/3850/2373 6575/3842/2369 6574/3841/2357 6585/3847/2367
f 6576/3846/2360 6579/3840/2370 6580/3843/2359 6577/3851/2359
f 6583/3852/2372 6581/3853/2169 6565/3854/2171 6568/3855/2365
f 6574/3841/2357 6579/3840/2370 6563/3856/2362 6564/3848/2357
f 6579/3840/2370 6583/3845/2372 6568/3857/2365 6563/3856/2362
f 6578/3858/2168 6581/3853/2169 6583/3852/2372 6582/3859/2371
f 6577/3851/2359 6580/3843/2359 6587/3860/2374 6586/3861/2374
f 6580/3843/2359 6575/3842/2369 6584/3850/2373 6587/3860/2374
f 6593/3840/2352 6594/3843/2341 6589/3842/2351 6588/3841/2339
f 6599/3844/2353 6590/3846/2342 6593/3840/2352 6600/3845/2354
f 6603/3847/2349 6606/3849/2349 6597/3848/2339 6588/3841/2339
f 6602/3850/2355 6603/3847/2349 6588/3841/2339 6589/3842/2351
f 6590/3846/2342 6591/3851/2341 6594/3843/2341 6593/3840/2352
f 6600/3852/2354 6601/3855/2347 6598/3854/2171 6595/3853/2169
f 6588/3841/2339 6597/3848/2339 6596/3856/2344 6593/3840/2352
f 6593/3840/2352 6596/3856/2344 6601/3857/2347 6600/3845/2354
f 6592/3858/2168 6599/3859/2353 6600/3852/2354 6595/3853/2169
f 6591/3851/2341 6604/3861/2356 6605/3860/2356 6594/3843/2341
f 6594/3843/2341 6605/3860/2356 6602/3850/2355 6589/3842/2351
f 6612/3840/2343 6607/3841/2339 6608/3842/2340 6613/3843/2342
f 6615/3844/2345 6616/3845/2346 6612/3840/2343 6609/3846/2341
f 6618/3847/2349 6607/3841/2339 6597/3848/2339 6606/3849/2349
f 6617/3850/2348 6608/3842/2340 6607/3841/2339 6618/3847/2349
f 6609/3846/2341 6612/3840/2343 6613/3843/2342 6610/3851/2342
f 6616/3852/2346 6614/3853/2191 6598/3854/2171 6601/3855/2347
f 6607/3841/2339 6612/3840/2343 6596/3856/2344 6597/3848/2339
f 6612/3840/2343 6616/3845/2346 6601/3857/2347 6596/3856/2344
f 6611/3858/2190 6614/3853/2191 6616/3852/2346 6615/3859/2345
f 6610/3851/2342 6613/3843/2342 6620/3860/2350 6619/3861/2350
f 6613/3843/2342 6608/3842/2340 6617/3850/2348 6620/3860/2350
f 6626/3840/2370 6621/3841/2357 6622/3842/2369 6627/3843/2359
f 6632/3844/2371 6633/3845/2372 6626/3840/2370 6623/3846/2360
f 6636/3847/2367 6621/3841/2357 6630/3848/2357 6639/3849/2367
f 6635/3850/2373 6622/3842/2369 6621/3841/2357 6636/3847/2367
f 6623/3846/2360 6626/3840/2370 6627/3843/2359 6624/3851/2359
f 6633/3852/2372 6628/3853/2169 6631/3854/2171 6634/3855/2365
f 6621/3841/2357 6626/3840/2370 6629/3856/2362 6630/3848/2357
f 6626/3840/2370 6633/3845/2372 6634/3857/2365 6629/3856/2362
f 6625/3858/2168 6628/3853/2169 6633/3852/2372 6632/3859/2371
f 6624/3851/2359 6627/3843/2359 6638/3860/2374 6637/3861/2374
f 6627/3843/2359 6622/3842/2369 6635/3850/2373 6638/3860/2374
f 6645/3840/2361 6646/3843/2360 6641/3842/2358 6640/3841/2357
f 6648/3844/2363 6642/3846/2359 6645/3840/2361 6649/3845/2364
f 6651/3847/2367 6639/3849/2367 6630/3848/2357 6640/3841/2357
f 6650/3850/2366 6651/3847/2367 6640/3841/2357 6641/3842/2358
f 6642/3846/2359 6643/3851/2360 6646/3843/2360 6645/3840/2361
f 6649/3852/2364 6634/3855/2365 6631/3854/2171 6647/3853/2191
f 6640/3841/2357 6630/3848/2357 6629/3856/2362 6645/3840/2361
f 6645/3840/2361 6629/3856/2362 6634/3857/2365 6649/3845/2364
f 6644/3858/2190 6648/3859/2363 6649/3852/2364 6647/3853/2191
f 6643/3851/2360 6652/3861/2368 6653/3860/2368 6646/3843/2360
f 6646/3843/2360 6653/3860/2368 6650/3850/2366 6641/3842/2358
o L_Room_Chappel
v 9.000000 0.200000 15.000000
v 9.000000 0.200000 9.000000
v 8.200000 0.200000 9.000000
v 8.200000 0.200000 3.000000
v 8.000000 0.000000 9.000000
v 8.000000 0.000000 3.000000
v 9.000000 0.200000 3.000000
v 9.000000 0.200000 -3.000000
v 9.000000 0.200000 -9.000000
v 8.200000 0.200000 -3.000000
v 8.200000 0.200000 -9.000000
v 8.000000 0.000000 -3.000000
v 8.000000 0.000000 -9.000000
v 8.000000 0.000000 14.000000
v 8.200000 0.200000 14.200000
v 3.000000 0.200000 15.000000
v 3.000000 0.200000 14.200000
v 3.000000 0.000000 14.000000
v -3.000000 0.000000 15.000000
v 3.000000 0.000000 15.000000
v -3.000000 0.000000 9.000000
v 3.000000 0.000000 9.000000
v -3.000000 0.000000 3.000000
v 3.000000 0.000000 3.000000
v 3.000000 0.000000 -3.000000
v -3.000000 0.000000 -9.000000
v 3.000000 0.000000 -9.000000
v -9.000000 0.200000 15.000000
v -9.000000 0.200000 9.000000
v -8.199999 0.200000 9.000000
v -8.000001 0.000000 9.000000
v -8.000001 0.000000 3.000000
v -9.000000 0.200000 3.000000
v -3.000000 0.000000 -3.000000
v -8.199999 0.200000 3.000000
v -8.000001 0.000000 -3.000000
v -9.000000 0.200000 -3.000000
v -9.000000 0.200000 -9.000000
v -8.199999 0.200000 -3.000000
v -8.199999 0.200000 -9.000000
v -8.000001 0.000000 -9.000000
v -3.000000 0.200000 15.000000
v -3.000000 0.200000 14.200000
v -3.000000 0.000000 14.000000
v -8.000001 0.000000 14.000000
v -8.200001 0.200000 14.200000
v 9.000000 0.600000 -8.000000
v 9.000000 0.200000 -8.000000
v 8.200000 0.600000 -8.000000
v 8.200000 0.200000 -8.000000
v 8.000000 0.400000 -8.200001
v 8.000000 0.000000 -8.200001
v 9.000000 1.000000 -8.799997
v 9.000000 1.000000 -14.999996
v 9.000000 0.600000 -8.799997
v 3.000000 0.400000 -8.999996
v 8.200000 1.000000 -8.799997
v 8.200000 1.000000 -14.199997
v 8.200000 0.600000 -8.799997
v 8.000000 0.800000 -8.999996
v 8.000000 0.400000 -8.999996
v 6.000000 0.800000 -8.999996
v 6.000000 0.400000 -8.999996
v 4.000000 0.800000 -8.999996
v 4.000000 0.400000 -8.999996
v 4.000000 0.800000 -14.999996
v -9.000000 0.600000 -7.999998
v -3.000000 0.400000 -8.199997
v -9.000000 0.200000 -7.999998
v -3.000000 0.000000 -8.199997
v -8.199999 0.600000 -7.999998
v -8.199999 0.200000 -7.999998
v -8.000001 0.400000 -8.199997
v -8.000001 0.000000 -8.199997
v -9.000000 1.000000 -8.799995
v -3.000000 0.800000 -8.999994
v -9.000000 1.000000 -14.999994
v -9.000000 0.600000 -8.799995
v -3.000000 0.400000 -8.999994
v -8.199999 1.000000 -8.799995
v -8.199999 1.000000 -14.199995
v -8.199999 0.600000 -8.799995
v -8.000001 0.800000 -8.999994
v -8.000001 0.400000 -8.999994
v -6.000000 0.800000 -8.999994
v -6.000000 0.400000 -8.999994
v -6.000000 0.800000 -13.999996
v -4.000000 0.800000 -8.999994
v -4.000000 0.400000 -8.999994
v -4.000000 1.000000 -15.999990
v -4.000000 0.800000 -14.999992
v -4.000000 1.000000 -15.199991
v -6.000000 1.000000 -14.999992
v -6.000000 1.000000 -14.199993
v 3.000001 1.000000 -15.999990
v 3.000001 0.800000 -14.999992
v 3.000001 1.000000 -15.199991
v -8.000000 1.000000 -14.999992
v -8.000000 0.800000 -13.999992
v -8.000000 1.000000 -14.199993
v -8.199999 1.000000 -14.999992
v -3.000000 1.000000 -15.999990
v -3.000000 1.000000 -15.199991
v -3.000000 0.800000 -14.999992
v 4.000000 1.000000 -15.999990
v 4.000000 1.000000 -15.199991
v 6.000000 1.000000 -14.999994
v 6.000000 0.800000 -13.999992
v 6.000000 1.000000 -14.199993
v 8.000000 1.000000 -14.999994
v 8.000000 0.800000 -13.999992
v 8.000000 1.000000 -14.199993
v 8.199999 1.000000 -14.999994
v 3.000000 0.800000 -8.999996
v 3.000000 0.400000 -8.199997
v 3.000000 0.000000 -8.199997
v -0.000000 5.212625 14.573490
v -2.000000 0.000000 14.573490
v -2.000000 4.412624 14.573490
v -0.786965 5.212625 14.573490
v -1.639201 4.859329 14.573490
v -0.000000 5.212626 15.099999
v -0.000000 6.000002 15.099999
v -2.000000 0.000000 15.000000
v -2.500002 0.000000 15.000000
v -2.500002 5.000000 15.000000
v -2.000000 4.412625 15.000000
v -1.853554 5.646447 15.099999
v -0.786235 5.212625 15.099999
v -1.639717 4.858814 15.099999
v -0.826802 6.000002 15.099999
v 2.000000 0.000000 14.573490
v 2.000000 4.412625 14.573490
v 0.786964 5.212626 14.573490
v 1.639200 4.859330 14.573490
v 2.000000 0.000000 15.000000
v 2.500001 0.000000 15.000000
v 2.500001 5.000001 15.000000
v 2.000000 4.412625 15.000000
v 1.853553 5.646448 15.099999
v 0.786235 5.212626 15.099999
v 1.639717 4.858814 15.099999
v 0.826801 6.000003 15.099999
v -0.000001 5.212626 13.900001
v -0.000001 6.000003 13.900001
v -2.000001 0.000000 14.000000
v -2.500003 0.000000 14.000000
v -2.500003 5.000001 14.000000
v -2.000001 4.412625 14.000000
v -1.853555 5.646448 13.900000
v -0.786236 5.212626 13.900000
v -1.639718 4.858814 13.900000
v -0.826802 6.000003 13.900000
v -0.253548 5.283413 13.784615
v -0.454065 6.000004 13.784615
v -0.304622 5.212626 13.900000
v -0.545529 6.000004 13.900000
v -0.454065 5.713371 13.784615
v -0.545529 5.725776 13.900000
v -0.000001 5.283413 13.784615
v -0.000001 6.000004 13.784615
v -0.000001 5.212626 13.900000
v -0.000001 5.713371 13.784615
v 2.000000 0.000000 14.000000
v 2.500001 0.000000 14.000000
v 2.500001 5.000001 14.000000
v 2.000000 4.412626 14.000000
v 1.853553 5.646448 13.900000
v 0.786234 5.212626 13.900000
v 1.639716 4.858815 13.900000
v 0.826801 6.000004 13.900000
v 0.253546 5.283414 13.784615
v 0.454063 6.000005 13.784615
v 0.304620 5.212626 13.900000
v 0.545527 6.000005 13.900000
v 0.454063 5.713371 13.784615
v 0.545527 5.725776 13.900000
v -2.000000 0.500000 14.573490
v -2.500002 0.500000 15.000000
v -2.000000 0.500000 15.000000
v -2.500003 0.500000 14.000000
v -2.000001 0.500000 14.000000
v 2.000000 0.500000 14.573490
v 2.500001 0.500000 15.000000
v 2.000000 0.500000 15.000000
v 2.500001 0.500000 14.000000
v 2.000000 0.500000 14.000000
v -0.000001 6.000003 14.473490
v -2.500003 5.000001 14.573490
v -1.853555 5.646448 14.473490
v -0.826802 6.000003 14.473490
v 2.500001 5.000001 14.573490
v 1.853553 5.646448 14.473490
v 0.826801 6.000004 14.473490
v -2.500003 0.500000 14.573490
v 2.500001 0.500000 14.573490
v 3.000000 0.200000 14.200000
v 3.000000 0.000000 14.000001
v 3.000000 0.200000 14.573490
v -3.000000 0.200000 14.200000
v -3.000000 0.000000 14.000001
v -3.000000 0.200000 14.573490
v -3.000000 5.900001 14.500000
v -3.000000 11.800002 14.500000
v 0.000000 11.800002 14.500000
v 3.000000 11.800002 14.500000
v -8.500000 8.850001 14.500000
v -2.500000 13.800003 9.000000
v -5.500000 11.800002 3.000000
v -5.500000 11.800002 9.000000
v -8.500000 8.850001 9.000000
v -2.500000 13.800003 3.000000
v 0.000001 14.800003 3.000000
v 0.000000 14.800003 9.000000
v -8.500000 5.900001 3.000000
v -8.500000 8.850001 3.000000
v -8.500001 8.850001 -3.000000
v -2.500000 13.800003 -3.000000
v -5.500000 12.800002 -9.000000
v -5.500000 11.800002 -3.000000
v -2.500000 14.800003 -9.000000
v 0.000001 15.800003 -9.000000
v 0.000000 14.800003 -3.000002
v -5.500000 11.800002 -8.000000
v -8.500000 8.850001 -8.000000
v -2.500000 13.800003 -8.000000
v 0.000001 14.800003 -8.000000
v -8.500001 6.900001 -9.000000
v -8.500000 9.850001 -9.000000
v -2.500000 14.800003 -15.500006
v -5.500000 11.800002 14.500000
v 0.000001 14.800003 14.500000
v 2.500002 13.800003 9.000000
v 5.500001 11.800003 3.000000
v 5.500002 11.800003 9.000000
v 8.500002 8.850002 9.000000
v 2.500001 13.800003 3.000000
v 8.500003 5.900001 3.000000
v 8.500002 8.850002 3.000000
v 8.500002 8.850002 -3.000002
v 2.500002 13.800003 -3.000002
v 5.500002 12.800003 -9.000002
v 5.500002 11.800003 -3.000002
v 8.500003 5.900001 -3.000002
v 8.500003 6.900001 -9.000002
v 2.500002 14.800003 -9.000002
v 5.500002 11.800003 -8.000002
v 8.500003 5.900001 -8.000002
v 8.500002 8.850002 -8.000002
v 2.500002 13.800003 -8.000002
v 8.500002 9.850002 -9.000002
v 5.500002 11.800001 14.500000
v 8.500002 8.850002 14.500000
v -2.500000 13.800003 14.500000
v 2.500002 13.800003 14.500000
v 0.000000 5.900001 14.500000
v -2.000001 5.900001 14.500000
v 2.000000 5.900001 14.500000
v 3.000000 5.900001 14.500000
v 3.000000 0.500000 14.500000
v 3.000000 0.000000 14.400001
v 3.000000 0.300000 14.400001
v 8.500002 0.000000 14.400000
v 8.500002 0.300000 14.400000
v 3.000000 4.412624 14.500000
v 8.500002 4.412624 14.500000
v 8.500002 5.212625 14.500000
v 8.500002 4.859329 14.500000
v -3.000000 0.000000 14.400000
v -3.000000 0.300000 14.400000
v -8.500000 0.500000 14.500000
v -8.500000 5.212625 14.500000
v -8.500000 4.859329 14.500000
v -8.500000 4.412624 14.500000
v -3.000000 0.500000 14.500000
v -2.130707 0.500000 14.500000
v -2.130707 0.000000 14.400000
v -2.130707 0.300000 14.400000
v 2.130705 0.500000 14.500000
v 2.130705 0.000000 14.400000
v 2.130705 0.300000 14.400000
v -3.000000 4.412624 14.500000
v -2.130707 4.412624 14.500000
v 2.130705 4.412624 14.500000
v 3.000000 4.859329 14.500000
v -3.000000 4.859329 14.500000
v -2.000001 4.859329 14.500000
v 2.000000 4.859329 14.500000
v 3.000000 5.212625 14.500000
v -3.000000 5.212625 14.500000
v 0.000000 5.212625 14.500000
v -2.000001 5.212625 14.500000
v 2.000000 5.212625 14.500000
v -3.000000 6.900001 -15.500006
v -3.000000 12.800002 -15.500006
v 0.000000 12.800002 -15.500006
v 3.000000 12.800002 -15.500006
v -8.500000 9.850001 -14.500006
v -5.500000 12.800002 -14.500006
v 0.000001 15.800003 -15.500006
v 5.500002 12.800001 -14.500006
v 8.500003 6.900001 -14.500006
v 8.500002 9.850002 -14.500006
v 2.500002 14.800003 -15.500006
v 3.000000 1.500000 -15.500006
v 3.000000 1.000000 -15.600004
v 3.000000 1.300000 -15.600004
v 8.500002 1.500000 -14.500006
v 8.400002 1.000000 -14.600004
v 8.500002 5.412624 -14.500006
v 8.500002 6.212625 -14.500006
v 8.500002 5.859329 -14.500006
v -3.000000 1.300000 -15.600006
v -8.500000 1.500000 -14.500006
v -8.500000 6.212625 -14.500006
v -8.500000 5.859329 -14.500006
v -8.500000 5.412624 -14.500006
v -3.000000 1.500000 -15.500006
v -3.000000 5.412624 -15.500006
v 3.000000 5.859329 -15.500006
v -3.000000 5.859329 -15.500006
v 3.000000 6.212625 -15.500006
v -3.000000 6.212625 -15.500006
v -3.000000 1.000000 -15.600006
v 0.000000 6.900001 -15.500006
v 0.000000 5.412624 -15.500006
v 0.000000 5.859329 -15.500006
v 0.000000 6.212625 -15.500006
v 0.000000 1.500000 -15.500006
v 3.000000 5.412624 -15.500006
v 0.000000 1.300000 -15.600006
v 0.000000 1.000000 -15.600006
v -8.400000 0.000000 9.000000
v -8.500000 5.900001 9.000000
v -8.500000 0.500000 3.000000
v -8.500000 0.500000 9.000000
v -8.400000 0.000000 3.000000
v -8.400000 0.300000 3.000000
v -8.400000 0.300000 9.000000
v -8.500000 5.900001 -3.000000
v -8.500000 0.500000 -3.000000
v -8.400001 0.300000 -3.000000
v -8.400001 0.000000 -3.000000
v -8.400001 1.300000 -9.000000
v -8.500000 5.900001 14.500000
v -8.400000 0.000000 14.400000
v -8.400000 0.300000 14.400000
v -8.500000 6.900001 -14.500006
v -8.500000 1.500000 -9.000000
v -8.400001 1.000000 -9.000000
v -8.400000 1.000000 -14.600006
v -8.400000 1.300000 -14.600006
v -8.400001 0.000000 -8.000000
v -8.500000 5.900001 -8.000000
v -8.500000 0.500000 -8.000000
v -8.400001 0.300000 -8.000000
v -8.400001 0.000000 -9.000000
v 8.400002 0.000000 9.000000
v 8.500002 5.900002 9.000000
v 8.500002 0.500000 3.000000
v 8.500002 0.500000 9.000000
v 8.400002 0.000000 3.000000
v 8.400002 0.300000 3.000000
v 8.400002 0.300000 9.000000
v 8.500002 0.500000 -3.000002
v 8.400002 0.300000 -3.000002
v 8.400002 0.000000 -3.000002
v 8.400002 1.300000 -9.000002
v 8.500002 5.900002 14.500000
v 8.500002 0.500000 14.500000
v 8.400002 0.000000 14.400001
v 8.400002 0.300000 14.400001
v 8.500002 1.500000 -9.000002
v 8.400002 1.000000 -9.000002
v 8.400002 1.300000 -14.600004
v 8.400002 0.000000 -8.000002
v 8.500002 0.500000 -8.000002
v 8.400002 0.300000 -8.000002
v 8.400002 0.000000 -9.000002
v 4.000000 1.500000 -15.500006
v 4.000000 1.000000 -15.600004
v 4.000000 1.300000 -15.600004
v 4.000000 6.212625 -15.500006
v 4.000000 5.859329 -15.500006
v 3.000000 6.900001 -15.500006
v 4.000000 5.412624 -15.500006
v -4.030910 1.300000 -15.600006
v -4.050001 1.500000 -15.500006
v -4.050001 6.212625 -15.500006
v -4.050001 5.859329 -15.500006
v -4.050001 5.412624 -15.500006
v -4.030910 1.000000 -15.600006
v 6.004445 1.000000 -14.600004
v 6.050000 6.212625 -14.500006
v 6.050000 5.859329 -14.500006
v 6.050000 5.412624 -14.500006
v 6.050000 1.500000 -14.500006
v 6.050001 6.900001 -14.500006
v 6.004445 1.300000 -14.600004
v -6.059546 1.500000 -14.500006
v -6.059546 6.900001 -14.500006
v -6.059546 6.212625 -14.500006
v -6.059546 5.859329 -14.500006
v -6.059546 5.412624 -14.500006
v -6.003917 1.300000 -14.600006
v -6.003917 1.000000 -14.600006
v -0.316625 14.300003 14.500000
v -0.316625 14.800003 14.500000
v -0.316625 14.300003 -8.000000
v -0.316625 14.800003 -8.000000
v 0.316625 14.300003 14.500000
v 0.316625 14.800003 14.500000
v 0.316625 14.300003 -8.000000
v 0.316625 14.800003 -8.000000
v -0.316625 15.800003 -9.000000
v -0.316625 15.300003 -9.000000
v 0.316625 15.300003 -9.000000
v 0.316625 15.800003 -9.000000
v -0.316625 15.800003 -14.559792
v -0.316625 15.300003 -14.559792
v 0.316625 15.300003 -14.559792
v 0.316625 15.800003 -14.559792
v -7.513023 10.271542 -13.850817
v -7.513023 10.271542 -14.559790
v -7.513023 10.820528 -13.850817
v -7.513023 10.820528 -14.559790
v 0.000001 15.251017 -14.559790
v 0.000001 15.251017 -13.850817
v 0.000001 15.800003 -13.850817
v 0.000001 15.800003 -14.559790
v -5.500000 12.251016 -14.559790
v -5.500000 12.800002 -13.850817
v -5.500000 12.251016 -13.850817
v -5.500000 12.800002 -14.559790
v -2.500000 14.251017 -13.850817
v -2.500000 14.800003 -14.559790
v -2.500000 14.251017 -14.559790
v -2.500000 14.800003 -13.850817
v -7.513023 10.271542 -14.205303
v 0.000001 15.251017 -14.205303
v -5.500000 12.251016 -14.205303
v -2.500000 14.251017 -14.205303
v -7.513023 9.271542 9.354486
v -7.513023 9.271542 8.645514
v -7.513023 9.820528 9.354486
v -7.513023 9.820528 8.645514
v 0.000001 14.251017 8.645514
v 0.000001 14.251017 9.354486
v 0.000001 14.800003 9.354486
v 0.000001 14.800003 8.645514
v -5.500000 11.251016 8.645514
v -5.500000 11.800002 9.354486
v -5.500000 11.251016 9.354486
v -5.500000 11.800002 8.645514
v -2.500000 13.251017 9.354486
v -2.500000 13.800003 8.645514
v -2.500000 13.251017 8.645514
v -2.500000 13.800003 9.354486
v -7.513023 9.271542 9.000000
v 0.000001 14.251017 9.000000
v -5.500000 11.251016 9.000000
v -2.500000 13.251017 9.000000
v -7.513023 9.271542 14.145515
v -7.513023 9.820528 14.145515
v 0.000001 14.251017 14.145515
v 0.000001 14.800003 14.145515
v -5.500000 11.251016 14.145515
v -5.500000 11.800002 14.145515
v -2.500000 13.800003 14.145515
v -2.500000 13.251017 14.145515
v -7.513023 9.271542 14.500002
v 0.000001 14.251017 14.500002
v -5.500000 11.251016 14.500002
v -2.500000 13.251017 14.500002
v -7.513023 9.271542 3.354486
v -7.513023 9.271542 2.645514
v -7.513023 9.820528 3.354486
v -7.513023 9.820528 2.645514
v 0.000001 14.251017 2.645514
v 0.000001 14.251017 3.354486
v 0.000001 14.800003 3.354486
v 0.000001 14.800003 2.645514
v -5.500000 11.251016 2.645514
v -5.500000 11.800002 3.354486
v -5.500000 11.251016 3.354486
v -5.500000 11.800002 2.645514
v -2.500000 13.251017 3.354486
v -2.500000 13.800003 2.645514
v -2.500000 13.251017 2.645514
v -2.500000 13.800003 3.354486
v -7.513023 9.271542 3.000000
v 0.000001 14.251017 3.000000
v -5.500000 11.251016 3.000000
v -2.500000 13.251017 3.000000
v -7.513023 9.271542 -2.645515
v -7.513023 9.271542 -3.354488
v -7.513023 9.820528 -2.645515
v -7.513023 9.820528 -3.354488
v 0.000001 14.251017 -3.354488
v 0.000001 14.251017 -2.645515
v 0.000001 14.800003 -2.645515
v 0.000001 14.800003 -3.354488
v -5.500000 11.251016 -3.354488
v -5.500000 11.800002 -2.645515
v -5.500000 11.251016 -2.645515
v -5.500000 11.800002 -3.354488
v -2.500000 13.251017 -2.645515
v -2.500000 13.800003 -3.354488
v -2.500000 13.251017 -3.354488
v -2.500000 13.800003 -2.645515
v -7.513023 9.271542 -3.000002
v 0.000001 14.251017 -3.000002
v -5.500000 11.251016 -3.000002
v -2.500000 13.251017 -3.000002
v 7.513025 10.271542 -13.850817
v 7.513025 10.271542 -14.559790
v 7.513025 10.820528 -13.850817
v 7.513025 10.820528 -14.559790
v 5.500001 12.251016 -14.559790
v 5.500001 12.800002 -13.850817
v 5.500001 12.251016 -13.850817
v 5.500001 12.800002 -14.559790
v 2.500001 14.251017 -13.850817
v 2.500001 14.800003 -14.559790
v 2.500001 14.251017 -14.559790
v 2.500001 14.800003 -13.850817
v 7.513025 10.271542 -14.205303
v 5.500001 12.251016 -14.205303
v 2.500001 14.251017 -14.205303
v 7.513025 9.271542 9.354486
v 7.513025 9.271542 8.645514
v 7.513025 9.820528 9.354486
v 7.513025 9.820528 8.645514
v 5.500001 11.251016 8.645514
v 5.500001 11.800002 9.354486
v 5.500001 11.251016 9.354486
v 5.500001 11.800002 8.645514
v 2.500001 13.251017 9.354486
v 2.500001 13.800003 8.645514
v 2.500001 13.251017 8.645514
v 2.500001 13.800003 9.354486
v 7.513025 9.271542 9.000000
v 5.500001 11.251016 9.000000
v 2.500001 13.251017 9.000000
v 7.513025 9.271542 14.145515
v 7.513025 9.820528 14.145515
v 5.500001 11.251016 14.145515
v 5.500001 11.800002 14.145515
v 2.500001 13.800003 14.145515
v 2.500001 13.251017 14.145515
v 7.513025 9.271542 14.500002
v 5.500001 11.251016 14.500002
v 2.500001 13.251017 14.500002
v 7.513025 9.271542 3.354486
v 7.513025 9.271542 2.645514
v 7.513025 9.820528 3.354486
v 7.513025 9.820528 2.645514
v 5.500001 11.251016 2.645514
v 5.500001 11.800002 3.354486
v 5.500001 11.251016 3.354486
v 5.500001 11.800002 2.645514
v 2.500001 13.251017 3.354486
v 2.500001 13.800003 2.645514
v 2.500001 13.251017 2.645514
v 2.500001 13.800003 3.354486
v 7.513025 9.271542 3.000000
v 5.500001 11.251016 3.000000
v 2.500001 13.251017 3.000000
v 7.513025 9.271542 -2.645515
v 7.513025 9.271542 -3.354488
v 7.513025 9.820528 -2.645515
v 7.513025 9.820528 -3.354488
v 5.500001 11.251016 -3.354488
v 5.500001 11.800002 -2.645515
v 5.500001 11.251016 -2.645515
v 5.500001 11.800002 -3.354488
v 2.500001 13.251017 -2.645515
v 2.500001 13.800003 -3.354488
v 2.500001 13.251017 -3.354488
v 2.500001 13.800003 -2.645515
v 7.513025 9.271542 -3.000002
v 5.500001 11.251016 -3.000002
v 2.500001 13.251017 -3.000002
v -7.613024 0.800000 -15.000000
v -7.513023 9.712037 -15.000000
v -7.613024 9.432924 -15.000000
v -7.513023 10.820528 -15.000000
v -7.613024 0.800000 -13.850769
v -7.513023 9.712037 -13.750769
v -8.500000 0.800000 -13.850769
v -8.500000 9.432924 -13.850769
v -7.613024 9.432924 -13.850769
v -8.500000 9.850001 -13.750769
v -7.513023 10.820528 -13.750769
v -7.613024 0.000000 14.000000
v -7.513023 8.850001 13.900000
v -8.500000 0.000000 14.000000
v -7.613024 0.000000 14.500000
v -7.513023 8.850001 14.500000
v -8.500000 8.570889 14.000000
v -7.613024 8.570889 14.000000
v -7.613024 8.570889 14.500000
v -8.500000 8.850001 13.900000
v -7.513023 9.820528 14.500000
v -7.513023 9.820528 13.900000
v -7.613024 0.000000 8.500000
v -7.513023 8.850001 8.400000
v -8.500000 0.000000 8.500000
v -7.613024 0.000000 9.000000
v -7.513023 8.850001 9.000000
v -8.500000 8.570889 8.500000
v -7.613024 8.570889 8.500000
v -7.613024 8.570889 9.000000
v -8.500000 8.850001 8.400000
v -7.513023 9.820528 9.000000
v -7.513023 9.820528 8.400000
v -7.613024 0.000000 9.500000
v -7.513023 8.850001 9.600000
v -8.500000 0.000000 9.500000
v -8.500000 8.570889 9.500000
v -7.613024 8.570889 9.500000
v -8.500000 8.850001 9.600000
v -7.513023 9.820528 9.600000
v -7.613024 0.000000 2.500000
v -7.513023 8.850001 2.400000
v -8.500000 0.000000 2.500000
v -7.613024 0.000000 3.000000
v -7.513023 8.850001 3.000000
v -8.500000 8.570889 2.500000
v -7.613024 8.570889 2.500000
v -7.613024 8.570889 3.000000
v -8.500000 8.850001 2.400000
v -7.513023 9.820528 3.000000
v -7.513023 9.820528 2.400000
v -7.613024 0.000000 3.500000
v -7.513023 8.850001 3.600000
v -8.500000 0.000000 3.500000
v -8.500000 8.570889 3.500000
v -7.613024 8.570889 3.500000
v -8.500000 8.850001 3.600000
v -7.513023 9.820528 3.600000
v -7.613024 0.000000 -3.500000
v -7.513023 8.850001 -3.600000
v -8.500000 0.000000 -3.500000
v -7.613024 0.000000 -3.000000
v -7.513023 8.850001 -3.000000
v -8.500000 8.570889 -3.500000
v -7.613024 8.570889 -3.500000
v -7.613024 8.570889 -3.000000
v -8.500000 8.850001 -3.600000
v -7.513023 9.820528 -3.000000
v -7.513023 9.820528 -3.600000
v -7.613024 0.000000 -2.500000
v -7.513023 8.850001 -2.400000
v -8.500000 0.000000 -2.500000
v -8.500000 8.570889 -2.500000
v -7.613024 8.570889 -2.500000
v -8.500000 8.850001 -2.400000
v -7.513023 9.820528 -2.400000
v 7.613025 0.800000 -15.000000
v 7.513024 9.712038 -15.000000
v 7.613025 9.432925 -15.000000
v 7.513024 10.820529 -15.000000
v 7.613025 0.800000 -13.850769
v 7.513024 9.712038 -13.750769
v 8.500001 0.800000 -13.850769
v 8.500001 9.432925 -13.850769
v 7.613025 9.432925 -13.850769
v 8.500001 9.850002 -13.750769
v 7.513024 10.820529 -13.750769
v 7.613025 0.000000 14.000004
v 7.513024 8.850002 13.900003
v 8.500001 0.000000 14.000004
v 7.613025 0.000000 14.500004
v 7.513024 8.850002 14.500004
v 8.500001 8.570889 14.000004
v 7.613025 8.570889 14.000004
v 7.613025 8.570889 14.500004
v 8.500001 8.850002 13.900003
v 7.513024 9.820529 14.500004
v 7.513024 9.820529 13.900003
v 7.613025 0.000000 8.500002
v 7.513024 8.850002 8.400002
v 8.500001 0.000000 8.500002
v 7.613025 0.000000 9.000004
v 7.513024 8.850002 9.000004
v 8.500001 8.570889 8.500002
v 7.613025 8.570889 8.500002
v 7.613025 8.570889 9.000004
v 8.500001 8.850002 8.400002
v 7.513024 9.820529 9.000004
v 7.513024 9.820529 8.400002
v 7.613025 0.000000 9.500004
v 7.513024 8.850002 9.600004
v 8.500001 0.000000 9.500004
v 8.500001 8.570889 9.500004
v 7.613025 8.570889 9.500004
v 8.500001 8.850002 9.600004
v 7.513024 9.820529 9.600004
v 7.613025 0.000000 2.500002
v 7.513024 8.850002 2.400002
v 8.500001 0.000000 2.500002
v 7.613025 0.000000 3.000002
v 7.513024 8.850002 3.000002
v 8.500001 8.570889 2.500002
v 7.613025 8.570889 2.500002
v 7.613025 8.570889 3.000002
v 8.500001 8.850002 2.400002
v 7.513024 9.820529 3.000002
v 7.513024 9.820529 2.400002
v 7.613025 0.000000 3.500002
v 7.513024 8.850002 3.600002
v 8.500001 0.000000 3.500002
v 8.500001 8.570889 3.500002
v 7.613025 8.570889 3.500002
v 8.500001 8.850002 3.600002
v 7.513024 9.820529 3.600002
v 7.613025 0.000000 -3.499999
v 7.513024 8.850002 -3.599999
v 8.500001 0.000000 -3.499999
v 7.613025 0.000000 -2.999998
v 7.513024 8.850002 -2.999998
v 8.500001 8.570889 -3.499999
v 7.613025 8.570889 -3.499999
v 7.613025 8.570889 -2.999998
v 8.500001 8.850002 -3.599999
v 7.513024 9.820529 -2.999998
v 7.513024 9.820529 -3.599999
v 7.613025 0.000000 -2.499998
v 7.513024 8.850002 -2.399998
v 8.500001 0.000000 -2.499998
v 8.500001 8.570889 -2.499998
v 7.613025 8.570889 -2.499998
v 8.500001 8.850002 -2.399998
v 7.513024 9.820529 -2.399998
vn -0.0000 1.0000 -0.0000
vn -0.3827 0.9239 -0.0000
vn -0.3002 0.9054 -0.3002
vn -0.1101 0.9878 -0.1101
vn -0.0000 0.9239 -0.3827
vn 0.3827 0.9239 -0.0000
vn 0.3002 0.9054 -0.3002
vn 0.1101 0.9878 -0.1101
vn -0.0000 0.7071 0.7071
vn -0.0000 -0.0000 1.0000
vn -0.3914 0.6507 0.6507
vn -0.4444 -0.0000 0.8959
vn -0.5743 0.5789 0.5789
vn -0.2880 -0.0000 0.9576
vn -0.1100 0.9878 0.1101
vn -0.1123 0.8994 0.4225
vn 0.3914 0.6507 0.6507
vn 0.4444 -0.0000 0.8959
vn 0.5743 0.5789 0.5789
vn 0.2880 -0.0000 0.9576
vn 0.1100 0.9878 0.1101
vn 0.0706 0.9414 0.3297
vn 0.1123 0.8994 0.4225
vn -0.0000 0.9239 0.3827
vn 0.3002 0.9054 0.3002
vn -0.0706 0.9414 0.3297
vn -0.3002 0.9054 0.3002
vn -0.0000 -1.0000 -0.0000
vn 1.0000 -0.0000 -0.0000
vn 0.9429 -0.3332 -0.0000
vn 0.1954 -0.9807 -0.0000
vn 0.5988 -0.8009 -0.0000
vn -0.0000 -0.7071 0.7071
vn 0.7071 -0.0000 0.7071
vn -0.0883 -0.0458 0.9950
vn 0.5679 -0.2447 0.7859
vn -0.0494 -0.0256 0.9985
vn 0.1282 -0.6446 0.7537
vn 0.3079 -0.5379 0.7848
vn -1.0000 -0.0000 -0.0000
vn -0.9429 -0.3332 -0.0000
vn -0.1954 -0.9807 -0.0000
vn -0.5988 -0.8009 -0.0000
vn -0.7071 -0.0000 0.7071
vn 0.0883 -0.0458 0.9950
vn -0.5679 -0.2447 0.7859
vn 0.0494 -0.0256 0.9985
vn -0.1282 -0.6446 0.7537
vn -0.3079 -0.5379 0.7848
vn -0.0000 -0.7071 -0.7071
vn -0.0000 0.7071 -0.7071
vn 0.7071 -0.0000 -0.7071
vn -0.1349 0.1349 -0.9816
vn -0.7550 0.2749 -0.5954
vn 0.5679 -0.2447 -0.7859
vn -0.4194 0.6125 -0.6701
vn 0.1282 -0.6445 -0.7537
vn 0.3078 -0.5379 -0.7848
vn -0.1223 0.7306 -0.6718
vn -0.2891 -0.4733 -0.8321
vn -0.3411 0.6210 -0.7057
vn -0.4333 -0.6684 -0.6046
vn -0.6799 0.4974 -0.5389
vn -0.4822 -0.1249 -0.8671
vn -0.7834 -0.1525 -0.6025
vn -0.0000 -0.4884 -0.8726
vn -0.0000 -0.8524 -0.5229
vn -0.0000 -0.0000 -1.0000
vn -0.7071 -0.0000 -0.7071
vn 0.1349 0.1349 -0.9816
vn 0.7550 0.2749 -0.5954
vn -0.5679 -0.2447 -0.7859
vn 0.4194 0.6125 -0.6701
vn -0.1282 -0.6445 -0.7537
vn -0.3078 -0.5379 -0.7848
vn 0.1223 0.7306 -0.6718
vn 0.2891 -0.4733 -0.8321
vn 0.3411 0.6210 -0.7057
vn 0.4333 -0.6684 -0.6046
vn 0.6799 0.4974 -0.5389
vn 0.4822 -0.1249 -0.8671
vn 0.7834 -0.1525 -0.6025
vn -0.4977 0.2688 -0.8247
vn 0.4977 0.2688 -0.8247
vn -0.9295 0.3689 -0.0000
vn -0.5365 0.8439 -0.0000
vn -0.1651 0.9863 -0.0000
vn 0.9295 0.3689 -0.0000
vn 0.5365 0.8439 -0.0000
vn 0.1651 0.9863 -0.0000
vn -0.8702 0.4927 -0.0000
vn 0.8702 0.4927 -0.0000
vn 0.4807 0.7007 -0.5273
vn 0.2649 0.2649 -0.9272
vn 0.5145 0.8575 -0.0000
vn -0.4807 0.7007 -0.5273
vn -0.2649 0.2649 -0.9272
vn -0.5145 0.8575 -0.0000
vn 0.7166 -0.3003 -0.6296
vn 0.4655 -0.8850 -0.0000
vn 0.6307 -0.7760 -0.0000
vn 0.9223 -0.3866 -0.0000
vn 0.5886 -0.7412 -0.3229
vn 0.4290 -0.8330 -0.3493
vn -0.0000 -0.9353 -0.3539
vn 0.6063 -0.7261 -0.3244
vn 0.9507 -0.2923 -0.1032
vn 0.4430 -0.8214 -0.3593
vn -0.0000 -0.9080 -0.4190
vn 0.8705 -0.4367 -0.2271
vn 0.3768 -0.6182 0.6898
vn 0.4586 -0.5643 -0.6865
vn -0.0000 -0.7747 -0.6323
vn -0.4655 -0.8850 -0.0000
vn -0.6307 -0.7760 -0.0000
vn -0.9223 -0.3866 -0.0000
vn -0.5886 -0.7412 -0.3229
vn -0.4290 -0.8330 -0.3493
vn -0.6063 -0.7261 -0.3244
vn -0.9507 -0.2923 -0.1032
vn -0.4430 -0.8214 -0.3593
vn -0.8705 -0.4367 -0.2271
vn -0.4586 -0.5643 -0.6865
vn -0.7166 -0.3003 -0.6296
vn 0.3394 -0.6452 -0.6845
vn -0.3394 -0.6452 -0.6845
vn -0.0000 0.2298 -0.9732
vn 0.6809 0.2695 -0.6809
vn 0.1220 -0.0322 0.9920
vn 0.1943 -0.0311 0.9804
vn -0.1945 -0.0310 0.9804
vn 0.7166 -0.3003 0.6296
vn 0.5959 -0.5624 0.5732
vn -0.0000 -0.7747 0.6323
vn -0.5960 -0.5623 0.5732
vn -0.7166 -0.3003 0.6296
vn -0.3768 -0.6182 0.6898
vn -0.0000 -0.2298 0.9732
vn -0.7871 0.0883 0.6104
vn 0.7871 0.0883 0.6104
vn 0.9732 0.2298 -0.0000
vn 0.9488 0.2749 0.1559
vn 0.6619 0.3517 -0.6619
vn 0.9832 0.1728 0.0587
vn 0.6104 -0.0883 0.7871
vn -0.9732 0.2298 -0.0000
vn -0.9488 0.2749 0.1559
vn -0.6288 0.2943 -0.7197
vn -0.9665 0.2568 -0.0000
vn -0.9832 0.1728 0.0587
vn -0.6104 -0.0883 0.7871
vn -0.2290 -0.2195 0.9484
vn -0.2293 -0.0000 0.9734
vn -0.2182 -0.2087 0.9533
vn -0.2570 -0.1032 0.9609
vn -0.2250 -0.0000 0.9744
vn -0.1232 -0.0316 0.9919
vn 0.2163 -0.2036 0.9549
vn 0.2394 -0.2096 0.9480
vn 0.2605 -0.1094 0.9592
vn 0.2288 -0.0000 0.9735
vn 0.2324 -0.0000 0.9726
vn -0.2035 -0.0660 0.9768
vn -0.2026 -0.2120 0.9561
vn -0.1719 -0.0694 0.9827
vn -0.2440 -0.2165 0.9453
vn 0.2037 -0.2069 0.9569
vn 0.1719 -0.0729 0.9824
vn 0.2057 -0.0695 0.9761
vn 0.2515 -0.2065 0.9456
vn -0.7071 -0.7071 -0.0000
vn -0.6303 -0.7173 -0.2971
vn 0.7071 -0.7071 -0.0000
vn 0.6303 -0.7173 -0.2971
vn -0.8042 -0.5491 -0.2275
vn 0.8042 -0.5491 -0.2275
vn 0.6258 -0.6364 0.4510
vn 0.6258 -0.6364 -0.4510
vn -0.0000 -0.5987 -0.8010
vn -0.0000 -0.5987 0.8010
vn 0.4318 -0.5312 -0.7290
vn 0.4318 -0.5312 0.7290
vn 0.3176 -0.6038 0.7312
vn 0.3176 -0.6038 -0.7312
vn 0.7011 -0.7130 -0.0000
vn -0.6258 -0.6364 0.4510
vn -0.6258 -0.6364 -0.4510
vn -0.4318 -0.5312 -0.7290
vn -0.4318 -0.5312 0.7290
vn -0.3176 -0.6038 0.7312
vn -0.3176 -0.6038 -0.7312
vn -0.7011 -0.7130 -0.0000
vn 0.9852 -0.1712 -0.0000
vn 0.6875 -0.2016 0.6977
vn -0.0102 -0.1380 0.9904
vn 0.6791 -0.2370 0.6948
vn -0.0124 -0.1685 0.9856
vn 0.8925 -0.0000 0.4510
vn 0.6911 -0.2117 -0.6911
vn -0.0000 -0.1712 -0.9852
vn 0.6827 -0.2602 -0.6827
vn -0.0000 -0.2286 -0.9735
vn 0.8925 -0.0000 -0.4510
vn 0.6911 -0.2117 0.6911
vn -0.0000 -0.1712 0.9852
vn 0.6827 -0.2602 0.6827
vn -0.0000 -0.2286 0.9735
vn -0.9852 -0.1712 -0.0000
vn -0.6875 -0.2016 0.6977
vn 0.0102 -0.1380 0.9904
vn -0.6791 -0.2370 0.6948
vn 0.0124 -0.1685 0.9856
vn -0.8925 -0.0000 0.4510
vn -0.6911 -0.2117 -0.6911
vn -0.6827 -0.2602 -0.6827
vn -0.8925 -0.0000 -0.4510
vn -0.6911 -0.2117 0.6911
vn -0.6827 -0.2602 0.6827
vt 0.250000 0.750000
vt 0.250000 1.000000
vt 0.041667 1.000000
vt 0.041667 0.750000
vt 0.000000 0.625000
vt 0.000000 0.750000
vt 0.033333 0.750000
vt 0.033333 0.625000
vt 0.041667 0.750000
vt 0.041667 0.625000
vt 0.033333 0.641667
vt 0.041667 0.645833
vt 0.250000 0.791667
vt 0.250000 0.791667
vt 0.041667 0.791667
vt 0.250000 1.000000
vt 0.033333 0.733333
vt 0.041667 0.729167
vt 0.000000 1.000000
vt 0.041667 1.000000
vt 0.033333 0.641667
vt 0.041667 0.645833
vt 0.041667 0.791667
vt 0.041667 0.791667
vt 0.250000 0.791667
vt 0.025920 0.584626
vt 0.001124 0.584626
vt 0.030569 0.589275
vt 0.219644 0.742132
vt 0.219644 0.758556
vt 0.014352 0.758556
vt 0.014352 0.742132
vt 0.025920 0.603222
vt 0.030569 0.607870
vt 0.001124 0.603222
vt 0.014352 0.767358
vt 0.219644 0.767358
vt 0.207392 0.739232
vt 0.207392 0.998402
vt 0.248649 0.998402
vt 0.248649 0.739232
vt 0.001124 0.747335
vt 0.025920 0.728739
vt 0.096468 0.742132
vt 0.096468 0.758556
vt 0.030569 0.724091
vt 0.178585 0.742132
vt 0.178585 0.758556
vt 0.042363 0.739232
vt 0.042363 0.955207
vt 0.124877 0.955207
vt 0.124877 0.739232
vt 0.249900 0.608260
vt 0.249900 0.624900
vt 0.216593 0.608260
vt 0.249900 0.500100
vt 0.249900 0.562500
vt 0.216593 0.562500
vt 0.216593 0.500100
vt 0.208267 0.562500
vt 0.208266 0.500100
vt 0.249900 0.604100
vt 0.216593 0.604100
vt 0.208267 0.604100
vt 0.000000 0.739232
vt 0.250000 0.739232
vt 0.247460 0.742132
vt 0.001584 0.742132
vt 0.001584 0.758556
vt 0.247460 0.758556
vt 0.246731 0.767358
vt 0.000440 0.767358
vt 0.000440 0.742132
vt 0.246731 0.742132
vt 0.054647 0.555097
vt 0.067053 0.555097
vt 0.067124 0.577081
vt 0.054727 0.577075
vt 0.066632 0.503064
vt 0.054169 0.503102
vt 0.005124 0.746434
vt 0.005076 0.714100
vt 0.011819 0.714098
vt 0.011866 0.746432
vt 0.067217 0.606248
vt 0.067294 0.630120
vt 0.054919 0.630098
vt 0.054833 0.606233
vt 0.005069 0.693606
vt 0.015005 0.693626
vt 0.005064 0.664144
vt 0.014999 0.664121
vt 0.005064 0.639014
vt 0.014999 0.639014
vt 0.055192 0.705098
vt 0.055112 0.683121
vt 0.067464 0.683158
vt 0.067535 0.705142
vt 0.067956 0.745988
vt 0.055670 0.745906
vt 0.005124 0.504576
vt 0.011866 0.504579
vt 0.011819 0.563929
vt 0.005076 0.563927
vt 0.067371 0.653991
vt 0.055006 0.653962
vt 0.015005 0.584401
vt 0.005069 0.584421
vt 0.005064 0.613882
vt 0.014999 0.613906
vt 0.054169 0.503102
vt 0.103059 0.730441
vt 0.087760 0.730441
vt 0.087760 0.747378
vt 0.103059 0.747378
vt 0.084678 0.731174
vt 0.084678 0.747378
vt 0.094516 0.712010
vt 0.092795 0.707827
vt 0.103059 0.712010
vt 0.103059 0.707827
vt 0.067956 0.745988
vt 0.055670 0.745906
vt 0.118357 0.747378
vt 0.118357 0.730441
vt 0.121439 0.747378
vt 0.121439 0.731174
vt 0.111601 0.712010
vt 0.113322 0.707827
vt 0.005126 0.747970
vt 0.011869 0.747967
vt 0.066612 0.500593
vt 0.054146 0.500633
vt 0.005126 0.501758
vt 0.011869 0.501761
vt 0.067976 0.747927
vt 0.055693 0.747843
vt 0.375325 0.999164
vt 0.457240 0.752282
vt 0.498197 0.752282
vt 0.498197 0.999164
vt 0.375325 0.877815
vt 0.375325 0.752282
vt 0.477777 0.836445
vt 0.272932 0.875723
vt 0.272932 0.752282
vt 0.395804 0.999164
vt 0.252453 0.999164
vt 0.252453 0.752282
vt 0.477718 0.752282
vt 0.477718 0.875723
vt 0.354846 0.999164
vt 0.272932 0.875723
vt 0.272932 0.752282
vt 0.498197 0.875723
vt 0.272932 0.744156
vt 0.272932 0.620715
vt 0.498197 0.620715
vt 0.498197 0.744156
vt 0.489928 0.750474
vt 0.280013 0.750474
vt 0.280013 0.612863
vt 0.489928 0.612863
vt 0.280013 0.510096
vt 0.489928 0.510096
vt 0.252453 0.875723
vt 0.252453 0.744156
vt 0.252453 0.620715
vt 0.260929 0.750474
vt 0.260929 0.612863
vt 0.260929 0.510096
vt 0.260929 0.750474
vt 0.457240 0.875723
vt 0.457240 0.752282
vt 0.362471 0.501116
vt 0.285373 0.501116
vt 0.285373 0.533532
vt 0.362471 0.533532
vt 0.362472 0.533532
vt 0.362472 0.501116
vt 0.349622 0.533532
vt 0.349622 0.501116
vt 0.299096 0.612863
vt 0.299096 0.510096
vt 0.299096 0.750474
vt 0.457240 0.620715
vt 0.457240 0.744156
vt 0.285373 0.711824
vt 0.362471 0.711824
vt 0.285373 0.711824
vt 0.362472 0.744240
vt 0.285373 0.744240
vt 0.349622 0.744240
vt 0.256629 0.520289
vt 0.256629 0.639992
vt 0.476085 0.639992
vt 0.476085 0.520289
vt 0.256629 0.739745
vt 0.476085 0.739745
vt 0.256629 0.520289
vt 0.256629 0.639992
vt 0.496036 0.639992
vt 0.496036 0.520289
vt 0.256629 0.739745
vt 0.496036 0.739745
vt 0.496036 0.639992
vt 0.496036 0.739745
vt 0.349622 0.501116
vt 0.349622 0.533532
vt 0.296530 0.639992
vt 0.296530 0.739745
vt 0.296530 0.520289
vt 0.285373 0.711824
vt 0.362472 0.711824
vt 0.285373 0.744240
vt 0.387400 0.752282
vt 0.264529 0.835970
vt 0.285007 0.752282
vt 0.272351 0.836584
vt 0.476045 0.835970
vt 0.353173 0.752281
vt 0.455566 0.752282
vt 0.293410 0.752282
vt 0.272932 0.774104
vt 0.272932 0.764785
vt 0.498197 0.764785
vt 0.498197 0.774104
vt 0.498197 0.970515
vt 0.272932 0.999164
vt 0.272932 0.970515
vt 0.498197 0.937173
vt 0.272932 0.937173
vt 0.498197 0.955791
vt 0.272932 0.955791
vt 0.477718 0.970515
vt 0.477718 0.999164
vt 0.252453 0.970515
vt 0.473622 0.752282
vt 0.473622 0.764785
vt 0.252453 0.764785
vt 0.252453 0.774104
vt 0.477718 0.774104
vt 0.477718 0.955791
vt 0.252453 0.955791
vt 0.477718 0.937173
vt 0.252453 0.937173
vt 0.293410 0.970515
vt 0.293410 0.999164
vt 0.252453 0.970516
vt 0.293410 0.752282
vt 0.293410 0.764785
vt 0.457240 0.774104
vt 0.457240 0.764785
vt 0.457240 0.970515
vt 0.457240 0.999164
vt 0.375325 0.970515
vt 0.293410 0.774104
vt 0.457240 0.937173
vt 0.293410 0.937173
vt 0.252453 0.937173
vt 0.498197 0.955791
vt 0.457240 0.955791
vt 0.293410 0.955791
vt 0.252453 0.955791
vt 0.373277 0.752282
vt 0.377764 0.752282
vt 0.375325 0.752281
vt 0.457240 0.774104
vt 0.457240 0.764785
vt 0.375143 0.752282
vt 0.277027 0.752282
vt 0.277027 0.764785
vt 0.375143 0.764785
vt 0.373277 0.970515
vt 0.373277 0.999164
vt 0.373277 0.774104
vt 0.373277 0.937173
vt 0.373277 0.955791
vt 0.295458 0.970515
vt 0.294676 0.752282
vt 0.294676 0.764785
vt 0.377764 0.774104
vt 0.375485 0.764785
vt 0.295458 0.955791
vt 0.295458 0.937173
vt 0.295458 0.774104
vt 0.365086 0.970515
vt 0.365086 0.999164
vt 0.363038 0.752282
vt 0.363038 0.764785
vt 0.365086 0.774104
vt 0.365086 0.955791
vt 0.365086 0.937173
vt 0.272932 0.774104
vt 0.277027 0.764785
vt 0.457240 0.999164
vt 0.457240 0.764785
vt 0.498197 0.794570
vt 0.498197 0.803889
vt 0.277027 0.752282
vt 0.272932 0.999164
vt 0.498197 0.782067
vt 0.498197 0.990375
vt 0.457240 0.960590
vt 0.457240 0.937173
vt 0.457240 0.955791
vt 0.457240 0.970516
vt 0.377764 0.937173
vt 0.377764 0.955791
vt 0.377764 0.970515
vt 0.375485 0.752282
vt 0.377764 0.999164
vt 0.115312 0.502681
vt 0.121347 0.502681
vt 0.121347 0.689802
vt 0.115312 0.689802
vt 0.091170 0.689802
vt 0.085134 0.689802
vt 0.085134 0.502681
vt 0.091170 0.502681
vt 0.121347 0.701563
vt 0.115312 0.701563
vt 0.091170 0.701563
vt 0.085134 0.701563
vt 0.121347 0.747801
vt 0.115312 0.747801
vt 0.091170 0.747801
vt 0.085134 0.747801
vt 0.067634 0.552384
vt 0.002378 0.552384
vt 0.164884 0.575367
vt 0.245926 0.575367
vt 0.164884 0.563875
vt 0.245926 0.563875
vt 0.245926 0.552384
vt 0.164884 0.552384
vt 0.002378 0.563875
vt 0.067634 0.563875
vt 0.002378 0.575367
vt 0.067634 0.575367
vt 0.084272 0.673426
vt 0.084272 0.685581
vt 0.120737 0.685581
vt 0.114659 0.673426
vt 0.090400 0.673325
vt 0.102656 0.685581
vt 0.102656 0.673325
vt 0.043628 0.500039
vt 0.043628 0.749961
vt 0.022500 0.749961
vt 0.022500 0.500039
vt 0.070838 0.500039
vt 0.070838 0.749961
vt 0.084272 0.701427
vt 0.084272 0.701296
vt 0.120737 0.701296
s 1
usemtl M_DungeonEnviro
f 6658/3862/2376 6659/3863/2376 6677/3864/2375 6675/3865/2375
f 6655/3866/2375 6660/3867/2375 6657/3868/2376 6656/3869/2376
f 6656/3869/2376 6657/3868/2376 6659/3870/2376 6658/3871/2376
f 6659/3862/2376 6665/3863/2376 6678/3864/2375 6677/3865/2375
f 6660/3866/2375 6661/3867/2375 6663/3868/2376 6657/3869/2376
f 6657/3869/2376 6663/3868/2376 6665/3870/2376 6659/3871/2376
f 6665/3862/2376 6666/3863/2376 6680/3864/2375 6678/3865/2375
f 6661/3866/2375 6662/3867/2375 6664/3868/2376 6663/3869/2376
f 6663/3869/2376 6664/3868/2376 6666/3870/2376 6665/3871/2376
f 6668/3872/2378 6654/3866/2375 6655/3867/2375 6656/3868/2376
f 6668/3872/2378 6656/3868/2376 6658/3870/2376 6667/3873/2377
f 6667/3874/2377 6658/3863/2376 6675/3864/2375
f 6671/3875/2379 6667/3876/2377 6675/3877/2375
f 6669/3866/2375 6654/3867/2375 6668/3878/2378 6670/3869/2379
f 6670/3869/2379 6668/3878/2378 6667/3879/2377 6671/3871/2379
f 6672/3867/2375 6673/3862/2375 6675/3863/2375 6674/3880/2375
f 6674/3867/2375 6675/3862/2375 6677/3863/2375 6676/3880/2375
f 6676/3867/2375 6677/3862/2375 6678/3863/2375 6687/3880/2375
f 6687/3867/2375 6678/3862/2375 6680/3863/2375 6679/3880/2375
f 6684/3865/2380 6674/3862/2375 6676/3863/2375 6685/3881/2380
f 6682/3866/2375 6683/3869/2380 6688/3868/2380 6686/3867/2375
f 6683/3869/2380 6684/3871/2380 6685/3870/2380 6688/3868/2380
f 6685/3865/2380 6676/3862/2375 6687/3863/2375 6689/3881/2380
f 6686/3866/2375 6688/3869/2380 6692/3868/2380 6690/3867/2375
f 6688/3869/2380 6685/3871/2380 6689/3870/2380 6692/3868/2380
f 6689/3865/2380 6687/3862/2375 6679/3863/2375 6694/3881/2380
f 6690/3866/2375 6692/3869/2380 6693/3868/2380 6691/3867/2375
f 6692/3869/2380 6689/3871/2380 6694/3870/2380 6693/3868/2380
f 6699/3882/2382 6683/3868/2380 6682/3867/2375 6681/3866/2375
f 6699/3882/2382 6698/3883/2381 6684/3870/2380 6683/3868/2380
f 6698/3884/2381 6674/3863/2375 6684/3881/2380
f 6699/3872/2382 6681/3866/2375 6695/3867/2375 6696/3868/2379
f 6699/3872/2382 6696/3868/2379 6697/3870/2379 6698/3873/2381
f 6698/3885/2381 6697/3886/2379 6674/3863/2375
f 6702/3887/2385 6703/3887/2386 6701/3888/2384 6700/3888/2383
f 6704/3889/2387 6705/3889/2388 6703/3887/2386 6702/3887/2385
f 6768/3890/2383 6769/3891/2384 6705/3892/2388 6704/3893/2387
f 6702/3887/2385 6712/3894/2387 6714/3895/2385 6704/3889/2387
f 6700/3888/2383 6708/3896/2383 6712/3894/2387 6702/3887/2385
f 6704/3893/2387 6714/3897/2385 6709/3898/2383 6768/3890/2383
f 6717/3899/2383 6719/3900/2390 6749/3901/2398 6767/3902/2383
f 6710/3894/2385 6712/3894/2387 6708/3896/2383 6706/3896/2383
f 6713/3895/2387 6714/3895/2385 6712/3894/2387 6710/3894/2385
f 6706/3896/2383 6707/3903/2375 6711/3904/2389 6710/3894/2385
f 6715/3905/2383 6716/3906/2384 6714/3892/2385 6713/3893/2387
f 6710/3894/2385 6711/3904/2389 6764/3907/2401 6713/3895/2387
f 6717/3908/2383 6718/3909/2384 6716/3906/2384 6715/3905/2383
f 6713/3910/2387 6764/3911/2401 6761/3912/2400 6715/3913/2383
f 6767/3890/2383 6709/3891/2383 6718/3909/2384 6717/3908/2383
f 6715/3913/2383 6761/3912/2400 6719/3900/2390 6717/3899/2383
f 6724/3887/2391 6720/3888/2383 6722/3888/2384 6725/3887/2392
f 6726/3889/2393 6724/3887/2391 6725/3887/2392 6727/3889/2394
f 6721/3890/2383 6726/3893/2393 6727/3892/2394 6723/3891/2384
f 6724/3887/2391 6726/3889/2393 6737/3895/2391 6735/3894/2393
f 6720/3888/2383 6724/3887/2391 6735/3894/2393 6731/3896/2383
f 6726/3893/2393 6721/3890/2383 6732/3898/2383 6737/3897/2391
f 6741/3899/2383 6729/3902/2383 6757/3901/2398 6744/3900/2397
f 6733/3894/2391 6728/3896/2383 6731/3896/2383 6735/3894/2393
f 6736/3895/2393 6733/3894/2391 6735/3894/2393 6737/3895/2391
f 6728/3896/2383 6733/3894/2391 6734/3904/2395 6730/3903/2375
f 6738/3905/2383 6736/3893/2393 6737/3892/2391 6739/3906/2384
f 6733/3894/2391 6736/3895/2393 6752/3907/2399 6734/3904/2395
f 6741/3908/2383 6738/3905/2383 6739/3906/2384 6742/3909/2384
f 6736/3910/2393 6738/3913/2383 6740/3912/2396 6752/3911/2399
f 6729/3890/2383 6741/3908/2383 6742/3909/2384 6732/3891/2383
f 6738/3913/2383 6741/3899/2383 6744/3900/2397 6740/3912/2396
f 6754/3914/2375 6730/3915/2375 6734/3916/2395
f 6743/3917/2375 6746/3918/2375 6747/3919/2397 6745/3920/2396
f 6745/3920/2396 6747/3919/2397 6740/3921/2396 6744/3922/2397
f 6755/3917/2375 6756/3920/2398 6750/3920/2398 6748/3917/2375
f 6756/3920/2398 6757/3922/2398 6749/3922/2398 6750/3920/2398
f 6746/3918/2375 6751/3923/2375 6753/3924/2398 6747/3919/2397
f 6747/3919/2397 6753/3924/2398 6752/3925/2399 6740/3921/2396
f 6751/3923/2375 6754/3914/2375 6734/3916/2395 6753/3924/2398
f 6753/3924/2398 6734/3916/2395 6752/3925/2399
f 6745/3920/2396 6744/3922/2397 6757/3922/2398 6756/3920/2398
f 6743/3917/2375 6745/3920/2396 6756/3920/2398 6755/3917/2375
f 6748/3917/2375 6750/3920/2398 6759/3920/2400 6758/3917/2375
f 6750/3920/2398 6749/3922/2398 6719/3922/2390 6759/3920/2400
f 6758/3917/2375 6759/3920/2400 6762/3920/2390 6760/3917/2375
f 6759/3920/2400 6719/3922/2390 6761/3922/2400 6762/3920/2390
f 6760/3917/2375 6762/3920/2390 6765/3920/2398 6763/3917/2375
f 6762/3920/2390 6761/3922/2400 6764/3922/2401 6765/3920/2398
f 6763/3917/2375 6765/3920/2398 6711/3920/2389 6766/3917/2375
f 6765/3920/2398 6764/3922/2401 6711/3920/2389
f 6766/3917/2375 6711/3920/2389 6707/3917/2375
f 6729/3926/2383 6767/3927/2383 6749/3863/2398 6757/3880/2398
f 6767/3928/2383 6729/3929/2383 6732/3930/2383 6709/3931/2383
f 6709/3932/2383 6732/3933/2383 6721/3934/2383 6768/3935/2383
f 6768/3928/2383 6721/3929/2383 6723/3930/2384 6769/3931/2384
f 6779/3936/2409 6780/3937/2410 6783/3938/2413 6781/3939/2411
f 6833/3940/2408 6780/3937/2410 6779/3936/2409 6832/3941/2384
f 6831/3942/2403 6772/3943/2404 6780/3944/2410 6833/3945/2408
f 6782/3946/2412 6775/3947/2407 6776/3948/2384 6784/3949/2384
f 6772/3943/2404 6774/3950/2406 6783/3951/2413 6780/3944/2410
f 6773/3952/2405 6782/3953/2412 6783/3951/2413 6774/3950/2406
f 6782/3946/2412 6784/3949/2384 6781/3939/2411 6783/3938/2413
f 6782/3953/2412 6773/3952/2405 6770/3954/2402 6775/3955/2407
f 6791/3956/2419 6793/3957/2421 6795/3958/2423 6792/3959/2420
f 6838/3960/2418 6837/3961/2384 6791/3956/2419 6792/3959/2420
f 6836/3962/2414 6838/3963/2418 6792/3964/2420 6786/3965/2415
f 6794/3966/2422 6796/3967/2384 6776/3948/2384 6775/3947/2407
f 6786/3965/2415 6792/3964/2420 6795/3968/2423 6788/3969/2417
f 6787/3970/2416 6788/3969/2417 6795/3968/2423 6794/3971/2422
f 6794/3966/2422 6795/3958/2423 6793/3957/2421 6796/3967/2384
f 6794/3971/2422 6775/3955/2407 6770/3954/2402 6787/3970/2416
f 6801/3936/2428 6803/3939/2430 6805/3938/2432 6802/3937/2429
f 6835/3940/2426 6834/3972/2457 6801/3936/2428 6802/3937/2429
f 6831/3942/2403 6835/3945/2426 6802/3944/2429 6772/3943/2404
f 6804/3946/2431 6806/3949/2433 6798/3948/2425 6797/3947/2424
f 6772/3943/2404 6802/3944/2429 6805/3951/2432 6774/3950/2406
f 6773/3952/2405 6774/3950/2406 6805/3951/2432 6804/3953/2431
f 6804/3946/2431 6805/3938/2432 6803/3939/2430 6806/3949/2433
f 6804/3953/2431 6797/3955/2424 6770/3954/2402 6773/3952/2405
f 6816/3973/2442 6811/3974/2438 6808/3975/2435 6814/3976/2425
f 6811/3974/2438 6812/3977/2439 6810/3978/2437 6808/3975/2435
f 6807/3979/2434 6809/3980/2436 6812/3977/2439 6811/3974/2438
f 6813/3981/2440 6807/3979/2434 6811/3974/2438 6816/3973/2442
f 6809/3980/2436 6807/3979/2434 6813/3981/2440 6815/3982/2441
f 6819/3956/2445 6820/3959/2446 6823/3958/2449 6821/3957/2447
f 6840/3983/2443 6820/3959/2446 6819/3956/2445 6839/3984/2458
f 6836/3962/2414 6786/3965/2415 6820/3964/2446 6840/3963/2443
f 6822/3966/2448 6797/3947/2424 6798/3948/2425 6824/3967/2450
f 6786/3965/2415 6788/3969/2417 6823/3968/2449 6820/3964/2446
f 6787/3970/2416 6822/3971/2448 6823/3968/2449 6788/3969/2417
f 6822/3966/2448 6824/3967/2450 6821/3957/2447 6823/3958/2449
f 6822/3971/2448 6787/3970/2416 6770/3954/2402 6797/3955/2424
f 6816/3973/2442 6814/3976/2425 6826/3985/2452 6829/3986/2455
f 6829/3986/2455 6826/3985/2452 6828/3987/2454 6830/3988/2456
f 6825/3989/2451 6829/3986/2455 6830/3988/2456 6827/3990/2453
f 6813/3981/2440 6816/3973/2442 6829/3986/2455 6825/3989/2451
f 6827/3990/2453 6815/3982/2441 6813/3981/2440 6825/3989/2451
f 6771/3991/2403 6799/3992/2426 6835/3945/2426 6831/3942/2403
f 6799/3993/2426 6800/3994/2427 6834/3972/2457 6835/3940/2426
f 6771/3991/2403 6831/3942/2403 6833/3945/2408 6777/3992/2408
f 6777/3993/2408 6833/3940/2408 6832/3941/2384 6778/3994/2384
f 6785/3995/2414 6836/3962/2414 6840/3963/2443 6817/3996/2443
f 6817/3997/2443 6840/3983/2443 6839/3984/2458 6818/3998/2444
f 6785/3995/2414 6789/3996/2418 6838/3963/2418 6836/3962/2414
f 6789/3997/2418 6790/3998/2384 6837/3961/2384 6838/3960/2418
f 6801/3936/2428 6834/3972/2457 6848/3972/2465 6842/3936/2459
f 6819/3956/2445 6821/3957/2447 6846/3957/2463 6845/3956/2462
f 6824/3967/2450 6798/3948/2425 6841/3948/2375 6847/3967/2464
f 6803/3939/2430 6801/3936/2428 6842/3936/2459 6843/3939/2460
f 6798/3948/2425 6806/3949/2433 6844/3949/2461 6841/3948/2375
f 6821/3957/2447 6824/3967/2450 6847/3967/2464 6846/3957/2463
f 6839/3984/2458 6819/3956/2445 6845/3956/2462 6849/3984/2466
f 6806/3949/2433 6803/3939/2430 6843/3939/2460 6844/3949/2461
f 6818/3998/2444 6839/3984/2458 6850/3984/2467 6851/3998/2468
f 6839/3984/2458 6849/3984/2466 6852/3984/2469 6850/3984/2467
f 6848/3972/2465 6834/3972/2457 6853/3972/2470 6855/3972/2472
f 6834/3972/2457 6800/3994/2427 6854/3994/2471 6853/3972/2470
f 6814/3976/2425 6808/3975/2435 6810/3978/2437 6828/3987/2454 6826/3985/2452
f 6858/3999/2442 6910/4000/2442 6856/4001/2442 6857/4002/2442
f 6885/4003/2487 6858/4004/2442 6857/4001/2442 6907/4005/2499
f 6906/4006/2498 7022/4007/2443 6912/4001/2442 6859/4002/2442 6905/4008/2497
f 6857/4009/2442 6856/4010/2442 6998/4011/2426 6860/4012/2473 6884/4013/2486
f 6860/4014/2473 6998/4015/2426 6987/4001/2403 6864/4016/2476
f 6884/4017/2486 6860/4018/2473 6864/4019/2476 6863/4020/2475
f 6884/4021/2486 6863/4022/2475 6861/4023/2474 6907/4024/2499
f 6907/4024/2499 6861/4023/2474 6867/4025/2402 6885/4026/2487
f 6864/4027/2476 6987/4010/2403 6868/4001/2403 6869/4016/2476
f 6863/4028/2475 6864/4029/2476 6869/4019/2476 6862/4020/2475
f 6863/4021/2475 6862/4030/2475 6865/4031/2474 6861/4024/2474
f 6861/4024/2474 6865/4031/2474 6866/4032/2402 6867/4026/2402
f 6869/4027/2476 6868/4010/2403 6993/4001/2403 6870/4016/2476
f 6862/4028/2475 6869/4029/2476 6870/4019/2476 6873/4020/2475
f 6862/4021/2475 6873/4033/2475 6871/4031/2474 6865/4024/2474
f 6865/4024/2474 6871/4031/2474 6876/4032/2402 6866/4026/2402
f 6878/4034/2481 7007/4035/2403 6881/4001/2403 6882/4016/2484
f 6877/4036/2480 6878/4037/2481 6882/4038/2484 6872/4039/2477
f 6877/4037/2480 6872/4038/2477 6874/4040/2478 6879/4041/2482
f 6879/4037/2482 6874/4038/2478 6875/4042/2479 6880/4043/2483
f 6871/4024/2474 6879/4044/2482 6880/4045/2483 6876/4026/2402
f 6873/4021/2475 6877/4046/2480 6879/4044/2482 6871/4024/2474
f 6873/4028/2475 6870/4029/2476 6878/4047/2481 6877/4048/2480
f 6870/4027/2476 6993/4010/2403 7007/4035/2403 6878/4034/2481
f 6882/4027/2484 6881/4010/2403 7001/4001/2408 6951/4016/2506
f 6872/4039/2477 6882/4038/2484 6951/4049/2506 6952/4050/2507
f 6872/4038/2477 6952/4051/2507 6883/4052/2485 6874/4040/2478
f 6874/4038/2478 6883/4053/2485 6953/4054/2508 6875/4042/2479
f 6906/4014/2498 6889/4016/2490 7012/4001/2414 7022/4015/2443
f 6905/4017/2497 6888/4020/2489 6889/4019/2490 6906/4018/2498
f 6905/4055/2497 6908/4056/2500 6886/4057/2488 6888/4058/2489
f 6908/4056/2500 6885/4059/2487 6867/4060/2402 6886/4057/2488
f 6889/4027/2490 6892/4016/2490 6891/4001/2414 7012/4010/2414
f 6888/4028/2489 6887/4020/2489 6892/4019/2490 6889/4029/2490
f 6888/4061/2489 6886/4062/2488 6890/4063/2488 6887/4064/2489
f 6886/4062/2488 6867/4065/2402 6866/4066/2402 6890/4063/2488
f 6892/4027/2490 6893/4016/2490 6897/4001/2414 6891/4010/2414
f 6887/4028/2489 6896/4020/2489 6893/4019/2490 6892/4029/2490
f 6887/4055/2489 6890/4056/2488 6894/4067/2488 6896/4064/2489
f 6890/4056/2488 6866/4059/2402 6876/4068/2402 6894/4067/2488
f 6902/4034/2494 6904/4016/2496 6898/4001/2414 6901/4035/2414
f 6900/4037/2493 6895/4038/2491 6904/4040/2496 6902/4041/2494
f 6900/4041/2493 6903/4037/2495 6899/4038/2492 6895/4040/2491
f 6903/4069/2495 6880/4037/2483 6875/4038/2479 6899/4070/2492
f 6894/4071/2488 6876/4072/2402 6880/4066/2483 6903/4063/2495
f 6896/4073/2489 6894/4071/2488 6903/4063/2495 6900/4064/2493
f 6896/4028/2489 6900/4048/2493 6902/4047/2494 6893/4029/2490
f 6893/4027/2490 6902/4034/2494 6901/4035/2414 6897/4010/2414
f 6904/4027/2496 6956/4016/2510 6955/4001/2418 6898/4010/2414
f 6895/4038/2491 6954/4074/2509 6956/4075/2510 6904/4040/2496
f 6895/4040/2491 6899/4038/2492 6957/4076/2511 6954/4075/2509
f 6899/4070/2492 6875/4038/2479 6953/4053/2508 6957/4054/2511
f 6884/4077/2486 6907/4078/2499 6857/4079/2442
f 6885/4003/2487 6908/4080/2500 6859/4010/2442 6858/4004/2442
f 6908/4081/2500 6905/4082/2497 6859/4083/2442
f 6858/3999/2442 6911/4084/2442 6909/4004/2442
f 6858/3999/2442 6909/4004/2442 6910/4000/2442
f 6859/4009/2442 6912/4010/2442 6911/4084/2442 6858/3999/2442
f 7023/4085/2522 6917/4086/2501 6915/4087/2501 6913/4088/2501
f 6914/4001/2442 6915/4087/2501 6917/4086/2501 6916/4007/2442
f 6942/4089/2442 6912/4002/2442 7022/4090/2443 6920/4091/2442
f 6913/4088/2501 6918/4092/2442 6919/4093/2442 7023/4085/2522
f 6938/4094/2442 6942/4089/2442 6920/4091/2442 6921/4095/2442
f 6918/4092/2442 6938/4094/2442 6921/4095/2442 6919/4093/2442
f 6925/4096/2442 6998/4097/2426 6856/4009/2442 6943/4098/2442
f 6999/4099/2426 7000/4100/2517 6923/4101/2501 6922/4010/2442
f 6928/4102/2501 6923/4101/2501 7000/4100/2517 6924/4103/2502
f 6926/4104/2442 6925/4096/2442 6943/4098/2442 6939/4105/2442
f 6927/4106/2442 6926/4104/2442 6939/4105/2442 6935/4107/2442
f 6924/4103/2502 6927/4106/2442 6935/4107/2442 6928/4102/2501
f 6946/4108/2442 6911/4109/2442 6912/4009/2442 6942/4110/2442
f 6933/4111/2442 6934/4112/2501 6915/4101/2501 6914/4010/2442
f 6929/4113/2501 6931/4114/2501 6923/4087/2501 6928/4088/2501
f 6945/4115/2442 6910/4116/2442 6909/3999/2442 6944/4117/2442
f 6943/4089/2442 6856/4002/2442 6910/4116/2442 6945/4115/2442
f 6922/4001/2442 6923/4087/2501 6931/4114/2501 6930/4000/2442
f 6913/4102/2501 6915/4101/2501 6934/4112/2501 6932/4118/2501
f 6944/4117/2442 6909/3999/2442 6911/4109/2442 6946/4108/2442
f 6928/4088/2501 6935/4092/2442 6936/4119/2442 6929/4113/2501
f 6932/4118/2501 6937/4120/2442 6918/4121/2442 6913/4102/2501
f 6935/4092/2442 6939/4122/2442 6940/4123/2442 6936/4119/2442
f 6937/4120/2442 6941/4124/2442 6938/4125/2442 6918/4121/2442
f 6939/4122/2442 6943/4089/2442 6945/4115/2442 6940/4123/2442
f 6941/4124/2442 6946/4108/2442 6942/4110/2442 6938/4125/2442
f 6949/3999/2384 6948/4002/2504 6947/4001/2503 6978/4004/2384
f 6953/4003/2508 6883/4005/2485 6948/4001/2504 6949/4004/2384
f 6956/4006/2510 6954/4008/2509 7051/4126/2539 6955/4007/2418
f 6948/4009/2504 6952/4013/2507 7054/4127/2542 6947/4010/2503
f 6952/4077/2507 6948/4079/2504 6883/4078/2485
f 6953/4003/2508 6949/4004/2384 6950/4010/2505 6957/4080/2511
f 6957/4081/2511 6950/4083/2505 6954/4082/2509
f 6950/4009/2505 6949/3999/2384 6978/4128/2384 7038/4010/2531
f 7033/4129/2526 6958/4088/2512 6960/4087/2512 7035/4130/2528
f 7046/4131/2527 6962/4132/2418 7028/4133/2525 7052/4134/2540
f 7047/4135/2537 6964/4091/2384 6955/4090/2418 7051/4136/2539
f 7050/4137/2538 6961/4085/2513 6963/4093/2384 7049/4138/2530
f 7048/4139/2530 6965/4095/2384 6964/4091/2384 7047/4135/2537
f 7049/4138/2530 6963/4093/2384 6965/4095/2384 7048/4139/2530
f 7042/4140/2534 6976/4098/2384 6947/4009/2503
f 7045/4141/2536 6977/4010/2384 6966/4101/2512 7040/4142/2532
f 7053/4143/2541 6967/4103/2514 7005/4100/2519 7058/4144/2544
f 7043/4145/2535 6974/4105/2384 6976/4098/2384 7042/4140/2534
f 7044/4146/2535 6972/4107/2384 6974/4105/2384 7043/4145/2535
f 7041/4147/2533 6971/4102/2512 6972/4107/2384 7044/4146/2535
f 6981/4148/2384 6975/4098/2384 7038/4009/2531 6978/4149/2384
f 6985/4150/2384 6959/4010/2384 6960/4101/2512 6984/4151/2512
f 6982/4152/2512 6971/4103/2512 6966/4100/2512 6984/4151/2512
f 6980/4153/2384 6973/4105/2384 6975/4098/2384 6981/4148/2384
f 6979/4154/2384 6983/4107/2384 6973/4105/2384 6980/4153/2384
f 6982/4152/2512 6958/4102/2512 6983/4107/2384 6979/4154/2384
f 6971/4103/2512 6982/4152/2512 6979/4154/2384 6972/4106/2384
f 6972/4106/2384 6979/4154/2384 6980/4153/2384 6974/4104/2384
f 6974/4104/2384 6980/4153/2384 6981/4148/2384 6976/4096/2384
f 6958/4102/2512 6982/4152/2512 6984/4151/2512 6960/4101/2512
f 6977/4099/2384 6985/4150/2384 6984/4151/2512 6966/4100/2512
f 6976/4096/2384 6981/4148/2384 6978/4149/2384 6947/4097/2503
f 6924/4155/2502 7000/4156/2517 6992/4087/2515 6989/4088/2515
f 6988/4088/2515 6868/4002/2403 6987/4009/2403 6989/4102/2515
f 6990/4001/2403 6991/4087/2515 6992/4101/2515 6986/4010/2403
f 6989/4102/2515 6992/4101/2515 6991/4087/2515 6988/4088/2515
f 6994/4088/2515 6993/4002/2403 6868/4009/2403 6988/4102/2515
f 6996/4001/2403 6995/4087/2515 6991/4101/2515 6990/4010/2403
f 6988/4102/2515 6991/4101/2515 6995/4087/2515 6994/4088/2515
f 7008/4129/2516 7007/4157/2403 6993/4009/2403 6994/4102/2515
f 7006/4035/2403 7009/4158/2518 6995/4101/2515 6996/4010/2403
f 7008/4129/2516 7009/4158/2518 6997/4159/2516 7002/4160/2518
f 6986/4001/2403 6992/4087/2515 7000/4156/2517 6999/4161/2426
f 6989/4088/2515 6987/4002/2403 6998/4162/2426 6924/4155/2502
f 6967/4088/2514 7001/4002/2408 6881/4009/2403 7002/4102/2518
f 7004/4001/2408 7005/4087/2519 6997/4101/2516 7003/4010/2403
f 7002/4102/2518 6997/4101/2516 7005/4087/2519 6967/4088/2514
f 6994/4102/2515 6995/4101/2515 7009/4158/2518 7008/4129/2516
f 7003/4163/2403 6997/4159/2516 7009/4158/2518 7006/4035/2403
f 7002/4160/2518 6881/4164/2403 7007/4165/2403 7008/4129/2516
f 7003/4163/2403 7006/4035/2403 7010/4163/2403
f 7023/4155/2522 7014/4088/2520 7017/4087/2520 7025/4156/2523
f 7013/4088/2520 7014/4102/2520 7012/4009/2414 6891/4002/2414
f 7015/4001/2414 7011/4010/2414 7017/4101/2520 7016/4087/2520
f 7014/4102/2520 7013/4088/2520 7016/4087/2520 7017/4101/2520
f 7018/4088/2520 7013/4102/2520 6891/4009/2414 6897/4002/2414
f 7020/4001/2414 7015/4010/2414 7016/4101/2520 7019/4087/2520
f 7013/4102/2520 7018/4088/2520 7019/4087/2520 7016/4101/2520
f 7030/4129/2521 7018/4102/2520 6897/4009/2414 6901/4157/2414
f 7029/4035/2414 7020/4010/2414 7019/4101/2520 7031/4158/2524
f 7030/4129/2521 7026/4160/2524 7021/4159/2521 7031/4158/2524
f 7011/4001/2414 7024/4161/2414 7025/4156/2523 7017/4087/2520
f 7014/4088/2520 7023/4155/2522 7022/4162/2443 7012/4002/2414
f 6961/4088/2513 7026/4102/2524 6898/4009/2414 6955/4002/2418
f 6962/4001/2418 7027/4010/2414 7021/4101/2521 7028/4087/2525
f 7026/4102/2524 6961/4088/2513 7028/4087/2525 7021/4101/2521
f 7018/4102/2520 7030/4129/2521 7031/4158/2524 7019/4101/2520
f 7027/4163/2414 7029/4035/2414 7031/4158/2524 7021/4159/2521
f 7026/4160/2524 7030/4129/2521 6901/4165/2414 6898/4164/2414
f 7027/4163/2414 7032/4163/2414 7029/4035/2414
f 6983/4092/2384 7039/4166/2530 7037/4167/2530 6973/4094/2384
f 6973/4094/2384 7037/4167/2530 7036/4168/2529 6975/4089/2384
f 6958/4088/2512 7033/4129/2526 7039/4166/2530 6983/4092/2384
f 6975/4089/2384 7036/4168/2529 7038/4002/2531
f 6959/4001/2384 7034/4035/2527 7035/4130/2528 6960/4087/2512
f 7050/4137/2538 7033/4129/2526 7035/4130/2528 7052/4134/2540
f 7053/4143/2541 7041/4147/2533 7044/4146/2535 7057/4169/2535
f 7057/4169/2535 7044/4146/2535 7043/4145/2535 7056/4170/2535
f 7056/4170/2535 7043/4145/2535 7042/4140/2534 7055/4171/2543
f 6971/4102/2512 7041/4147/2533 7040/4142/2532 6966/4101/2512
f 7059/4172/2536 7045/4141/2536 7040/4142/2532 7058/4144/2544
f 7055/4171/2543 7042/4140/2534 6947/4009/2503 7054/4173/2542
f 6961/4085/2513 7050/4137/2538 7052/4134/2540 7028/4133/2525
f 7039/4166/2530 7049/4138/2530 7048/4139/2530 7037/4167/2530
f 7037/4167/2530 7048/4139/2530 7047/4135/2537 7036/4168/2529
f 7033/4129/2526 7050/4137/2538 7049/4138/2530 7039/4166/2530
f 7036/4168/2529 7047/4135/2537 7051/4136/2539 7038/4002/2531
f 7034/4035/2527 7046/4131/2527 7052/4134/2540 7035/4130/2528
f 6968/4096/2384 7055/4171/2543 7054/4173/2542 7001/4097/2408
f 7004/4099/2408 7059/4172/2536 7058/4144/2544 7005/4100/2519
f 6969/4104/2384 7056/4170/2535 7055/4171/2543 6968/4096/2384
f 6970/4106/2384 7057/4169/2535 7056/4170/2535 6969/4104/2384
f 6967/4103/2514 7053/4143/2541 7057/4169/2535 6970/4106/2384
f 7041/4147/2533 7053/4143/2541 7058/4144/2544 7040/4142/2532
f 7054/4127/2542 6952/4013/2507 6951/4012/2506 7001/4011/2408
f 7051/4126/2539 6954/4008/2509 6950/4002/2505 7038/4001/2531
f 7060/4174/2545 7061/4175/2414 7063/4176/2414 7062/4177/2546
f 7066/4178/2548 7067/4179/2403 7065/4180/2403 7064/4181/2547
f 7062/4177/2546 7066/4178/2548 7064/4181/2547 7060/4174/2545
f 7062/4177/2546 7063/4176/2414 7068/4182/2414 7069/4183/2549
f 7067/4179/2403 7066/4178/2548 7070/4184/2550 7071/4185/2403
f 7066/4178/2548 7062/4177/2546 7069/4183/2549 7070/4184/2550
f 7069/4183/2549 7068/4182/2414 7072/4186/2414 7073/4187/2545
f 7071/4185/2403 7070/4184/2550 7074/4188/2547 7075/4189/2403
f 7070/4184/2550 7069/4183/2549 7073/4187/2545 7074/4188/2547
f 7086/4190/2556 7085/4190/2384 7078/4191/2384 7076/4191/2551
f 7090/4192/2558 7089/4192/2442 7083/4193/2442 7080/4193/2553
f 7095/4194/2474 7093/4195/2402 7081/4196/2554 7088/4197/2557
f 7092/4198/2559 7094/4199/2475 7086/4190/2556 7076/4191/2551
f 7077/4200/2552 7079/4200/2442 7087/4201/2442 7084/4201/2555
f 7088/4197/2557 7091/4197/2384 7085/4190/2384 7086/4190/2556
f 7081/4196/2554 7082/4196/2384 7091/4197/2384 7088/4197/2557
f 7094/4199/2475 7095/4194/2474 7088/4197/2557 7086/4190/2556
f 7084/4201/2555 7087/4201/2442 7089/4192/2442 7090/4192/2558
f 7084/4201/2555 7090/4192/2558 7095/4194/2474 7094/4199/2475
f 7077/4200/2552 7084/4201/2555 7094/4199/2475 7092/4198/2559
f 7090/4192/2558 7080/4193/2553 7093/4195/2402 7095/4194/2474
f 7106/4190/2556 7105/4190/2384 7098/4191/2384 7096/4191/2551
f 7110/4192/2558 7109/4192/2442 7103/4193/2442 7100/4193/2553
f 7115/4194/2474 7113/4195/2402 7101/4196/2554 7108/4197/2557
f 7112/4198/2559 7114/4199/2475 7106/4190/2556 7096/4191/2551
f 7097/4200/2552 7099/4200/2442 7107/4201/2442 7104/4201/2555
f 7108/4197/2557 7111/4197/2384 7105/4190/2384 7106/4190/2556
f 7101/4196/2554 7102/4196/2384 7111/4197/2384 7108/4197/2557
f 7114/4199/2475 7115/4194/2474 7108/4197/2557 7106/4190/2556
f 7104/4201/2555 7107/4201/2442 7109/4192/2442 7110/4192/2558
f 7104/4201/2555 7110/4192/2558 7115/4194/2474 7114/4199/2475
f 7097/4200/2552 7104/4201/2555 7114/4199/2475 7112/4198/2559
f 7110/4192/2558 7100/4193/2553 7113/4195/2402 7115/4194/2474
f 7123/4192/2558 7122/4192/2442 7119/4193/2442 7118/4193/2553
f 7116/4200/2552 7117/4200/2442 7121/4201/2442 7120/4201/2555
f 7120/4201/2555 7121/4201/2442 7122/4192/2442 7123/4192/2558
f 7120/4201/2555 7123/4192/2558 7127/4194/2474 7126/4199/2475
f 7116/4200/2552 7120/4201/2555 7126/4199/2475 7124/4198/2559
f 7123/4192/2558 7118/4193/2553 7125/4195/2402 7127/4194/2474
f 7138/4190/2556 7137/4190/2384 7130/4191/2384 7128/4191/2551
f 7142/4192/2558 7141/4192/2442 7135/4193/2442 7132/4193/2553
f 7147/4194/2474 7145/4195/2402 7133/4196/2554 7140/4197/2557
f 7144/4198/2559 7146/4199/2475 7138/4190/2556 7128/4191/2551
f 7129/4200/2552 7131/4200/2442 7139/4201/2442 7136/4201/2555
f 7140/4197/2557 7143/4197/2384 7137/4190/2384 7138/4190/2556
f 7133/4196/2554 7134/4196/2384 7143/4197/2384 7140/4197/2557
f 7146/4199/2475 7147/4194/2474 7140/4197/2557 7138/4190/2556
f 7136/4201/2555 7139/4201/2442 7141/4192/2442 7142/4192/2558
f 7136/4201/2555 7142/4192/2558 7147/4194/2474 7146/4199/2475
f 7129/4200/2552 7136/4201/2555 7146/4199/2475 7144/4198/2559
f 7142/4192/2558 7132/4193/2553 7145/4195/2402 7147/4194/2474
f 7158/4190/2556 7157/4190/2384 7150/4191/2384 7148/4191/2551
f 7162/4192/2558 7161/4192/2442 7155/4193/2442 7152/4193/2553
f 7167/4194/2474 7165/4195/2402 7153/4196/2554 7160/4197/2557
f 7164/4198/2559 7166/4199/2475 7158/4190/2556 7148/4191/2551
f 7149/4200/2552 7151/4200/2442 7159/4201/2442 7156/4201/2555
f 7160/4197/2557 7163/4197/2384 7157/4190/2384 7158/4190/2556
f 7153/4196/2554 7154/4196/2384 7163/4197/2384 7160/4197/2557
f 7166/4199/2475 7167/4194/2474 7160/4197/2557 7158/4190/2556
f 7156/4201/2555 7159/4201/2442 7161/4192/2442 7162/4192/2558
f 7156/4201/2555 7162/4192/2558 7167/4194/2474 7166/4199/2475
f 7149/4200/2552 7156/4201/2555 7166/4199/2475 7164/4198/2559
f 7162/4192/2558 7152/4193/2553 7165/4195/2402 7167/4194/2474
f 7174/4190/2563 7168/4191/2560 7170/4191/2384 7173/4190/2384
f 7178/4192/2565 7080/4193/2553 7083/4193/2442 7177/4192/2442
f 7182/4194/2488 7176/4197/2564 7081/4196/2554 7093/4195/2402
f 7180/4198/2566 7168/4191/2560 7174/4190/2563 7181/4199/2489
f 7169/4200/2561 7172/4201/2562 7175/4201/2442 7171/4200/2442
f 7176/4197/2564 7174/4190/2563 7173/4190/2384 7179/4197/2384
f 7081/4196/2554 7176/4197/2564 7179/4197/2384 7082/4196/2384
f 7181/4199/2489 7174/4190/2563 7176/4197/2564 7182/4194/2488
f 7172/4201/2562 7178/4192/2565 7177/4192/2442 7175/4201/2442
f 7172/4201/2562 7181/4199/2489 7182/4194/2488 7178/4192/2565
f 7169/4200/2561 7180/4198/2566 7181/4199/2489 7172/4201/2562
f 7178/4192/2565 7182/4194/2488 7093/4195/2402 7080/4193/2553
f 7189/4190/2563 7183/4191/2560 7185/4191/2384 7188/4190/2384
f 7193/4192/2565 7100/4193/2553 7103/4193/2442 7192/4192/2442
f 7197/4194/2488 7191/4197/2564 7101/4196/2554 7113/4195/2402
f 7195/4198/2566 7183/4191/2560 7189/4190/2563 7196/4199/2489
f 7184/4200/2561 7187/4201/2562 7190/4201/2442 7186/4200/2442
f 7191/4197/2564 7189/4190/2563 7188/4190/2384 7194/4197/2384
f 7101/4196/2554 7191/4197/2564 7194/4197/2384 7102/4196/2384
f 7196/4199/2489 7189/4190/2563 7191/4197/2564 7197/4194/2488
f 7187/4201/2562 7193/4192/2565 7192/4192/2442 7190/4201/2442
f 7187/4201/2562 7196/4199/2489 7197/4194/2488 7193/4192/2565
f 7184/4200/2561 7195/4198/2566 7196/4199/2489 7187/4201/2562
f 7193/4192/2565 7197/4194/2488 7113/4195/2402 7100/4193/2553
f 7203/4192/2565 7118/4193/2553 7119/4193/2442 7202/4192/2442
f 7198/4200/2561 7200/4201/2562 7201/4201/2442 7199/4200/2442
f 7200/4201/2562 7203/4192/2565 7202/4192/2442 7201/4201/2442
f 7200/4201/2562 7205/4199/2489 7206/4194/2488 7203/4192/2565
f 7198/4200/2561 7204/4198/2566 7205/4199/2489 7200/4201/2562
f 7203/4192/2565 7206/4194/2488 7125/4195/2402 7118/4193/2553
f 7213/4190/2563 7207/4191/2560 7209/4191/2384 7212/4190/2384
f 7217/4192/2565 7132/4193/2553 7135/4193/2442 7216/4192/2442
f 7221/4194/2488 7215/4197/2564 7133/4196/2554 7145/4195/2402
f 7219/4198/2566 7207/4191/2560 7213/4190/2563 7220/4199/2489
f 7208/4200/2561 7211/4201/2562 7214/4201/2442 7210/4200/2442
f 7215/4197/2564 7213/4190/2563 7212/4190/2384 7218/4197/2384
f 7133/4196/2554 7215/4197/2564 7218/4197/2384 7134/4196/2384
f 7220/4199/2489 7213/4190/2563 7215/4197/2564 7221/4194/2488
f 7211/4201/2562 7217/4192/2565 7216/4192/2442 7214/4201/2442
f 7211/4201/2562 7220/4199/2489 7221/4194/2488 7217/4192/2565
f 7208/4200/2561 7219/4198/2566 7220/4199/2489 7211/4201/2562
f 7217/4192/2565 7221/4194/2488 7145/4195/2402 7132/4193/2553
f 7228/4190/2563 7222/4191/2560 7224/4191/2384 7227/4190/2384
f 7232/4192/2565 7152/4193/2553 7155/4193/2442 7231/4192/2442
f 7236/4194/2488 7230/4197/2564 7153/4196/2554 7165/4195/2402
f 7234/4198/2566 7222/4191/2560 7228/4190/2563 7235/4199/2489
f 7223/4200/2561 7226/4201/2562 7229/4201/2442 7225/4200/2442
f 7230/4197/2564 7228/4190/2563 7227/4190/2384 7233/4197/2384
f 7153/4196/2554 7230/4197/2564 7233/4197/2384 7154/4196/2384
f 7235/4199/2489 7228/4190/2563 7230/4197/2564 7236/4194/2488
f 7226/4201/2562 7232/4192/2565 7231/4192/2442 7229/4201/2442
f 7226/4201/2562 7235/4199/2489 7236/4194/2488 7232/4192/2565
f 7223/4200/2561 7234/4198/2566 7235/4199/2489 7226/4201/2562
f 7232/4192/2565 7236/4194/2488 7165/4195/2402 7152/4193/2553
f 7239/4202/2567 7238/4203/2567 7242/4204/2568 7245/4205/2570
f 7245/4206/2570 7242/4203/2568 7246/4207/2571 7244/4208/2569
f 7241/4209/2408 7245/4210/2570 7244/4211/2569 7243/4212/2384
f 7237/4213/2403 7239/4214/2567 7245/4210/2570 7241/4209/2408
f 7246/4207/2571 7242/4203/2568 7247/4215/2572
f 7242/4204/2568 7238/4203/2567 7240/4216/2403 7247/4217/2572
f 7255/4202/2567 7254/4205/2575 7249/4204/2573 7252/4203/2567
f 7254/4206/2575 7253/4208/2574 7256/4207/2576 7249/4203/2573
f 7248/4209/2426 7250/4212/2442 7253/4211/2574 7254/4210/2575
f 7251/4213/2403 7248/4209/2426 7254/4210/2575 7255/4214/2567
f 7256/4207/2576 7258/4215/2577 7249/4203/2573
f 7249/4204/2573 7258/4217/2577 7257/4216/2403 7252/4203/2567
f 7266/4202/2567 7265/4205/2575 7260/4204/2573 7263/4203/2567
f 7265/4206/2575 7264/4208/2574 7267/4207/2576 7260/4203/2573
f 7259/4209/2426 7261/4212/2442 7264/4211/2574 7265/4210/2575
f 7262/4213/2403 7259/4209/2426 7265/4210/2575 7266/4214/2567
f 7267/4207/2576 7269/4215/2577 7260/4203/2573
f 7260/4204/2573 7269/4217/2577 7268/4216/2403 7263/4203/2567
f 7266/4202/2567 7263/4203/2567 7271/4204/2578 7274/4205/2580
f 7274/4206/2580 7271/4203/2578 7275/4207/2581 7273/4208/2579
f 7270/4209/2408 7274/4210/2580 7273/4211/2579 7272/4212/2384
f 7262/4213/2403 7266/4214/2567 7274/4210/2580 7270/4209/2408
f 7275/4207/2581 7271/4203/2578 7276/4215/2572
f 7271/4204/2578 7263/4203/2567 7268/4216/2403 7276/4217/2572
f 7284/4202/2567 7283/4205/2575 7278/4204/2573 7281/4203/2567
f 7283/4206/2575 7282/4208/2574 7285/4207/2576 7278/4203/2573
f 7277/4209/2426 7279/4212/2442 7282/4211/2574 7283/4210/2575
f 7280/4213/2403 7277/4209/2426 7283/4210/2575 7284/4214/2567
f 7285/4207/2576 7287/4215/2577 7278/4203/2573
f 7278/4204/2573 7287/4217/2577 7286/4216/2403 7281/4203/2567
f 7284/4202/2567 7281/4203/2567 7289/4204/2578 7292/4205/2580
f 7292/4206/2580 7289/4203/2578 7293/4207/2581 7291/4208/2579
f 7288/4209/2408 7292/4210/2580 7291/4211/2579 7290/4212/2384
f 7280/4213/2403 7284/4214/2567 7292/4210/2580 7288/4209/2408
f 7293/4207/2581 7289/4203/2578 7294/4215/2572
f 7289/4204/2578 7281/4203/2567 7286/4216/2403 7294/4217/2572
f 7302/4202/2567 7301/4205/2575 7296/4204/2573 7299/4203/2567
f 7301/4206/2575 7300/4208/2574 7303/4207/2576 7296/4203/2573
f 7295/4209/2426 7297/4212/2442 7300/4211/2574 7301/4210/2575
f 7298/4213/2403 7295/4209/2426 7301/4210/2575 7302/4214/2567
f 7303/4207/2576 7305/4215/2577 7296/4203/2573
f 7296/4204/2573 7305/4217/2577 7304/4216/2403 7299/4203/2567
f 7302/4202/2567 7299/4203/2567 7307/4204/2578 7310/4205/2580
f 7310/4206/2580 7307/4203/2578 7311/4207/2581 7309/4208/2579
f 7306/4209/2408 7310/4210/2580 7309/4211/2579 7308/4212/2384
f 7298/4213/2403 7302/4214/2567 7310/4210/2580 7306/4209/2408
f 7311/4207/2581 7307/4203/2578 7312/4215/2572
f 7307/4204/2578 7299/4203/2567 7304/4216/2403 7312/4217/2572
f 7315/4202/2582 7321/4205/2585 7318/4204/2583 7314/4203/2582
f 7321/4206/2585 7320/4208/2584 7322/4207/2586 7318/4203/2583
f 7317/4209/2418 7319/4212/2384 7320/4211/2584 7321/4210/2585
f 7313/4213/2414 7317/4209/2418 7321/4210/2585 7315/4214/2582
f 7322/4207/2586 7323/4215/2587 7318/4203/2583
f 7318/4204/2583 7323/4217/2587 7316/4216/2414 7314/4203/2582
f 7331/4202/2582 7328/4203/2582 7325/4204/2588 7330/4205/2589
f 7330/4206/2589 7325/4203/2588 7332/4207/2576 7329/4208/2574
f 7324/4209/2443 7330/4210/2589 7329/4211/2574 7326/4212/2442
f 7327/4213/2414 7331/4214/2582 7330/4210/2589 7324/4209/2443
f 7332/4207/2576 7325/4203/2588 7334/4215/2590
f 7325/4204/2588 7328/4203/2582 7333/4216/2414 7334/4217/2590
f 7342/4202/2582 7339/4203/2582 7336/4204/2588 7341/4205/2589
f 7341/4206/2589 7336/4203/2588 7343/4207/2576 7340/4208/2574
f 7335/4209/2443 7341/4210/2589 7340/4211/2574 7337/4212/2442
f 7338/4213/2414 7342/4214/2582 7341/4210/2589 7335/4209/2443
f 7343/4207/2576 7336/4203/2588 7345/4215/2590
f 7336/4204/2588 7339/4203/2582 7344/4216/2414 7345/4217/2590
f 7342/4202/2582 7350/4205/2592 7347/4204/2591 7339/4203/2582
f 7350/4206/2592 7349/4208/2579 7351/4207/2581 7347/4203/2591
f 7346/4209/2418 7348/4212/2384 7349/4211/2579 7350/4210/2592
f 7338/4213/2414 7346/4209/2418 7350/4210/2592 7342/4214/2582
f 7351/4207/2581 7352/4215/2587 7347/4203/2591
f 7347/4204/2591 7352/4217/2587 7344/4216/2414 7339/4203/2582
f 7360/4202/2582 7357/4203/2582 7354/4204/2588 7359/4205/2589
f 7359/4206/2589 7354/4203/2588 7361/4207/2576 7358/4208/2574
f 7353/4209/2443 7359/4210/2589 7358/4211/2574 7355/4212/2442
f 7356/4213/2414 7360/4214/2582 7359/4210/2589 7353/4209/2443
f 7361/4207/2576 7354/4203/2588 7363/4215/2590
f 7354/4204/2588 7357/4203/2582 7362/4216/2414 7363/4217/2590
f 7360/4202/2582 7368/4205/2592 7365/4204/2591 7357/4203/2582
f 7368/4206/2592 7367/4208/2579 7369/4207/2581 7365/4203/2591
f 7364/4209/2418 7366/4212/2384 7367/4211/2579 7368/4210/2592
f 7356/4213/2414 7364/4209/2418 7368/4210/2592 7360/4214/2582
f 7369/4207/2581 7370/4215/2587 7365/4203/2591
f 7365/4204/2591 7370/4217/2587 7362/4216/2414 7357/4203/2582
f 7378/4202/2582 7375/4203/2582 7372/4204/2588 7377/4205/2589
f 7377/4206/2589 7372/4203/2588 7379/4207/2576 7376/4208/2574
f 7371/4209/2443 7377/4210/2589 7376/4211/2574 7373/4212/2442
f 7374/4213/2414 7378/4214/2582 7377/4210/2589 7371/4209/2443
f 7379/4207/2576 7372/4203/2588 7381/4215/2590
f 7372/4204/2588 7375/4203/2582 7380/4216/2414 7381/4217/2590
f 7378/4202/2582 7386/4205/2592 7383/4204/2591 7375/4203/2582
f 7386/4206/2592 7385/4208/2579 7387/4207/2581 7383/4203/2591
f 7382/4209/2418 7384/4212/2384 7385/4211/2579 7386/4210/2592
f 7374/4213/2414 7382/4209/2418 7386/4210/2592 7378/4214/2582
f 7387/4207/2581 7388/4215/2587 7383/4203/2591
f 7383/4204/2591 7388/4217/2587 7380/4216/2414 7375/4203/2582
o Decoration_WallScons_Torch
v 0.144038 -0.381038 0.335407
v 0.144038 0.381038 0.335407
v 0.144038 -0.381038 -0.335407
v 0.144038 0.381038 -0.335407
v 0.000000 -0.437453 -0.390357
v 0.000000 0.449476 -0.390357
v 0.000000 -0.437453 0.390357
v 0.000000 0.449476 0.390357
v 0.144038 -0.601202 0.000000
v 0.144038 0.381038 0.000000
v 0.000000 0.449476 0.000000
v 0.000000 -0.693686 0.000000
v 0.144038 -0.081907 0.052773
v 0.144038 0.023639 0.052773
v 0.144038 -0.081907 -0.052772
v 0.144038 0.023639 -0.052772
v 0.323194 -0.081907 -0.052772
v 0.323194 0.023639 0.052773
v 0.323194 0.023639 -0.052772
v 0.323194 -0.081907 0.052773
v 0.534279 -0.127668 0.050748
v 0.486492 -0.127668 0.098535
v 0.486492 0.069400 0.098535
v 0.534279 0.069400 0.050748
v 0.486492 -0.127668 -0.098534
v 0.534279 -0.127668 -0.050747
v 0.534279 0.069400 -0.050747
v 0.486492 0.069400 -0.098534
v 0.349539 -0.127668 -0.065397
v 0.382675 -0.127668 -0.098534
v 0.382675 0.069400 -0.098534
v 0.349539 0.069400 -0.065397
v 0.382675 -0.127668 0.098535
v 0.349539 -0.127668 0.065398
v 0.349539 0.069400 0.065398
v 0.382675 0.069400 0.098535
v 0.400676 -0.571418 -0.068237
v 0.459659 -0.575057 -0.034118
v 0.459659 -0.575057 0.034119
v 0.400676 -0.571418 0.068238
v 0.341693 -0.567778 0.034119
v 0.341693 -0.567778 -0.034118
v 0.429716 -0.100795 -0.091056
v 0.508423 -0.105652 -0.045528
v 0.508423 -0.105652 0.045528
v 0.429716 -0.100795 0.091056
v 0.351009 -0.095938 0.045528
v 0.351009 -0.095938 -0.045528
v 0.542672 0.313102 -0.050373
v 0.542672 0.313102 0.050374
v 0.455588 0.318475 0.100747
v 0.368505 0.323849 0.050374
v 0.368505 0.323849 -0.050373
v 0.455588 0.318475 -0.100746
v 0.603528 0.341791 -0.084421
v 0.603528 0.341791 0.084422
v 0.457583 0.350797 0.168844
v 0.311638 0.359802 0.084422
v 0.311638 0.359802 -0.084421
v 0.457583 0.350797 -0.168843
v 0.676389 0.473687 -0.121718
v 0.676389 0.473687 0.121719
v 0.465967 0.486672 0.243437
v 0.255545 0.499656 0.121719
v 0.255545 0.499656 -0.121718
v 0.465967 0.486672 -0.243436
v 0.538846 0.251097 -0.050373
v 0.538846 0.251097 0.050374
v 0.451762 0.256471 0.100747
v 0.364678 0.261844 0.050374
v 0.364678 0.261844 -0.050373
v 0.451762 0.256471 -0.100746
v 0.612123 0.477653 -0.084543
v 0.612123 0.477653 0.084544
v 0.465967 0.486672 0.169087
v 0.319812 0.495691 0.084544
v 0.319812 0.495691 -0.084543
v 0.465967 0.486672 -0.169086
v 0.459266 0.378077 0.000000
vn 0.7835 -0.2648 0.5621
vn 0.7742 0.4297 0.4646
vn 0.7835 -0.2648 -0.5621
vn 0.7742 0.4297 -0.4646
vn 0.4664 -0.4480 -0.7627
vn 0.5188 0.6159 -0.5929
vn 0.4664 -0.4480 0.7627
vn 0.5188 0.6159 0.5929
vn 0.8057 -0.5924 -0.0000
vn 0.8453 0.5342 -0.0000
vn 0.4292 0.9032 -0.0000
vn 0.5403 -0.8415 -0.0000
vn -0.0000 -0.7071 0.7071
vn -0.0000 0.7071 0.7071
vn -0.0000 -0.7071 -0.7071
vn -0.0000 0.7071 -0.7071
vn -0.5021 -0.4636 -0.7300
vn -0.5021 0.4636 0.7300
vn -0.5021 0.4636 -0.7300
vn -0.5021 -0.4636 0.7300
vn 0.7173 -0.6303 0.2971
vn 0.2971 -0.6303 0.7173
vn 0.2971 0.6303 0.7173
vn 0.7173 0.6303 0.2971
vn 0.2971 -0.6303 -0.7173
vn 0.7173 -0.6303 -0.2971
vn 0.7173 0.6303 -0.2971
vn 0.2971 0.6303 -0.7173
vn -0.5911 -0.7106 -0.3816
vn -0.2971 -0.6303 -0.7173
vn -0.2971 0.6303 -0.7173
vn -0.5911 0.7106 -0.3816
vn -0.2971 -0.6303 0.7173
vn -0.5911 -0.7106 0.3816
vn -0.5911 0.7106 0.3816
vn -0.2971 0.6303 0.7173
vn -0.0387 -0.6269 -0.7781
vn 0.6339 -0.6684 -0.3891
vn 0.6339 -0.6684 0.3891
vn -0.0387 -0.6269 0.7781
vn -0.7113 -0.5854 0.3891
vn -0.7113 -0.5854 -0.3891
vn -0.0023 -0.0375 -0.9993
vn 0.8615 -0.0908 -0.4996
vn 0.8615 -0.0908 0.4996
vn -0.0023 -0.0375 0.9993
vn -0.8661 0.0158 0.4996
vn -0.8661 0.0158 -0.4996
vn 0.6334 -0.6691 -0.3888
vn 0.6334 -0.6691 0.3888
vn -0.0387 -0.6276 0.7776
vn -0.7108 -0.5861 0.3888
vn -0.7108 -0.5861 -0.3888
vn -0.0387 -0.6276 -0.7776
vn 0.5916 -0.7181 -0.3664
vn 0.5916 -0.7181 0.3664
vn -0.0419 -0.6791 0.7329
vn -0.6754 -0.6400 0.3664
vn -0.6754 -0.6400 -0.3664
vn -0.0419 -0.6791 -0.7329
vn 0.8111 0.3685 -0.4543
vn 0.8111 0.3685 0.4543
vn 0.0257 0.4170 0.9086
vn -0.7596 0.4654 0.4543
vn -0.7596 0.4654 -0.4543
vn 0.0257 0.4170 -0.9086
vn 0.8635 -0.0668 -0.5000
vn 0.8635 -0.0668 0.5000
vn -0.0008 -0.0134 0.9999
vn -0.8651 0.0399 0.5000
vn -0.8651 0.0399 -0.5000
vn -0.0008 -0.0134 -0.9999
vn -0.1052 0.9898 0.0958
vn -0.1052 0.9898 -0.0958
vn 0.0604 0.9796 -0.1916
vn 0.2261 0.9694 -0.0958
vn 0.2261 0.9694 0.0958
vn 0.0604 0.9796 0.1916
vn 0.0616 0.9981 -0.0000
vt 0.076848 0.414701
vt 0.076848 0.445747
vt 0.074924 0.443352
vt 0.074924 0.416676
vt 0.063184 0.408970
vt 0.063184 0.443352
vt 0.051443 0.443352
vt 0.051443 0.416676
vt 0.063184 0.405732
vt 0.049520 0.414701
vt 0.063184 0.445747
vt 0.049520 0.445747
vt 0.103854 0.426182
vt 0.103854 0.431182
vt 0.095368 0.431182
vt 0.095368 0.426182
vt 0.113853 0.424014
vt 0.113853 0.433349
vt 0.105102 0.433349
vt 0.105102 0.424014
vt 0.106672 0.424014
vt 0.106672 0.433349
vt 0.111590 0.433349
vt 0.111590 0.424014
vt 0.810547 0.973002
vt 0.839601 0.956228
vt 0.839601 0.922678
vt 0.810547 0.905904
vt 0.781492 0.922678
vt 0.781492 0.956228
vt 0.786056 0.687416
vt 0.786056 0.775921
vt 0.772244 0.775921
vt 0.772244 0.687416
vt 0.799869 0.687416
vt 0.799869 0.775921
vt 0.813681 0.687416
vt 0.813681 0.775921
vt 0.827494 0.687416
vt 0.827494 0.775921
vt 0.841307 0.687416
vt 0.841307 0.775921
vt 0.855119 0.687416
vt 0.855119 0.775921
vt 0.125067 0.595563
vt 0.125067 0.596425
vt 0.133183 0.596425
vt 0.133183 0.595563
vt 0.129753 0.595563
vt 0.129753 0.596425
vt 0.120381 0.596425
vt 0.120381 0.595563
vt 0.116950 0.596425
vt 0.116950 0.595563
vt 0.133183 0.602184
vt 0.125067 0.606870
vt 0.125067 0.613205
vt 0.138669 0.605351
vt 0.116950 0.602184
vt 0.111464 0.605351
vt 0.116950 0.592812
vt 0.125067 0.588126
vt 0.125067 0.581791
vt 0.111464 0.589645
vt 0.133183 0.592812
vt 0.138669 0.589645
vt 0.105455 0.608821
vt 0.125067 0.620144
vt 0.125067 0.574852
vt 0.105455 0.586175
vt 0.144678 0.608821
vt 0.144678 0.586175
vt 0.786056 0.822850
vt 0.772244 0.822850
vt 0.799869 0.822850
vt 0.813681 0.822850
vt 0.827494 0.822850
vt 0.841307 0.822850
vt 0.855119 0.822850
vt 0.111445 0.605363
vt 0.125067 0.613227
vt 0.125067 0.581769
vt 0.111445 0.589633
vt 0.138689 0.605363
vt 0.138689 0.589633
vt 0.125067 0.597498
s 1
usemtl M_DungeonEnviro
f 7393/4218/2597 7394/4219/2598 7392/4220/2596 7391/4221/2595
f 7397/4222/2601 7398/4223/2602 7390/4224/2594 7389/4225/2593
f 7400/4226/2604 7397/4222/2601 7389/4225/2593 7395/4227/2599
f 7398/4223/2602 7399/4228/2603 7396/4229/2600 7390/4224/2594
f 7389/4225/2593 7390/4224/2594 7396/4229/2600 7395/4227/2599
f 7392/4220/2596 7394/4219/2598 7399/4228/2603 7398/4223/2602
f 7393/4218/2597 7391/4221/2595 7397/4222/2601 7400/4226/2604
f 7391/4221/2595 7392/4220/2596 7398/4223/2602 7397/4222/2601
f 7408/4230/2612 7406/4231/2610 7402/4232/2606 7401/4233/2605
f 7414/4234/2618 7415/4235/2619 7412/4235/2616 7409/4234/2613
f 7407/4231/2611 7404/4232/2608 7402/4232/2606 7406/4231/2610
f 7405/4230/2609 7407/4231/2611 7420/4236/2624 7417/4237/2621
f 7418/4238/2622 7419/4239/2623 7416/4240/2620 7413/4241/2617
f 7422/4237/2626 7423/4236/2627 7406/4231/2610 7408/4230/2612
f 7420/4236/2624 7407/4231/2611 7406/4231/2610 7423/4236/2627
f 7403/4233/2607 7404/4232/2608 7407/4231/2611 7405/4230/2609
f 7403/4233/2607 7405/4230/2609 7408/4230/2612 7401/4233/2605
f 7415/4235/2619 7416/4240/2620 7419/4239/2623 7420/4236/2624 7423/4236/2627 7424/4239/2628 7411/4240/2615 7412/4235/2616
f 7410/4241/2614 7411/4240/2615 7424/4239/2628 7421/4238/2625
f 7415/4235/2619 7414/4234/2618 7413/4241/2617 7416/4240/2620
f 7411/4240/2615 7410/4241/2614 7409/4234/2613 7412/4235/2616
f 7405/4230/2609 7417/4237/2621 7422/4237/2626 7408/4230/2612
f 7423/4236/2627 7422/4237/2626 7421/4238/2625 7424/4239/2628
f 7419/4239/2623 7418/4238/2622 7417/4237/2621 7420/4236/2624
f 7417/4237/2621 7418/4238/2622 7413/4241/2617 7414/4234/2618 7409/4234/2613 7410/4241/2614 7421/4238/2625 7422/4237/2626
f 7425/4242/2629 7426/4243/2630 7427/4244/2631 7428/4245/2632 7429/4246/2633 7430/4247/2634
f 7430/4248/2634 7436/4249/2640 7431/4250/2635 7425/4251/2629
f 7429/4252/2633 7435/4253/2639 7436/4249/2640 7430/4248/2634
f 7428/4254/2632 7434/4255/2638 7435/4253/2639 7429/4252/2633
f 7427/4256/2631 7433/4257/2637 7434/4255/2638 7428/4254/2632
f 7426/4258/2630 7432/4259/2636 7433/4257/2637 7427/4256/2631
f 7425/4260/2629 7431/4261/2635 7432/4259/2636 7426/4258/2630
f 7460/4262/2664 7442/4263/2646 7437/4264/2641 7455/4265/2659
f 7455/4266/2659 7437/4267/2641 7438/4268/2642 7456/4269/2660
f 7456/4265/2660 7438/4264/2642 7439/4263/2643 7457/4262/2661
f 7457/4262/2661 7439/4263/2643 7440/4270/2644 7458/4271/2662
f 7458/4269/2662 7440/4268/2644 7441/4267/2645 7459/4266/2663
f 7459/4271/2663 7441/4270/2645 7442/4263/2646 7460/4262/2664
f 7437/4272/2641 7442/4273/2646 7448/4274/2652 7443/4275/2647
f 7442/4273/2646 7441/4276/2645 7447/4277/2651 7448/4274/2652
f 7440/4278/2644 7439/4279/2643 7445/4280/2649 7446/4281/2650
f 7438/4282/2642 7437/4272/2641 7443/4275/2647 7444/4283/2648
f 7441/4276/2645 7440/4278/2644 7446/4281/2650 7447/4277/2651
f 7439/4279/2643 7438/4282/2642 7444/4283/2648 7445/4280/2649
f 7448/4274/2652 7447/4277/2651 7453/4284/2657 7454/4285/2658
f 7446/4281/2650 7445/4280/2649 7451/4286/2655 7452/4287/2656
f 7444/4283/2648 7443/4275/2647 7449/4288/2653 7450/4289/2654
f 7447/4277/2651 7446/4281/2650 7452/4287/2656 7453/4284/2657
f 7445/4280/2649 7444/4283/2648 7450/4289/2654 7451/4286/2655
f 7443/4275/2647 7448/4274/2652 7454/4285/2658 7449/4288/2653
f 7436/4249/2640 7459/4290/2663 7460/4291/2664 7431/4250/2635
f 7435/4253/2639 7458/4292/2662 7459/4290/2663 7436/4249/2640
f 7434/4255/2638 7457/4293/2661 7458/4292/2662 7435/4253/2639
f 7433/4257/2637 7456/4294/2660 7457/4293/2661 7434/4255/2638
f 7432/4259/2636 7455/4295/2659 7456/4294/2660 7433/4257/2637
f 7431/4261/2635 7460/4296/2664 7455/4295/2659 7432/4259/2636
f 7454/4285/2658 7453/4284/2657 7465/4297/2669 7466/4298/2670
f 7452/4287/2656 7451/4286/2655 7463/4299/2667 7464/4300/2668
f 7450/4289/2654 7449/4288/2653 7461/4301/2665 7462/4302/2666
f 7453/4284/2657 7452/4287/2656 7464/4300/2668 7465/4297/2669
f 7451/4286/2655 7450/4289/2654 7462/4302/2666 7463/4299/2667
f 7449/4288/2653 7454/4285/2658 7466/4298/2670 7461/4301/2665
f 7464/4300/2668 7463/4299/2667 7467/4303/2671
f 7462/4302/2666 7461/4301/2665 7467/4303/2671
f 7465/4297/2669 7464/4300/2668 7467/4303/2671
f 7463/4299/2667 7462/4302/2666 7467/4303/2671
f 7461/4301/2665 7466/4298/2670 7467/4303/2671
f 7466/4298/2670 7465/4297/2669 7467/4303/2671
o Decoration_Fountain_Water
v 0.000000 0.957310 -1.219614
v 0.862397 0.957310 -0.862397
v 1.219614 0.957310 0.000000
v 0.862397 0.957310 0.862397
v 0.000000 0.957310 1.219614
v -0.862397 0.957310 0.862397
v -1.219614 0.957310 0.000000
v -0.862397 0.957310 -0.862397
v 0.000000 0.404031 -1.288344
v 0.910997 0.404031 -0.910997
v 1.288344 0.404031 0.000000
v 0.910997 0.404031 0.910997
v 0.000000 0.404031 1.288344
v -0.910997 0.404031 0.910997
v -1.288344 0.404031 0.000000
v -0.910997 0.404031 -0.910997
v 0.764115 0.957310 -0.764115
v 0.000000 0.957310 -1.080622
v 1.080622 0.957310 0.000000
v 0.764115 0.957310 0.764115
v 0.000000 0.957310 1.080622
v -0.764115 0.957310 0.764115
v -1.080622 0.957310 0.000000
v -0.764115 0.957310 -0.764115
v 0.735192 0.607985 -0.735192
v 0.000000 0.607985 -1.039719
v 1.039719 0.607985 0.000000
v 0.735192 0.607985 0.735192
v 0.000000 0.607985 1.039719
v -0.735192 0.607985 0.735192
v -1.039719 0.607985 0.000000
v -0.735192 0.607985 -0.735192
v 0.000000 0.000000 -1.288344
v 0.910997 0.000000 -0.910997
v 1.288344 0.000000 0.000000
v 0.910997 0.000000 0.910997
v 0.000000 0.000000 1.288344
v -0.910997 0.000000 0.910997
v -1.288344 0.000000 0.000000
v -0.910997 0.000000 -0.910997
v 0.910997 0.133378 -0.910997
v 1.288344 0.133378 0.000000
v 0.910997 0.133378 0.910997
v 0.000000 0.133378 1.288344
v -0.910997 0.133378 0.910997
v -1.288344 0.133378 0.000000
v -0.910997 0.133378 -0.910997
v 0.000000 0.133378 -1.288344
v -0.871157 0.340202 -0.871157
v -0.000000 0.340202 -1.232003
v -1.232003 0.340202 -0.000000
v -0.871157 0.340202 0.871157
v -0.000000 0.340202 1.232003
v 0.871157 0.340202 0.871157
v 1.232003 0.340202 -0.000000
v 0.871157 0.340202 -0.871157
v 0.871157 0.170101 -0.871157
v 0.871157 0.170101 0.871157
v -0.871157 0.170101 0.871157
v -0.871157 0.170101 -0.871157
v 1.232003 0.170101 -0.000000
v -0.000000 0.170101 1.232003
v -1.232003 0.170101 -0.000000
v -0.000000 0.170101 -1.232003
v 0.000000 2.232805 -0.341432
v 0.241429 2.232805 -0.241429
v 0.341432 2.232805 0.000000
v 0.241429 2.232805 0.241429
v 0.000000 2.232805 0.341432
v -0.241429 2.232805 0.241429
v -0.341432 2.232805 0.000000
v -0.241429 2.232805 -0.241429
v 0.000000 0.607985 -0.341432
v 0.241429 0.607985 -0.241429
v 0.341432 0.607985 0.000000
v 0.241429 0.607985 0.241429
v 0.000000 0.607985 0.341432
v -0.241429 0.607985 0.241429
v -0.341432 0.607985 0.000000
v -0.241429 0.607985 -0.241429
v 0.155591 2.388890 -0.155591
v -0.000000 2.388890 -0.220039
v 0.220039 2.388890 0.000000
v 0.155591 2.388890 0.155591
v -0.000000 2.388890 0.220039
v -0.155591 2.388890 0.155591
v -0.220039 2.388890 0.000000
v -0.155591 2.388890 -0.155591
v 0.542263 1.891335 0.085252
v 0.542263 1.966471 0.085252
v 0.542263 1.891335 -0.085252
v 0.542263 1.966471 -0.085252
v 0.299716 1.844281 -0.085252
v 0.299716 1.966471 -0.085252
v 0.299716 1.844281 0.085252
v 0.299716 1.966471 0.085252
v 0.542263 1.891335 0.042999
v 0.542263 1.891335 -0.042999
v 0.542263 1.966471 -0.042999
v 0.542263 1.966471 0.042999
v 0.299716 1.966471 -0.042999
v 0.299716 1.966471 0.042999
v 0.299716 1.844281 -0.042999
v 0.299716 1.844281 0.042999
v 0.299716 2.008508 -0.085252
v 0.542263 2.008508 -0.085252
v 0.542263 2.008508 0.042999
v 0.542263 2.008508 0.085252
v 0.299716 2.008508 0.085252
v 0.299716 2.008508 0.042999
v 0.542263 2.008508 -0.042999
v 0.299716 2.008508 -0.042999
v -0.542263 1.891335 0.085252
v -0.542263 1.966471 0.085252
v -0.542263 1.891335 -0.085252
v -0.542263 1.966471 -0.085252
v -0.299716 1.844281 -0.085252
v -0.299716 1.966471 -0.085252
v -0.299716 1.844281 0.085252
v -0.299716 1.966471 0.085252
v -0.542263 1.891335 0.042999
v -0.542263 1.891335 -0.042999
v -0.542263 1.966471 -0.042999
v -0.542263 1.966471 0.042999
v -0.299716 1.966471 -0.042999
v -0.299716 1.966471 0.042999
v -0.299716 1.844281 -0.042999
v -0.299716 1.844281 0.042999
v -0.299716 2.008508 -0.085252
v -0.542263 2.008508 -0.085252
v -0.542263 2.008508 0.042999
v -0.542263 2.008508 0.085252
v -0.299716 2.008508 0.085252
v -0.299716 2.008508 0.042999
v -0.542263 2.008508 -0.042999
v -0.299716 2.008508 -0.042999
v 0.085251 1.891335 -0.542263
v 0.085251 1.966471 -0.542263
v -0.085252 1.891335 -0.542263
v -0.085252 1.966471 -0.542263
v -0.085252 1.844281 -0.299717
v -0.085252 1.966471 -0.299717
v 0.085251 1.844281 -0.299717
v 0.085251 1.966471 -0.299717
v 0.042998 1.891335 -0.542263
v -0.042999 1.891335 -0.542263
v -0.042999 1.966471 -0.542263
v 0.042998 1.966471 -0.542263
v -0.042999 1.966471 -0.299717
v 0.042998 1.966471 -0.299717
v -0.042999 1.844281 -0.299717
v 0.042998 1.844281 -0.299717
v -0.085252 2.008508 -0.299717
v -0.085252 2.008508 -0.542263
v 0.042998 2.008508 -0.542263
v 0.085251 2.008508 -0.542263
v 0.085251 2.008508 -0.299717
v 0.042998 2.008508 -0.299717
v -0.042999 2.008508 -0.542263
v -0.042999 2.008508 -0.299717
v 0.085251 1.891335 0.542262
v 0.085251 1.966471 0.542262
v -0.085252 1.891335 0.542262
v -0.085252 1.966471 0.542262
v -0.085252 1.844281 0.299716
v -0.085252 1.966471 0.299716
v 0.085251 1.844281 0.299716
v 0.085251 1.966471 0.299716
v 0.042998 1.891335 0.542262
v -0.042999 1.891335 0.542262
v -0.042999 1.966471 0.542262
v 0.042998 1.966471 0.542262
v -0.042999 1.966471 0.299716
v 0.042998 1.966471 0.299716
v -0.042999 1.844281 0.299716
v 0.042998 1.844281 0.299716
v -0.085252 2.008508 0.299716
v -0.085252 2.008508 0.542262
v 0.042998 2.008508 0.542262
v 0.085251 2.008508 0.542262
v 0.085251 2.008508 0.299716
v 0.042998 2.008508 0.299716
v -0.042999 2.008508 0.542262
v -0.042999 2.008508 0.299716
vn -0.0000 0.6761 -0.7368
vn 0.5210 0.6761 -0.5210
vn 0.7368 0.6761 -0.0000
vn 0.5210 0.6761 0.5210
vn -0.0000 0.6761 0.7368
vn -0.5210 0.6761 0.5210
vn -0.7368 0.6761 -0.0000
vn -0.5210 0.6761 -0.5210
vn -0.0000 -0.2704 -0.9627
vn 0.6808 -0.2704 -0.6808
vn 0.9627 -0.2704 -0.0000
vn 0.6808 -0.2704 0.6808
vn -0.0000 -0.2704 0.9627
vn -0.6808 -0.2704 0.6808
vn -0.9627 -0.2704 -0.0000
vn -0.6808 -0.2704 -0.6808
vn -0.3891 0.8350 0.3891
vn -0.0000 0.8350 0.5502
vn -0.5502 0.8350 -0.0000
vn -0.3891 0.8350 -0.3891
vn -0.0000 0.8350 -0.5502
vn 0.3891 0.8350 -0.3891
vn 0.5502 0.8350 -0.0000
vn 0.3891 0.8350 0.3891
vn -0.5227 0.6735 0.5227
vn -0.0000 0.6735 0.7392
vn -0.7392 0.6735 -0.0000
vn -0.5227 0.6735 -0.5227
vn -0.0000 0.6735 -0.7392
vn 0.5227 0.6735 -0.5227
vn 0.7392 0.6735 -0.0000
vn 0.5227 0.6735 0.5227
vn -0.0000 -0.0000 -1.0000
vn 0.7071 -0.0000 -0.7071
vn 1.0000 -0.0000 -0.0000
vn 0.7071 -0.0000 0.7071
vn -0.0000 -0.0000 1.0000
vn -0.7071 -0.0000 0.7071
vn -1.0000 -0.0000 -0.0000
vn -0.7071 -0.0000 -0.7071
vn 0.6372 0.4335 -0.6372
vn 0.9012 0.4335 -0.0000
vn 0.6372 0.4335 0.6372
vn -0.0000 0.4335 0.9012
vn -0.6372 0.4335 0.6372
vn -0.9012 0.4335 -0.0000
vn -0.6372 0.4335 -0.6372
vn -0.0000 0.4335 -0.9012
vn -0.6523 -0.3860 -0.6523
vn -0.0000 -0.3860 -0.9225
vn -0.9225 -0.3860 -0.0000
vn -0.6523 -0.3860 0.6523
vn -0.0000 -0.3860 0.9225
vn 0.6523 -0.3860 0.6523
vn 0.9225 -0.3860 -0.0000
vn 0.6523 -0.3860 -0.6523
vn 0.5983 0.5329 -0.5983
vn 0.5983 0.5329 0.5983
vn -0.5983 0.5329 0.5983
vn -0.5983 0.5329 -0.5983
vn 0.8462 0.5329 -0.0000
vn -0.0000 0.5329 0.8462
vn -0.8462 0.5329 -0.0000
vn -0.0000 0.5329 -0.8462
vn -0.0000 0.3025 -0.9531
vn 0.6740 0.3025 -0.6740
vn 0.9531 0.3025 -0.0000
vn 0.6740 0.3025 0.6740
vn -0.0000 0.3025 0.9531
vn -0.6740 0.3025 0.6740
vn -0.9531 0.3025 -0.0000
vn -0.6740 0.3025 -0.6740
vn 0.3671 0.8547 -0.3671
vn -0.0000 0.8547 -0.5192
vn 0.5192 0.8547 -0.0000
vn 0.3671 0.8547 0.3671
vn -0.0000 0.8547 0.5192
vn -0.3671 0.8547 0.3671
vn -0.5192 0.8547 -0.0000
vn -0.3671 0.8547 -0.3671
vn 0.6240 -0.5146 0.5881
vn 0.6240 -0.5146 -0.5881
vn 0.1431 -0.7377 -0.6598
vn 0.1431 -0.7377 0.6598
vn 0.7715 -0.6362 -0.0000
vn 0.9045 0.3015 0.3015
vn 0.9045 0.3015 -0.3015
vn -0.0000 0.7071 0.7071
vn -0.0000 0.7071 -0.7071
vn 0.1904 -0.9817 -0.0000
vn 0.5774 0.5774 -0.5774
vn 0.5774 0.5774 0.5774
vn -0.6240 -0.5146 0.5881
vn -0.6240 -0.5146 -0.5881
vn -0.1431 -0.7377 -0.6598
vn -0.1431 -0.7377 0.6598
vn -0.7715 -0.6362 -0.0000
vn -0.9045 0.3015 0.3015
vn -0.9045 0.3015 -0.3015
vn -0.1904 -0.9817 -0.0000
vn -0.5774 0.5774 -0.5774
vn -0.5774 0.5774 0.5774
vn 0.5881 -0.5146 -0.6240
vn -0.5881 -0.5146 -0.6240
vn -0.6598 -0.7377 -0.1431
vn 0.6598 -0.7377 -0.1431
vn -0.0000 -0.6362 -0.7715
vn 0.3015 0.3015 -0.9045
vn -0.3015 0.3015 -0.9045
vn 0.7071 0.7071 -0.0000
vn -0.7071 0.7071 -0.0000
vn -0.0000 -0.9817 -0.1904
vn 0.5881 -0.5146 0.6240
vn -0.5881 -0.5146 0.6240
vn -0.6598 -0.7377 0.1431
vn 0.6598 -0.7377 0.1431
vn -0.0000 -0.6362 0.7715
vn 0.3015 0.3015 0.9045
vn -0.3015 0.3015 0.9045
vn -0.0000 -0.9817 0.1904
vt 0.184752 0.440951
vt 0.184752 0.495165
vt 0.154501 0.495165
vt 0.154501 0.440951
vt 0.124250 0.495165
vt 0.124250 0.440951
vt 0.093999 0.495165
vt 0.093999 0.440951
vt 0.063748 0.495165
vt 0.063748 0.440951
vt 0.033497 0.495165
vt 0.033497 0.440951
vt 0.003246 0.495165
vt 0.003246 0.440951
vt 0.005183 0.493287
vt 0.035222 0.493287
vt 0.245254 0.440951
vt 0.245254 0.495165
vt 0.215003 0.495165
vt 0.215003 0.440951
vt 0.065262 0.493287
vt 0.095302 0.493287
vt 0.125341 0.493287
vt 0.155381 0.493287
vt 0.185421 0.493287
vt 0.215461 0.493287
vt 0.245500 0.493287
vt 0.673377 0.460225
vt 0.607320 0.487587
vt 0.541263 0.460225
vt 0.513901 0.394168
vt 0.541263 0.328111
vt 0.607320 0.300750
vt 0.673377 0.328111
vt 0.700739 0.394168
vt 0.154501 0.409591
vt 0.124250 0.409591
vt 0.124250 0.396622
vt 0.154501 0.396622
vt 0.093999 0.409591
vt 0.063748 0.409591
vt 0.063748 0.396622
vt 0.093999 0.396622
vt 0.033497 0.409591
vt 0.003246 0.409591
vt 0.003246 0.396622
vt 0.033497 0.396622
vt 0.215003 0.409591
vt 0.184752 0.409591
vt 0.184752 0.396622
vt 0.215003 0.396622
vt 0.245254 0.409591
vt 0.245254 0.396622
vt 0.093999 0.432672
vt 0.124250 0.432672
vt 0.245254 0.416131
vt 0.215003 0.416131
vt 0.154501 0.416131
vt 0.124250 0.416131
vt 0.063748 0.432672
vt 0.093999 0.416131
vt 0.063748 0.416131
vt 0.033497 0.432672
vt 0.033497 0.416131
vt 0.003246 0.416131
vt 0.003246 0.432672
vt 0.245254 0.432671
vt 0.215003 0.432672
vt 0.184752 0.432672
vt 0.154501 0.432672
vt 0.184752 0.416131
vt 0.230720 0.386122
vt 0.230720 0.451644
vt 0.202857 0.451644
vt 0.202857 0.386122
vt 0.174994 0.451644
vt 0.174994 0.386122
vt 0.147130 0.451644
vt 0.147130 0.386122
vt 0.119267 0.451644
vt 0.119267 0.386122
vt 0.091404 0.451644
vt 0.091404 0.386122
vt 0.063540 0.451644
vt 0.063540 0.386122
vt 0.007813 0.451644
vt 0.035677 0.451644
vt 0.035677 0.475513
vt 0.007813 0.475513
vt 0.035677 0.386122
vt 0.007813 0.386122
vt 0.058057 0.293388
vt 0.041266 0.300342
vt 0.024476 0.293388
vt 0.017521 0.276597
vt 0.024476 0.259807
vt 0.041266 0.252852
vt 0.058057 0.259807
vt 0.065011 0.276597
vt 0.091404 0.475513
vt 0.063540 0.475513
vt 0.147130 0.475513
vt 0.119267 0.475513
vt 0.202857 0.475513
vt 0.174994 0.475513
vt 0.230720 0.475513
vt 0.013596 0.335556
vt 0.013596 0.344008
vt 0.013596 0.338811
vt 0.004724 0.338811
vt 0.004724 0.344008
vt 0.001801 0.344008
vt 0.001801 0.338811
vt 0.004724 0.335556
vt 0.001801 0.335556
vt 0.010673 0.344008
vt 0.010673 0.346916
vt 0.004724 0.346916
vt 0.001801 0.346916
vt 0.010673 0.338811
vt 0.010673 0.335556
vt 0.013596 0.346916
s 1
usemtl M_DungeonEnviro
f 7476/4304/2680 7468/4305/2672 7469/4306/2673 7477/4307/2681
f 7477/4307/2681 7469/4306/2673 7470/4308/2674 7478/4309/2682
f 7478/4309/2682 7470/4308/2674 7471/4310/2675 7479/4311/2683
f 7479/4311/2683 7471/4310/2675 7472/4312/2676 7480/4313/2684
f 7480/4313/2684 7472/4312/2676 7473/4314/2677 7481/4315/2685
f 7481/4315/2685 7473/4314/2677 7474/4316/2678 7482/4317/2686
f 7468/4318/2672 7475/4319/2679 7491/4319/2695 7485/4318/2689
f 7482/4320/2686 7474/4321/2678 7475/4322/2679 7483/4323/2687
f 7483/4323/2687 7475/4322/2679 7468/4305/2672 7476/4304/2680
f 7491/4319/2695 7490/4324/2694 7498/4324/2702 7499/4319/2703
f 7474/4324/2678 7473/4325/2677 7489/4325/2693 7490/4324/2694
f 7472/4326/2676 7471/4327/2675 7487/4327/2691 7488/4326/2692
f 7470/4328/2674 7469/4329/2673 7484/4329/2688 7486/4328/2690
f 7469/4329/2673 7468/4330/2672 7485/4330/2689 7484/4329/2688
f 7475/4319/2679 7474/4324/2678 7490/4324/2694 7491/4319/2695
f 7473/4325/2677 7472/4326/2676 7488/4326/2692 7489/4325/2693
f 7471/4327/2675 7470/4328/2674 7486/4328/2690 7487/4327/2691
f 7492/4331/2696 7493/4332/2697 7499/4333/2703 7498/4334/2702 7497/4335/2701 7496/4336/2700 7495/4337/2699 7494/4338/2698
f 7489/4325/2693 7488/4326/2692 7496/4326/2700 7497/4325/2701
f 7487/4327/2691 7486/4328/2690 7494/4328/2698 7495/4327/2699
f 7484/4329/2688 7485/4330/2689 7493/4330/2697 7492/4329/2696
f 7485/4318/2689 7491/4319/2695 7499/4319/2703 7493/4318/2697
f 7490/4324/2694 7489/4325/2693 7497/4325/2701 7498/4324/2702
f 7488/4326/2692 7487/4327/2691 7495/4327/2699 7496/4326/2700
f 7486/4328/2690 7484/4329/2688 7492/4329/2696 7494/4328/2698
f 7508/4339/2712 7509/4340/2713 7502/4341/2706 7501/4342/2705
f 7510/4343/2714 7511/4344/2715 7504/4345/2708 7503/4346/2707
f 7512/4347/2716 7513/4348/2717 7506/4349/2710 7505/4350/2709
f 7514/4351/2718 7515/4352/2719 7500/4353/2704 7507/4354/2711
f 7515/4352/2719 7508/4339/2712 7501/4342/2705 7500/4353/2704
f 7509/4340/2713 7510/4343/2714 7503/4346/2707 7502/4341/2706
f 7511/4344/2715 7512/4347/2716 7505/4350/2709 7504/4345/2708
f 7513/4355/2717 7514/4351/2718 7507/4354/2711 7506/4356/2710
f 7478/4309/2682 7479/4311/2683 7521/4357/2725 7522/4358/2726
f 7514/4351/2718 7513/4355/2717 7530/4359/2734 7527/4360/2731
f 7509/4340/2713 7508/4339/2712 7524/4361/2728 7528/4362/2732
f 7479/4311/2683 7480/4313/2684 7520/4363/2724 7521/4357/2725
f 7511/4344/2715 7510/4343/2714 7525/4364/2729 7529/4365/2733
f 7480/4313/2684 7481/4315/2685 7519/4366/2723 7520/4363/2724
f 7513/4348/2717 7512/4347/2716 7526/4367/2730 7530/4368/2734
f 7481/4315/2685 7482/4317/2686 7518/4369/2722 7519/4366/2723
f 7518/4370/2722 7516/4371/2720 7527/4360/2731 7530/4359/2734
f 7520/4363/2724 7519/4366/2723 7526/4367/2730 7529/4365/2733
f 7522/4358/2726 7521/4357/2725 7525/4364/2729 7528/4362/2732
f 7517/4372/2721 7523/4373/2727 7524/4361/2728 7531/4374/2735
f 7516/4371/2720 7517/4372/2721 7531/4374/2735 7527/4360/2731
f 7519/4366/2723 7518/4369/2722 7530/4368/2734 7526/4367/2730
f 7521/4357/2725 7520/4363/2724 7529/4365/2733 7525/4364/2729
f 7523/4373/2727 7522/4358/2726 7528/4362/2732 7524/4361/2728
f 7512/4347/2716 7511/4344/2715 7529/4365/2733 7526/4367/2730
f 7477/4307/2681 7478/4309/2682 7522/4358/2726 7523/4373/2727
f 7510/4343/2714 7509/4340/2713 7528/4362/2732 7525/4364/2729
f 7476/4304/2680 7477/4307/2681 7523/4373/2727 7517/4372/2721
f 7483/4323/2687 7476/4304/2680 7517/4372/2721 7516/4371/2720
f 7508/4339/2712 7515/4352/2719 7531/4374/2735 7524/4361/2728
f 7482/4320/2686 7483/4323/2687 7516/4371/2720 7518/4370/2722
f 7515/4352/2719 7514/4351/2718 7527/4360/2731 7531/4374/2735
f 7540/4375/2704 7532/4376/2736 7533/4377/2737 7541/4378/2705
f 7541/4378/2705 7533/4377/2737 7534/4379/2738 7542/4380/2706
f 7542/4380/2706 7534/4379/2738 7535/4381/2739 7543/4382/2707
f 7543/4382/2707 7535/4381/2739 7536/4383/2740 7544/4384/2708
f 7544/4384/2708 7536/4383/2740 7537/4385/2741 7545/4386/2709
f 7545/4386/2709 7537/4385/2741 7538/4387/2742 7546/4388/2710
f 7532/4389/2736 7539/4390/2743 7555/4391/2751 7549/4392/2745
f 7546/4388/2710 7538/4387/2742 7539/4390/2743 7547/4393/2711
f 7547/4393/2711 7539/4390/2743 7532/4389/2736 7540/4394/2704
f 7548/4395/2744 7549/4396/2745 7555/4397/2751 7554/4398/2750 7553/4399/2749 7552/4400/2748 7551/4401/2747 7550/4402/2746
f 7538/4387/2742 7537/4385/2741 7553/4403/2749 7554/4404/2750
f 7536/4383/2740 7535/4381/2739 7551/4405/2747 7552/4406/2748
f 7534/4379/2738 7533/4377/2737 7548/4407/2744 7550/4408/2746
f 7533/4377/2737 7532/4376/2736 7549/4409/2745 7548/4407/2744
f 7539/4390/2743 7538/4387/2742 7554/4404/2750 7555/4391/2751
f 7537/4385/2741 7536/4383/2740 7552/4406/2748 7553/4403/2749
f 7535/4381/2739 7534/4379/2738 7550/4408/2746 7551/4405/2747
f 7560/4410/2754 7561/4411/2704 7559/4411/2705 7558/4412/2753
f 7564/4413/2756 7567/4414/2758 7557/4415/2707 7556/4416/2752
f 7571/4417/2761 7564/4413/2756 7556/4416/2752 7562/4418/2755
f 7568/4419/2759 7566/4419/2757 7578/4420/2763 7579/4420/2759
f 7556/4416/2752 7557/4415/2707 7563/4415/2708 7562/4418/2755
f 7557/4415/2707 7567/4414/2758 7574/4421/2762 7575/4422/2763
f 7566/4419/2757 7568/4419/2759 7569/4414/2760 7567/4414/2758
f 7560/4410/2754 7558/4412/2753 7565/4423/2756 7570/4424/2761
f 7570/4424/2761 7565/4423/2756 7564/4413/2756 7571/4417/2761
f 7558/4412/2753 7559/4411/2705 7566/4419/2757 7565/4423/2756
f 7565/4423/2756 7566/4419/2757 7567/4414/2758 7564/4413/2756
f 7574/4421/2762 7577/4421/2760 7576/4422/2759 7575/4422/2763
f 7573/4425/2762 7572/4425/2760 7579/4420/2759 7578/4420/2763
f 7566/4419/2757 7559/4411/2705 7573/4425/2762 7578/4420/2763
f 7559/4411/2705 7561/4411/2704 7572/4425/2760 7573/4425/2762
f 7567/4414/2758 7569/4414/2760 7577/4421/2760 7574/4421/2762
f 7563/4415/2708 7557/4415/2707 7575/4422/2763 7576/4422/2759
f 7584/4410/2766 7582/4412/2765 7583/4411/2711 7585/4411/2704
f 7588/4413/2768 7580/4416/2764 7581/4415/2709 7591/4414/2770
f 7595/4417/2771 7586/4418/2767 7580/4416/2764 7588/4413/2768
f 7592/4419/2759 7603/4420/2759 7602/4420/2773 7590/4419/2769
f 7580/4416/2764 7586/4418/2767 7587/4415/2708 7581/4415/2709
f 7581/4415/2709 7599/4422/2773 7598/4421/2772 7591/4414/2770
f 7590/4419/2769 7591/4414/2770 7593/4414/2760 7592/4419/2759
f 7584/4410/2766 7594/4424/2771 7589/4423/2768 7582/4412/2765
f 7594/4424/2771 7595/4417/2771 7588/4413/2768 7589/4423/2768
f 7582/4412/2765 7589/4423/2768 7590/4419/2769 7583/4411/2711
f 7589/4423/2768 7588/4413/2768 7591/4414/2770 7590/4419/2769
f 7598/4421/2772 7599/4422/2773 7600/4422/2759 7601/4421/2760
f 7597/4425/2772 7602/4420/2773 7603/4420/2759 7596/4425/2760
f 7590/4419/2769 7602/4420/2773 7597/4425/2772 7583/4411/2711
f 7583/4411/2711 7597/4425/2772 7596/4425/2760 7585/4411/2704
f 7591/4414/2770 7598/4421/2772 7601/4421/2760 7593/4414/2760
f 7587/4415/2708 7600/4422/2759 7599/4422/2773 7581/4415/2709
f 7608/4410/2776 7609/4411/2710 7607/4411/2711 7606/4412/2775
f 7612/4413/2778 7615/4414/2780 7605/4415/2705 7604/4416/2774
f 7619/4417/2783 7612/4413/2778 7604/4416/2774 7610/4418/2777
f 7616/4419/2781 7614/4419/2779 7626/4420/2762 7627/4420/2781
f 7604/4416/2774 7605/4415/2705 7611/4415/2706 7610/4418/2777
f 7605/4415/2705 7615/4414/2780 7622/4421/2772 7623/4422/2762
f 7614/4419/2779 7616/4419/2781 7617/4414/2782 7615/4414/2780
f 7608/4410/2776 7606/4412/2775 7613/4423/2778 7618/4424/2783
f 7618/4424/2783 7613/4423/2778 7612/4413/2778 7619/4417/2783
f 7606/4412/2775 7607/4411/2711 7614/4419/2779 7613/4423/2778
f 7613/4423/2778 7614/4419/2779 7615/4414/2780 7612/4413/2778
f 7622/4421/2772 7625/4421/2782 7624/4422/2781 7623/4422/2762
f 7621/4425/2772 7620/4425/2782 7627/4420/2781 7626/4420/2762
f 7614/4419/2779 7607/4411/2711 7621/4425/2772 7626/4420/2762
f 7607/4411/2711 7609/4411/2710 7620/4425/2782 7621/4425/2772
f 7615/4414/2780 7617/4414/2782 7625/4421/2782 7622/4421/2772
f 7611/4415/2706 7605/4415/2705 7623/4422/2762 7624/4422/2781
f 7632/4410/2786 7630/4412/2785 7631/4411/2709 7633/4411/2710
f 7636/4413/2788 7628/4416/2784 7629/4415/2707 7639/4414/2790
f 7643/4417/2791 7634/4418/2787 7628/4416/2784 7636/4413/2788
f 7640/4419/2781 7651/4420/2781 7650/4420/2763 7638/4419/2789
f 7628/4416/2784 7634/4418/2787 7635/4415/2706 7629/4415/2707
f 7629/4415/2707 7647/4422/2763 7646/4421/2773 7639/4414/2790
f 7638/4419/2789 7639/4414/2790 7641/4414/2782 7640/4419/2781
f 7632/4410/2786 7642/4424/2791 7637/4423/2788 7630/4412/2785
f 7642/4424/2791 7643/4417/2791 7636/4413/2788 7637/4423/2788
f 7630/4412/2785 7637/4423/2788 7638/4419/2789 7631/4411/2709
f 7637/4423/2788 7636/4413/2788 7639/4414/2790 7638/4419/2789
f 7646/4421/2773 7647/4422/2763 7648/4422/2781 7649/4421/2782
f 7645/4425/2773 7650/4420/2763 7651/4420/2781 7644/4425/2782
f 7638/4419/2789 7650/4420/2763 7645/4425/2773 7631/4411/2709
f 7631/4411/2709 7645/4425/2773 7644/4425/2782 7633/4411/2710
f 7639/4414/2790 7646/4421/2773 7649/4421/2782 7641/4414/2782
f 7635/4415/2706 7648/4422/2781 7647/4422/2763 7629/4415/2707
o Decoration__Fountain_Empty
v 0.000000 0.957310 -1.219614
v 0.862397 0.957310 -0.862397
v 1.219614 0.957310 0.000000
v 0.862397 0.957310 0.862397
v 0.000000 0.957310 1.219614
v -0.862397 0.957310 0.862397
v -1.219614 0.957310 0.000000
v -0.862397 0.957310 -0.862397
v 0.000000 0.404031 -1.288344
v 0.910997 0.404031 -0.910997
v 1.288344 0.404031 0.000000
v 0.910997 0.404031 0.910997
v 0.000000 0.404031 1.288344
v -0.910997 0.404031 0.910997
v -1.288344 0.404031 0.000000
v -0.910997 0.404031 -0.910997
v 0.764115 0.957310 -0.764115
v 0.000000 0.957310 -1.080622
v 1.080622 0.957310 0.000000
v 0.764115 0.957310 0.764115
v 0.000000 0.957310 1.080622
v -0.764115 0.957310 0.764115
v -1.080622 0.957310 0.000000
v -0.764115 0.957310 -0.764115
v 0.735192 0.313694 -0.735192
v 0.000000 0.313694 -1.039719
v 1.039719 0.313694 0.000000
v 0.735192 0.313694 0.735192
v 0.000000 0.313694 1.039719
v -0.735192 0.313694 0.735192
v -1.039719 0.313694 0.000000
v -0.735192 0.313694 -0.735192
v 0.000000 0.000000 -1.288344
v 0.910997 0.000000 -0.910997
v 1.288344 0.000000 0.000000
v 0.910997 0.000000 0.910997
v 0.000000 0.000000 1.288344
v -0.910997 0.000000 0.910997
v -1.288344 0.000000 0.000000
v -0.910997 0.000000 -0.910997
v 0.910997 0.133378 -0.910997
v 1.288344 0.133378 0.000000
v 0.910997 0.133378 0.910997
v 0.000000 0.133378 1.288344
v -0.910997 0.133378 0.910997
v -1.288344 0.133378 0.000000
v -0.910997 0.133378 -0.910997
v 0.000000 0.133378 -1.288344
v -0.871157 0.340202 -0.871157
v -0.000000 0.340202 -1.232003
v -1.232003 0.340202 -0.000000
v -0.871157 0.340202 0.871157
v -0.000000 0.340202 1.232003
v 0.871157 0.340202 0.871157
v 1.232003 0.340202 -0.000000
v 0.871157 0.340202 -0.871157
v 0.871157 0.170101 -0.871157
v 0.871157 0.170101 0.871157
v -0.871157 0.170101 0.871157
v -0.871157 0.170101 -0.871157
v 1.232003 0.170101 -0.000000
v -0.000000 0.170101 1.232003
v -1.232003 0.170101 -0.000000
v -0.000000 0.170101 -1.232003
v 0.000000 2.232805 -0.341432
v 0.241429 2.232805 -0.241429
v 0.341432 2.232805 0.000000
v 0.241429 2.232805 0.241429
v 0.000000 2.232805 0.341432
v -0.241429 2.232805 0.241429
v -0.341432 2.232805 0.000000
v -0.241429 2.232805 -0.241429
v 0.000000 0.313694 -0.341432
v 0.241429 0.313694 -0.241429
v 0.341432 0.313694 0.000000
v 0.241429 0.313694 0.241429
v 0.000000 0.313694 0.341432
v -0.241429 0.313694 0.241429
v -0.341432 0.313694 0.000000
v -0.241429 0.313694 -0.241429
v 0.155591 2.388890 -0.155591
v -0.000000 2.388890 -0.220039
v 0.220039 2.388890 0.000000
v 0.155591 2.388890 0.155591
v -0.000000 2.388890 0.220039
v -0.155591 2.388890 0.155591
v -0.220039 2.388890 0.000000
v -0.155591 2.388890 -0.155591
v 0.542263 1.891335 0.085252
v 0.542263 1.966471 0.085252
v 0.542263 1.891335 -0.085252
v 0.542263 1.966471 -0.085252
v 0.299716 1.844281 -0.085252
v 0.299716 1.966471 -0.085252
v 0.299716 1.844281 0.085252
v 0.299716 1.966471 0.085252
v 0.542263 1.891335 0.042999
v 0.542263 1.891335 -0.042999
v 0.542263 1.966471 -0.042999
v 0.542263 1.966471 0.042999
v 0.299716 1.966471 -0.042999
v 0.299716 1.966471 0.042999
v 0.299716 1.844281 -0.042999
v 0.299716 1.844281 0.042999
v 0.299716 2.008508 -0.085252
v 0.542263 2.008508 -0.085252
v 0.542263 2.008508 0.042999
v 0.542263 2.008508 0.085252
v 0.299716 2.008508 0.085252
v 0.299716 2.008508 0.042999
v 0.542263 2.008508 -0.042999
v 0.299716 2.008508 -0.042999
v -0.542263 1.891335 0.085252
v -0.542263 1.966471 0.085252
v -0.542263 1.891335 -0.085252
v -0.542263 1.966471 -0.085252
v -0.299716 1.844281 -0.085252
v -0.299716 1.966471 -0.085252
v -0.299716 1.844281 0.085252
v -0.299716 1.966471 0.085252
v -0.542263 1.891335 0.042999
v -0.542263 1.891335 -0.042999
v -0.542263 1.966471 -0.042999
v -0.542263 1.966471 0.042999
v -0.299716 1.966471 -0.042999
v -0.299716 1.966471 0.042999
v -0.299716 1.844281 -0.042999
v -0.299716 1.844281 0.042999
v -0.299716 2.008508 -0.085252
v -0.542263 2.008508 -0.085252
v -0.542263 2.008508 0.042999
v -0.542263 2.008508 0.085252
v -0.299716 2.008508 0.085252
v -0.299716 2.008508 0.042999
v -0.542263 2.008508 -0.042999
v -0.299716 2.008508 -0.042999
v 0.085251 1.891335 -0.542263
v 0.085251 1.966471 -0.542263
v -0.085252 1.891335 -0.542263
v -0.085252 1.966471 -0.542263
v -0.085252 1.844281 -0.299717
v -0.085252 1.966471 -0.299717
v 0.085251 1.844281 -0.299717
v 0.085251 1.966471 -0.299717
v 0.042998 1.891335 -0.542263
v -0.042999 1.891335 -0.542263
v -0.042999 1.966471 -0.542263
v 0.042998 1.966471 -0.542263
v -0.042999 1.966471 -0.299717
v 0.042998 1.966471 -0.299717
v -0.042999 1.844281 -0.299717
v 0.042998 1.844281 -0.299717
v -0.085252 2.008508 -0.299717
v -0.085252 2.008508 -0.542263
v 0.042998 2.008508 -0.542263
v 0.085251 2.008508 -0.542263
v 0.085251 2.008508 -0.299717
v 0.042998 2.008508 -0.299717
v -0.042999 2.008508 -0.542263
v -0.042999 2.008508 -0.299717
v 0.085251 1.891335 0.542262
v 0.085251 1.966471 0.542262
v -0.085252 1.891335 0.542262
v -0.085252 1.966471 0.542262
v -0.085252 1.844281 0.299716
v -0.085252 1.966471 0.299716
v 0.085251 1.844281 0.299716
v 0.085251 1.966471 0.299716
v 0.042998 1.891335 0.542262
v -0.042999 1.891335 0.542262
v -0.042999 1.966471 0.542262
v 0.042998 1.966471 0.542262
v -0.042999 1.966471 0.299716
v 0.042998 1.966471 0.299716
v -0.042999 1.844281 0.299716
v 0.042998 1.844281 0.299716
v -0.085252 2.008508 0.299716
v -0.085252 2.008508 0.542262
v 0.042998 2.008508 0.542262
v 0.085251 2.008508 0.542262
v 0.085251 2.008508 0.299716
v 0.042998 2.008508 0.299716
v -0.042999 2.008508 0.542262
v -0.042999 2.008508 0.299716
vn -0.0000 0.6761 -0.7368
vn 0.5210 0.6761 -0.5210
vn 0.7368 0.6761 -0.0000
vn 0.5210 0.6761 0.5210
vn -0.0000 0.6761 0.7368
vn -0.5210 0.6761 0.5210
vn -0.7368 0.6761 -0.0000
vn -0.5210 0.6761 -0.5210
vn -0.0000 -0.2704 -0.9627
vn 0.6808 -0.2704 -0.6808
vn 0.9627 -0.2704 -0.0000
vn 0.6808 -0.2704 0.6808
vn -0.0000 -0.2704 0.9627
vn -0.6808 -0.2704 0.6808
vn -0.9627 -0.2704 -0.0000
vn -0.6808 -0.2704 -0.6808
vn -0.4033 0.8214 0.4033
vn -0.0000 0.8214 0.5704
vn -0.5704 0.8214 -0.0000
vn -0.4033 0.8214 -0.4033
vn -0.0000 0.8214 -0.5704
vn 0.4033 0.8214 -0.4033
vn 0.5704 0.8214 -0.0000
vn 0.4033 0.8214 0.4033
vn -0.5350 0.6539 0.5350
vn -0.0000 0.6539 0.7565
vn -0.7565 0.6539 -0.0000
vn -0.5350 0.6539 -0.5350
vn -0.0000 0.6539 -0.7565
vn 0.5350 0.6539 -0.5350
vn 0.7565 0.6539 -0.0000
vn 0.5350 0.6539 0.5350
vn -0.0000 -0.0000 -1.0000
vn 0.7071 -0.0000 -0.7071
vn 1.0000 -0.0000 -0.0000
vn 0.7071 -0.0000 0.7071
vn -0.0000 -0.0000 1.0000
vn -0.7071 -0.0000 0.7071
vn -1.0000 -0.0000 -0.0000
vn -0.7071 -0.0000 -0.7071
vn 0.6372 0.4335 -0.6372
vn 0.9012 0.4335 -0.0000
vn 0.6372 0.4335 0.6372
vn -0.0000 0.4335 0.9012
vn -0.6372 0.4335 0.6372
vn -0.9012 0.4335 -0.0000
vn -0.6372 0.4335 -0.6372
vn -0.0000 0.4335 -0.9012
vn -0.6523 -0.3860 -0.6523
vn -0.0000 -0.3860 -0.9225
vn -0.9225 -0.3860 -0.0000
vn -0.6523 -0.3860 0.6523
vn -0.0000 -0.3860 0.9225
vn 0.6523 -0.3860 0.6523
vn 0.9225 -0.3860 -0.0000
vn 0.6523 -0.3860 -0.6523
vn 0.5983 0.5329 -0.5983
vn 0.5983 0.5329 0.5983
vn -0.5983 0.5329 0.5983
vn -0.5983 0.5329 -0.5983
vn 0.8462 0.5329 -0.0000
vn -0.0000 0.5329 0.8462
vn -0.8462 0.5329 -0.0000
vn -0.0000 0.5329 -0.8462
vn -0.0000 0.3025 -0.9531
vn 0.6740 0.3025 -0.6740
vn 0.9531 0.3025 -0.0000
vn 0.6740 0.3025 0.6740
vn -0.0000 0.3025 0.9531
vn -0.6740 0.3025 0.6740
vn -0.9531 0.3025 -0.0000
vn -0.6740 0.3025 -0.6740
vn 0.3671 0.8547 -0.3671
vn -0.0000 0.8547 -0.5192
vn 0.5192 0.8547 -0.0000
vn 0.3671 0.8547 0.3671
vn -0.0000 0.8547 0.5192
vn -0.3671 0.8547 0.3671
vn -0.5192 0.8547 -0.0000
vn -0.3671 0.8547 -0.3671
vn 0.6240 -0.5146 0.5881
vn 0.6240 -0.5146 -0.5881
vn 0.1431 -0.7377 -0.6598
vn 0.1431 -0.7377 0.6598
vn 0.7715 -0.6362 -0.0000
vn 0.9045 0.3015 0.3015
vn 0.9045 0.3015 -0.3015
vn -0.0000 0.7071 0.7071
vn -0.0000 0.7071 -0.7071
vn 0.1904 -0.9817 -0.0000
vn 0.5774 0.5774 -0.5774
vn 0.5774 0.5774 0.5774
vn -0.6240 -0.5146 0.5881
vn -0.6240 -0.5146 -0.5881
vn -0.1431 -0.7377 -0.6598
vn -0.1431 -0.7377 0.6598
vn -0.7715 -0.6362 -0.0000
vn -0.9045 0.3015 0.3015
vn -0.9045 0.3015 -0.3015
vn -0.1904 -0.9817 -0.0000
vn -0.5774 0.5774 -0.5774
vn -0.5774 0.5774 0.5774
vn 0.5881 -0.5146 -0.6240
vn -0.5881 -0.5146 -0.6240
vn -0.6598 -0.7377 -0.1431
vn 0.6598 -0.7377 -0.1431
vn -0.0000 -0.6362 -0.7715
vn 0.3015 0.3015 -0.9045
vn -0.3015 0.3015 -0.9045
vn 0.7071 0.7071 -0.0000
vn -0.7071 0.7071 -0.0000
vn -0.0000 -0.9817 -0.1904
vn 0.5881 -0.5146 0.6240
vn -0.5881 -0.5146 0.6240
vn -0.6598 -0.7377 0.1431
vn 0.6598 -0.7377 0.1431
vn -0.0000 -0.6362 0.7715
vn 0.3015 0.3015 0.9045
vn -0.3015 0.3015 0.9045
vn -0.0000 -0.9817 0.1904
vt 0.184752 0.440951
vt 0.184752 0.495165
vt 0.154501 0.495165
vt 0.154501 0.440951
vt 0.124250 0.495165
vt 0.124250 0.440951
vt 0.093999 0.495165
vt 0.093999 0.440951
vt 0.063748 0.495165
vt 0.063748 0.440951
vt 0.033497 0.495165
vt 0.033497 0.440951
vt 0.003246 0.495165
vt 0.003246 0.440951
vt 0.005183 0.493287
vt 0.035222 0.493287
vt 0.245254 0.440951
vt 0.245254 0.495165
vt 0.215003 0.495165
vt 0.215003 0.440951
vt 0.065262 0.493287
vt 0.095302 0.493287
vt 0.125341 0.493287
vt 0.155381 0.493287
vt 0.185421 0.493287
vt 0.215461 0.493287
vt 0.245500 0.493287
vt 0.148241 0.394622
vt 0.126189 0.403756
vt 0.104137 0.394622
vt 0.095003 0.372570
vt 0.104137 0.350518
vt 0.126189 0.341384
vt 0.148241 0.350518
vt 0.157375 0.372570
vt 0.154501 0.409591
vt 0.124250 0.409591
vt 0.124250 0.396622
vt 0.154501 0.396622
vt 0.093999 0.409591
vt 0.063748 0.409591
vt 0.063748 0.396622
vt 0.093999 0.396622
vt 0.033497 0.409591
vt 0.003246 0.409591
vt 0.003246 0.396622
vt 0.033497 0.396622
vt 0.215003 0.409591
vt 0.184752 0.409591
vt 0.184752 0.396622
vt 0.215003 0.396622
vt 0.245254 0.409591
vt 0.245254 0.396622
vt 0.093999 0.432672
vt 0.124250 0.432672
vt 0.245254 0.416131
vt 0.215003 0.416131
vt 0.154501 0.416131
vt 0.124250 0.416131
vt 0.063748 0.432672
vt 0.093999 0.416131
vt 0.063748 0.416131
vt 0.033497 0.432672
vt 0.033497 0.416131
vt 0.003246 0.416131
vt 0.003246 0.432672
vt 0.245254 0.432671
vt 0.215003 0.432672
vt 0.184752 0.432672
vt 0.154501 0.432672
vt 0.184752 0.416131
vt 0.230720 0.386122
vt 0.230720 0.451644
vt 0.202857 0.451644
vt 0.202857 0.386122
vt 0.174994 0.451644
vt 0.174994 0.386122
vt 0.147130 0.451644
vt 0.147130 0.386122
vt 0.119267 0.451644
vt 0.119267 0.386122
vt 0.091404 0.451644
vt 0.091404 0.386122
vt 0.063540 0.451644
vt 0.063540 0.386122
vt 0.007813 0.451644
vt 0.035677 0.451644
vt 0.035677 0.475513
vt 0.007813 0.475513
vt 0.035677 0.386122
vt 0.007813 0.386122
vt 0.058057 0.293388
vt 0.041266 0.300342
vt 0.024476 0.293388
vt 0.017521 0.276597
vt 0.024476 0.259807
vt 0.041266 0.252852
vt 0.058057 0.259807
vt 0.065011 0.276597
vt 0.091404 0.475513
vt 0.063540 0.475513
vt 0.147130 0.475513
vt 0.119267 0.475513
vt 0.202857 0.475513
vt 0.174994 0.475513
vt 0.230720 0.475513
vt 0.013596 0.335556
vt 0.013596 0.344008
vt 0.013596 0.338811
vt 0.004724 0.338811
vt 0.004724 0.344008
vt 0.001801 0.344008
vt 0.001801 0.338811
vt 0.004724 0.335556
vt 0.001801 0.335556
vt 0.010673 0.344008
vt 0.010673 0.346916
vt 0.004724 0.346916
vt 0.001801 0.346916
vt 0.010673 0.338811
vt 0.010673 0.335556
vt 0.013596 0.346916
s 1
usemtl M_DungeonEnviro
f 7660/4426/2800 7652/4427/2792 7653/4428/2793 7661/4429/2801
f 7661/4429/2801 7653/4428/2793 7654/4430/2794 7662/4431/2802
f 7662/4431/2802 7654/4430/2794 7655/4432/2795 7663/4433/2803
f 7663/4433/2803 7655/4432/2795 7656/4434/2796 7664/4435/2804
f 7664/4435/2804 7656/4434/2796 7657/4436/2797 7665/4437/2805
f 7665/4437/2805 7657/4436/2797 7658/4438/2798 7666/4439/2806
f 7652/4440/2792 7659/4441/2799 7675/4441/2815 7669/4440/2809
f 7666/4442/2806 7658/4443/2798 7659/4444/2799 7667/4445/2807
f 7667/4445/2807 7659/4444/2799 7652/4427/2792 7660/4426/2800
f 7675/4441/2815 7674/4446/2814 7682/4446/2822 7683/4441/2823
f 7658/4446/2798 7657/4447/2797 7673/4447/2813 7674/4446/2814
f 7656/4448/2796 7655/4449/2795 7671/4449/2811 7672/4448/2812
f 7654/4450/2794 7653/4451/2793 7668/4451/2808 7670/4450/2810
f 7653/4451/2793 7652/4452/2792 7669/4452/2809 7668/4451/2808
f 7659/4441/2799 7658/4446/2798 7674/4446/2814 7675/4441/2815
f 7657/4447/2797 7656/4448/2796 7672/4448/2812 7673/4447/2813
f 7655/4449/2795 7654/4450/2794 7670/4450/2810 7671/4449/2811
f 7676/4453/2816 7677/4454/2817 7683/4455/2823 7682/4456/2822 7681/4457/2821 7680/4458/2820 7679/4459/2819 7678/4460/2818
f 7673/4447/2813 7672/4448/2812 7680/4448/2820 7681/4447/2821
f 7671/4449/2811 7670/4450/2810 7678/4450/2818 7679/4449/2819
f 7668/4451/2808 7669/4452/2809 7677/4452/2817 7676/4451/2816
f 7669/4440/2809 7675/4441/2815 7683/4441/2823 7677/4440/2817
f 7674/4446/2814 7673/4447/2813 7681/4447/2821 7682/4446/2822
f 7672/4448/2812 7671/4449/2811 7679/4449/2819 7680/4448/2820
f 7670/4450/2810 7668/4451/2808 7676/4451/2816 7678/4450/2818
f 7692/4461/2832 7693/4462/2833 7686/4463/2826 7685/4464/2825
f 7694/4465/2834 7695/4466/2835 7688/4467/2828 7687/4468/2827
f 7696/4469/2836 7697/4470/2837 7690/4471/2830 7689/4472/2829
f 7698/4473/2838 7699/4474/2839 7684/4475/2824 7691/4476/2831
f 7699/4474/2839 7692/4461/2832 7685/4464/2825 7684/4475/2824
f 7693/4462/2833 7694/4465/2834 7687/4468/2827 7686/4463/2826
f 7695/4466/2835 7696/4469/2836 7689/4472/2829 7688/4467/2828
f 7697/4477/2837 7698/4473/2838 7691/4476/2831 7690/4478/2830
f 7662/4431/2802 7663/4433/2803 7705/4479/2845 7706/4480/2846
f 7698/4473/2838 7697/4477/2837 7714/4481/2854 7711/4482/2851
f 7693/4462/2833 7692/4461/2832 7708/4483/2848 7712/4484/2852
f 7663/4433/2803 7664/4435/2804 7704/4485/2844 7705/4479/2845
f 7695/4466/2835 7694/4465/2834 7709/4486/2849 7713/4487/2853
f 7664/4435/2804 7665/4437/2805 7703/4488/2843 7704/4485/2844
f 7697/4470/2837 7696/4469/2836 7710/4489/2850 7714/4490/2854
f 7665/4437/2805 7666/4439/2806 7702/4491/2842 7703/4488/2843
f 7702/4492/2842 7700/4493/2840 7711/4482/2851 7714/4481/2854
f 7704/4485/2844 7703/4488/2843 7710/4489/2850 7713/4487/2853
f 7706/4480/2846 7705/4479/2845 7709/4486/2849 7712/4484/2852
f 7701/4494/2841 7707/4495/2847 7708/4483/2848 7715/4496/2855
f 7700/4493/2840 7701/4494/2841 7715/4496/2855 7711/4482/2851
f 7703/4488/2843 7702/4491/2842 7714/4490/2854 7710/4489/2850
f 7705/4479/2845 7704/4485/2844 7713/4487/2853 7709/4486/2849
f 7707/4495/2847 7706/4480/2846 7712/4484/2852 7708/4483/2848
f 7696/4469/2836 7695/4466/2835 7713/4487/2853 7710/4489/2850
f 7661/4429/2801 7662/4431/2802 7706/4480/2846 7707/4495/2847
f 7694/4465/2834 7693/4462/2833 7712/4484/2852 7709/4486/2849
f 7660/4426/2800 7661/4429/2801 7707/4495/2847 7701/4494/2841
f 7667/4445/2807 7660/4426/2800 7701/4494/2841 7700/4493/2840
f 7692/4461/2832 7699/4474/2839 7715/4496/2855 7708/4483/2848
f 7666/4442/2806 7667/4445/2807 7700/4493/2840 7702/4492/2842
f 7699/4474/2839 7698/4473/2838 7711/4482/2851 7715/4496/2855
f 7724/4497/2824 7716/4498/2856 7717/4499/2857 7725/4500/2825
f 7725/4500/2825 7717/4499/2857 7718/4501/2858 7726/4502/2826
f 7726/4502/2826 7718/4501/2858 7719/4503/2859 7727/4504/2827
f 7727/4504/2827 7719/4503/2859 7720/4505/2860 7728/4506/2828
f 7728/4506/2828 7720/4505/2860 7721/4507/2861 7729/4508/2829
f 7729/4508/2829 7721/4507/2861 7722/4509/2862 7730/4510/2830
f 7716/4511/2856 7723/4512/2863 7739/4513/2871 7733/4514/2865
f 7730/4510/2830 7722/4509/2862 7723/4512/2863 7731/4515/2831
f 7731/4515/2831 7723/4512/2863 7716/4511/2856 7724/4516/2824
f 7732/4517/2864 7733/4518/2865 7739/4519/2871 7738/4520/2870 7737/4521/2869 7736/4522/2868 7735/4523/2867 7734/4524/2866
f 7722/4509/2862 7721/4507/2861 7737/4525/2869 7738/4526/2870
f 7720/4505/2860 7719/4503/2859 7735/4527/2867 7736/4528/2868
f 7718/4501/2858 7717/4499/2857 7732/4529/2864 7734/4530/2866
f 7717/4499/2857 7716/4498/2856 7733/4531/2865 7732/4529/2864
f 7723/4512/2863 7722/4509/2862 7738/4526/2870 7739/4513/2871
f 7721/4507/2861 7720/4505/2860 7736/4528/2868 7737/4525/2869
f 7719/4503/2859 7718/4501/2858 7734/4530/2866 7735/4527/2867
f 7744/4532/2874 7745/4533/2824 7743/4533/2825 7742/4534/2873
f 7748/4535/2876 7751/4536/2878 7741/4537/2827 7740/4538/2872
f 7755/4539/2881 7748/4535/2876 7740/4538/2872 7746/4540/2875
f 7752/4541/2879 7750/4541/2877 7762/4542/2883 7763/4542/2879
f 7740/4538/2872 7741/4537/2827 7747/4537/2828 7746/4540/2875
f 7741/4537/2827 7751/4536/2878 7758/4543/2882 7759/4544/2883
f 7750/4541/2877 7752/4541/2879 7753/4536/2880 7751/4536/2878
f 7744/4532/2874 7742/4534/2873 7749/4545/2876 7754/4546/2881
f 7754/4546/2881 7749/4545/2876 7748/4535/2876 7755/4539/2881
f 7742/4534/2873 7743/4533/2825 7750/4541/2877 7749/4545/2876
f 7749/4545/2876 7750/4541/2877 7751/4536/2878 7748/4535/2876
f 7758/4543/2882 7761/4543/2880 7760/4544/2879 7759/4544/2883
f 7757/4547/2882 7756/4547/2880 7763/4542/2879 7762/4542/2883
f 7750/4541/2877 7743/4533/2825 7757/4547/2882 7762/4542/2883
f 7743/4533/2825 7745/4533/2824 7756/4547/2880 7757/4547/2882
f 7751/4536/2878 7753/4536/2880 7761/4543/2880 7758/4543/2882
f 7747/4537/2828 7741/4537/2827 7759/4544/2883 7760/4544/2879
f 7768/4532/2886 7766/4534/2885 7767/4533/2831 7769/4533/2824
f 7772/4535/2888 7764/4538/2884 7765/4537/2829 7775/4536/2890
f 7779/4539/2891 7770/4540/2887 7764/4538/2884 7772/4535/2888
f 7776/4541/2879 7787/4542/2879 7786/4542/2893 7774/4541/2889
f 7764/4538/2884 7770/4540/2887 7771/4537/2828 7765/4537/2829
f 7765/4537/2829 7783/4544/2893 7782/4543/2892 7775/4536/2890
f 7774/4541/2889 7775/4536/2890 7777/4536/2880 7776/4541/2879
f 7768/4532/2886 7778/4546/2891 7773/4545/2888 7766/4534/2885
f 7778/4546/2891 7779/4539/2891 7772/4535/2888 7773/4545/2888
f 7766/4534/2885 7773/4545/2888 7774/4541/2889 7767/4533/2831
f 7773/4545/2888 7772/4535/2888 7775/4536/2890 7774/4541/2889
f 7782/4543/2892 7783/4544/2893 7784/4544/2879 7785/4543/2880
f 7781/4547/2892 7786/4542/2893 7787/4542/2879 7780/4547/2880
f 7774/4541/2889 7786/4542/2893 7781/4547/2892 7767/4533/2831
f 7767/4533/2831 7781/4547/2892 7780/4547/2880 7769/4533/2824
f 7775/4536/2890 7782/4543/2892 7785/4543/2880 7777/4536/2880
f 7771/4537/2828 7784/4544/2879 7783/4544/2893 7765/4537/2829
f 7792/4532/2896 7793/4533/2830 7791/4533/2831 7790/4534/2895
f 7796/4535/2898 7799/4536/2900 7789/4537/2825 7788/4538/2894
f 7803/4539/2903 7796/4535/2898 7788/4538/2894 7794/4540/2897
f 7800/4541/2901 7798/4541/2899 7810/4542/2882 7811/4542/2901
f 7788/4538/2894 7789/4537/2825 7795/4537/2826 7794/4540/2897
f 7789/4537/2825 7799/4536/2900 7806/4543/2892 7807/4544/2882
f 7798/4541/2899 7800/4541/2901 7801/4536/2902 7799/4536/2900
f 7792/4532/2896 7790/4534/2895 7797/4545/2898 7802/4546/2903
f 7802/4546/2903 7797/4545/2898 7796/4535/2898 7803/4539/2903
f 7790/4534/2895 7791/4533/2831 7798/4541/2899 7797/4545/2898
f 7797/4545/2898 7798/4541/2899 7799/4536/2900 7796/4535/2898
f 7806/4543/2892 7809/4543/2902 7808/4544/2901 7807/4544/2882
f 7805/4547/2892 7804/4547/2902 7811/4542/2901 7810/4542/2882
f 7798/4541/2899 7791/4533/2831 7805/4547/2892 7810/4542/2882
f 7791/4533/2831 7793/4533/2830 7804/4547/2902 7805/4547/2892
f 7799/4536/2900 7801/4536/2902 7809/4543/2902 7806/4543/2892
f 7795/4537/2826 7789/4537/2825 7807/4544/2882 7808/4544/2901
f 7816/4532/2906 7814/4534/2905 7815/4533/2829 7817/4533/2830
f 7820/4535/2908 7812/4538/2904 7813/4537/2827 7823/4536/2910
f 7827/4539/2911 7818/4540/2907 7812/4538/2904 7820/4535/2908
f 7824/4541/2901 7835/4542/2901 7834/4542/2883 7822/4541/2909
f 7812/4538/2904 7818/4540/2907 7819/4537/2826 7813/4537/2827
f 7813/4537/2827 7831/4544/2883 7830/4543/2893 7823/4536/2910
f 7822/4541/2909 7823/4536/2910 7825/4536/2902 7824/4541/2901
f 7816/4532/2906 7826/4546/2911 7821/4545/2908 7814/4534/2905
f 7826/4546/2911 7827/4539/2911 7820/4535/2908 7821/4545/2908
f 7814/4534/2905 7821/4545/2908 7822/4541/2909 7815/4533/2829
f 7821/4545/2908 7820/4535/2908 7823/4536/2910 7822/4541/2909
f 7830/4543/2893 7831/4544/2883 7832/4544/2901 7833/4543/2902
f 7829/4547/2893 7834/4542/2883 7835/4542/2901 7828/4547/2902
f 7822/4541/2909 7834/4542/2883 7829/4547/2893 7815/4533/2829
f 7815/4533/2829 7829/4547/2893 7828/4547/2902 7817/4533/2830
f 7823/4536/2910 7830/4543/2893 7833/4543/2902 7825/4536/2902
f 7819/4537/2826 7832/4544/2901 7831/4544/2883 7813/4537/2827
o L_Door
v -0.100000 0.000000 0.150000
v -0.100000 4.412624 0.150000
v 2.000000 0.000000 0.150000
v 2.000000 5.212625 0.150000
v 0.346447 0.000000 0.150000
v 0.346447 4.859071 0.150000
v 1.200000 0.000000 0.150000
v 1.200000 5.212625 0.150000
v 2.000000 4.412624 0.000000
v 0.346447 4.412624 0.150000
v -0.100000 0.000000 0.000000
v -0.100000 4.412624 0.000000
v 2.000000 0.000000 0.000000
v 2.000000 5.212625 0.000000
v 0.346447 4.859071 0.000000
v 0.346447 0.000000 0.000000
v 1.200000 5.212625 0.000000
v 1.200000 0.000000 0.000000
v 1.200000 4.412624 0.150000
v 2.000000 4.412624 0.150000
v -0.100000 0.000000 -0.150000
v -0.100000 4.412624 -0.150000
v 2.000000 0.000000 -0.150000
v 2.000000 5.212625 -0.150000
v 0.346447 0.000000 -0.150000
v 0.346447 4.859071 -0.150000
v 1.200000 0.000000 -0.150000
v 1.200000 5.212625 -0.150000
v 0.346447 4.412624 -0.150000
v 1.200000 4.412624 -0.150000
v 2.000000 4.412624 -0.150000
vn -0.5774 -0.5774 0.5774
vn -0.7173 0.2971 0.6303
vn 0.5774 -0.5774 0.5774
vn 0.5774 0.5774 0.5774
vn -0.0000 -0.7071 0.7071
vn -0.4146 0.6204 0.6657
vn -0.1456 0.7319 0.6657
vn 1.0000 -0.0000 -0.0000
vn -0.0000 -0.0000 1.0000
vn -0.7071 -0.7071 -0.0000
vn -0.9239 0.3827 -0.0000
vn 0.7071 -0.7071 -0.0000
vn 0.7071 0.7071 -0.0000
vn -0.5556 0.8315 -0.0000
vn -0.0000 -1.0000 -0.0000
vn -0.1951 0.9808 -0.0000
vn 0.7071 -0.0000 0.7071
vn -0.5774 -0.5774 -0.5774
vn -0.7173 0.2971 -0.6303
vn 0.5774 -0.5774 -0.5774
vn 0.5774 0.5774 -0.5774
vn -0.0000 -0.7071 -0.7071
vn -0.4146 0.6204 -0.6657
vn -0.1456 0.7319 -0.6657
vn -0.0000 -0.0000 -1.0000
vn 0.7071 -0.0000 -0.7071
vt 0.998328 0.750527
vt 0.952221 0.750527
vt 0.952221 0.952494
vt 0.998328 0.952494
vt 0.933439 0.958751
vt 0.952716 0.958751
vt 0.952716 0.754304
vt 0.933439 0.754304
vt 0.266304 0.625000
vt 0.375000 0.625000
vt 0.375000 0.750000
vt 0.266304 0.750000
vt 0.949693 0.923139
vt 0.949693 0.963356
vt 0.936180 0.963356
vt 0.936180 0.923139
vt 0.949693 0.846248
vt 0.936180 0.846248
vt 0.125000 0.625000
vt 0.173527 0.625000
vt 0.173527 0.750000
vt 0.125000 0.750000
vt 0.903028 0.750527
vt 0.903028 0.952494
vt 0.877298 0.952494
vt 0.877298 0.750527
vt 0.949693 0.774182
vt 0.936180 0.774182
vt 0.952716 0.995817
vt 0.933439 0.995817
vt 0.998328 0.995621
vt 0.952221 0.995621
vt 0.903028 0.981646
s 1
usemtl M_DungeonEnviro
f 7858/4548/2931 7862/4549/2933 7865/4550/2936 7866/4551/2937
f 7837/4552/2913 7847/4553/2922 7846/4554/2921 7836/4555/2912
f 7853/4556/2926 7848/4557/2923 7838/4558/2914 7842/4559/2916
f 7850/4560/2925 7847/4561/2922 7837/4562/2913 7841/4563/2917
f 7852/4564/2927 7850/4560/2925 7841/4563/2917 7843/4565/2918
f 7846/4566/2921 7851/4567/2926 7840/4568/2916 7836/4569/2912
f 7848/4554/2923 7844/4553/2919 7855/4552/2928 7838/4555/2914
f 7840/4570/2916 7845/4571/2920 7837/4572/2913 7836/4573/2912
f 7849/4574/2924 7852/4564/2927 7843/4565/2918 7839/4575/2915
f 7851/4567/2926 7853/4556/2926 7842/4559/2916 7840/4568/2916
f 7855/4552/2928 7844/4553/2919 7849/4576/2924 7839/4577/2915
f 7854/4550/2920 7855/4551/2928 7839/4578/2915 7843/4579/2918
f 7837/4572/2913 7845/4571/2920 7841/4580/2917
f 7845/4571/2920 7854/4550/2920 7843/4579/2918 7841/4580/2917
f 7842/4549/2916 7854/4550/2920 7845/4571/2920 7840/4570/2916
f 7857/4552/2930 7856/4555/2929 7846/4554/2921 7847/4553/2922
f 7853/4556/2926 7862/4559/2933 7858/4558/2931 7848/4557/2923
f 7850/4560/2925 7861/4563/2934 7857/4562/2930 7847/4561/2922
f 7852/4564/2927 7863/4565/2935 7861/4563/2934 7850/4560/2925
f 7846/4566/2921 7856/4569/2929 7860/4568/2933 7851/4567/2926
f 7848/4554/2923 7858/4555/2931 7866/4552/2937 7844/4553/2919
f 7860/4570/2933 7856/4573/2929 7857/4572/2930 7864/4571/2936
f 7849/4574/2924 7859/4575/2932 7863/4565/2935 7852/4564/2927
f 7851/4567/2926 7860/4568/2933 7862/4559/2933 7853/4556/2926
f 7866/4552/2937 7859/4577/2932 7849/4576/2924 7844/4553/2919
f 7865/4550/2936 7863/4579/2935 7859/4578/2932 7866/4551/2937
f 7857/4572/2930 7861/4580/2934 7864/4571/2936
f 7864/4571/2936 7861/4580/2934 7863/4579/2935 7865/4550/2936
f 7862/4549/2933 7860/4570/2933 7864/4571/2936 7865/4550/2936
f 7838/4548/2914 7855/4551/2928 7854/4550/2920 7842/4549/2916
o S_Gate
v -0.054911 0.200000 0.100000
v -0.054911 4.236920 0.100000
v -0.054911 0.200000 -0.100000
v -0.054911 4.236920 -0.100000
v 1.654911 0.200000 0.100000
v 1.654911 4.236920 0.100000
v 1.654911 0.200000 -0.100000
v 1.654911 4.236920 -0.100000
vn -0.5774 -0.5774 0.5774
vn -0.5774 0.5774 0.5774
vn -0.5774 -0.5774 -0.5774
vn -0.5774 0.5774 -0.5774
vn 0.5774 -0.5774 0.5774
vn 0.5774 0.5774 0.5774
vn 0.5774 -0.5774 -0.5774
vn 0.5774 0.5774 -0.5774
vt 0.877116 0.501814
vt 0.877116 0.748869
vt 0.881568 0.748869
vt 0.881568 0.501814
vt 0.876907 0.501814
vt 0.876907 0.748869
vt 0.998671 0.748869
vt 0.998671 0.501814
vt 0.944213 0.501814
vt 0.944213 0.748869
vt 0.938476 0.748869
vt 0.938476 0.501814
vt 0.998671 0.501814
vt 0.876907 0.501814
vt 0.876907 0.509335
vt 0.998671 0.509335
vt 0.998671 0.500659
vt 0.876907 0.500659
s 1
usemtl M_DungeonEnviro
f 7867/4581/2938 7868/4582/2939 7870/4583/2941 7869/4584/2940
f 7869/4585/2940 7870/4586/2941 7874/4587/2945 7873/4588/2944
f 7873/4589/2944 7874/4590/2945 7872/4591/2943 7871/4592/2942
f 7871/4593/2942 7872/4587/2943 7868/4586/2939 7867/4594/2938
f 7869/4595/2940 7873/4596/2944 7871/4597/2942 7867/4598/2938
f 7874/4596/2945 7870/4595/2941 7868/4598/2939 7872/4597/2943
o Decoration_Torch
v 0.000000 -0.471518 -0.068237
v 0.059095 -0.471518 -0.034119
v 0.059095 -0.471518 0.034119
v 0.000000 -0.471518 0.068237
v -0.059095 -0.471518 0.034119
v -0.059095 -0.471518 -0.034119
v 0.000000 0.000000 -0.091056
v 0.078857 0.000000 -0.045528
v 0.078857 0.000000 0.045528
v 0.000000 0.000000 0.091056
v -0.078857 0.000000 0.045528
v -0.078857 0.000000 -0.045528
v 0.087249 0.420068 -0.050373
v 0.087249 0.420068 0.050373
v 0.000000 0.420068 0.100747
v -0.087249 0.420068 0.050373
v -0.087249 0.420068 -0.050373
v 0.000000 0.420068 -0.100747
v 0.146223 0.452451 -0.084422
v 0.146223 0.452451 0.084422
v 0.000000 0.452451 0.168843
v -0.146223 0.452451 0.084422
v -0.146223 0.452451 -0.084422
v 0.000000 0.452451 -0.168843
v 0.210822 0.588584 -0.121718
v 0.210822 0.588584 0.121718
v 0.000000 0.588584 0.243436
v -0.210822 0.588584 0.121718
v -0.210822 0.588584 -0.121718
v 0.000000 0.588584 -0.243436
v 0.087249 0.357945 -0.050373
v 0.087249 0.357945 0.050373
v 0.000000 0.357945 0.100747
v -0.087249 0.357945 0.050373
v -0.087249 0.357945 -0.050373
v 0.000000 0.357945 -0.100747
v 0.146433 0.588584 -0.084543
v 0.146433 0.588584 0.084543
v 0.000000 0.588584 0.169087
v -0.146433 0.588584 0.084543
v -0.146433 0.588584 -0.084543
v 0.000000 0.588584 -0.169087
v 0.000000 0.479783 -0.000000
vn -0.0000 -0.6281 -0.7781
vn 0.6739 -0.6281 -0.3891
vn 0.6739 -0.6281 0.3891
vn -0.0000 -0.6281 0.7781
vn -0.6739 -0.6281 0.3891
vn -0.6739 -0.6281 -0.3891
vn -0.0000 -0.0376 -0.9993
vn 0.8654 -0.0376 -0.4996
vn 0.8654 -0.0376 0.4996
vn -0.0000 -0.0376 0.9993
vn -0.8654 -0.0376 0.4996
vn -0.8654 -0.0376 -0.4996
vn 0.6734 -0.6288 -0.3888
vn 0.6734 -0.6288 0.3888
vn -0.0000 -0.6288 0.7776
vn -0.6734 -0.6288 0.3888
vn -0.6734 -0.6288 -0.3888
vn -0.0000 -0.6288 -0.7776
vn 0.6347 -0.6803 -0.3664
vn 0.6347 -0.6803 0.3664
vn -0.0000 -0.6803 0.7329
vn -0.6347 -0.6803 0.3664
vn -0.6347 -0.6803 -0.3664
vn -0.0000 -0.6803 -0.7329
vn 0.7868 0.4178 -0.4543
vn 0.7868 0.4178 0.4543
vn -0.0000 0.4178 0.9086
vn -0.7868 0.4178 0.4543
vn -0.7868 0.4178 -0.4543
vn -0.0000 0.4178 -0.9086
vn 0.8659 -0.0135 -0.5000
vn 0.8659 -0.0135 0.5000
vn -0.0000 -0.0135 0.9999
vn -0.8659 -0.0135 0.5000
vn -0.8659 -0.0135 -0.5000
vn -0.0000 -0.0135 -0.9999
vn -0.1660 0.9815 0.0958
vn -0.1660 0.9815 -0.0958
vn -0.0000 0.9815 -0.1916
vn 0.1660 0.9815 -0.0958
vn 0.1660 0.9815 0.0958
vn -0.0000 0.9815 0.1916
vn -0.0000 1.0000 -0.0000
vt 0.810547 0.973002
vt 0.839601 0.956228
vt 0.839601 0.922678
vt 0.810547 0.905904
vt 0.781492 0.922678
vt 0.781492 0.956228
vt 0.786056 0.687416
vt 0.786056 0.775921
vt 0.772244 0.775921
vt 0.772244 0.687416
vt 0.799869 0.687416
vt 0.799869 0.775921
vt 0.813681 0.687416
vt 0.813681 0.775921
vt 0.827494 0.687416
vt 0.827494 0.775921
vt 0.841307 0.687416
vt 0.841307 0.775921
vt 0.855119 0.687416
vt 0.855119 0.775921
vt 0.230938 0.644883
vt 0.230938 0.645506
vt 0.236803 0.645506
vt 0.236803 0.644883
vt 0.234324 0.644883
vt 0.234324 0.645506
vt 0.227552 0.645506
vt 0.227552 0.644883
vt 0.225073 0.645506
vt 0.225073 0.644883
vt 0.236803 0.649667
vt 0.230938 0.653053
vt 0.230938 0.657631
vt 0.240767 0.651956
vt 0.225073 0.649667
vt 0.221109 0.651956
vt 0.225073 0.642895
vt 0.230938 0.639509
vt 0.230938 0.634931
vt 0.221109 0.640606
vt 0.236803 0.642895
vt 0.240767 0.640606
vt 0.216766 0.654463
vt 0.230938 0.662645
vt 0.230938 0.629917
vt 0.216766 0.638099
vt 0.245109 0.654463
vt 0.245109 0.638099
vt 0.786056 0.822850
vt 0.772244 0.822850
vt 0.799869 0.822850
vt 0.813681 0.822850
vt 0.827494 0.822850
vt 0.841307 0.822850
vt 0.855119 0.822850
vt 0.221094 0.651964
vt 0.230938 0.657647
vt 0.230938 0.634915
vt 0.221094 0.640598
vt 0.240781 0.651964
vt 0.240781 0.640598
vt 0.230938 0.646281
s 1
usemtl M_DungeonEnviro
f 7875/4599/2946 7876/4600/2947 7877/4601/2948 7878/4602/2949 7879/4603/2950 7880/4604/2951
f 7880/4605/2951 7886/4606/2957 7881/4607/2952 7875/4608/2946
f 7879/4609/2950 7885/4610/2956 7886/4606/2957 7880/4605/2951
f 7878/4611/2949 7884/4612/2955 7885/4610/2956 7879/4609/2950
f 7877/4613/2948 7883/4614/2954 7884/4612/2955 7878/4611/2949
f 7876/4615/2947 7882/4616/2953 7883/4614/2954 7877/4613/2948
f 7875/4617/2946 7881/4618/2952 7882/4616/2953 7876/4615/2947
f 7910/4619/2981 7892/4620/2963 7887/4621/2958 7905/4622/2976
f 7905/4623/2976 7887/4624/2958 7888/4625/2959 7906/4626/2977
f 7906/4622/2977 7888/4621/2959 7889/4620/2960 7907/4619/2978
f 7907/4619/2978 7889/4620/2960 7890/4627/2961 7908/4628/2979
f 7908/4626/2979 7890/4625/2961 7891/4624/2962 7909/4623/2980
f 7909/4628/2980 7891/4627/2962 7892/4620/2963 7910/4619/2981
f 7887/4629/2958 7892/4630/2963 7898/4631/2969 7893/4632/2964
f 7892/4630/2963 7891/4633/2962 7897/4634/2968 7898/4631/2969
f 7890/4635/2961 7889/4636/2960 7895/4637/2966 7896/4638/2967
f 7888/4639/2959 7887/4629/2958 7893/4632/2964 7894/4640/2965
f 7891/4633/2962 7890/4635/2961 7896/4638/2967 7897/4634/2968
f 7889/4636/2960 7888/4639/2959 7894/4640/2965 7895/4637/2966
f 7898/4631/2969 7897/4634/2968 7903/4641/2974 7904/4642/2975
f 7896/4638/2967 7895/4637/2966 7901/4643/2972 7902/4644/2973
f 7894/4640/2965 7893/4632/2964 7899/4645/2970 7900/4646/2971
f 7897/4634/2968 7896/4638/2967 7902/4644/2973 7903/4641/2974
f 7895/4637/2966 7894/4640/2965 7900/4646/2971 7901/4643/2972
f 7893/4632/2964 7898/4631/2969 7904/4642/2975 7899/4645/2970
f 7886/4606/2957 7909/4647/2980 7910/4648/2981 7881/4607/2952
f 7885/4610/2956 7908/4649/2979 7909/4647/2980 7886/4606/2957
f 7884/4612/2955 7907/4650/2978 7908/4649/2979 7885/4610/2956
f 7883/4614/2954 7906/4651/2977 7907/4650/2978 7884/4612/2955
f 7882/4616/2953 7905/4652/2976 7906/4651/2977 7883/4614/2954
f 7881/4618/2952 7910/4653/2981 7905/4652/2976 7882/4616/2953
f 7904/4642/2975 7903/4641/2974 7915/4654/2986 7916/4655/2987
f 7902/4644/2973 7901/4643/2972 7913/4656/2984 7914/4657/2985
f 7900/4646/2971 7899/4645/2970 7911/4658/2982 7912/4659/2983
f 7903/4641/2974 7902/4644/2973 7914/4657/2985 7915/4654/2986
f 7901/4643/2972 7900/4646/2971 7912/4659/2983 7913/4656/2984
f 7899/4645/2970 7904/4642/2975 7916/4655/2987 7911/4658/2982
f 7914/4657/2985 7913/4656/2984 7917/4660/2988
f 7912/4659/2983 7911/4658/2982 7917/4660/2988
f 7915/4654/2986 7914/4657/2985 7917/4660/2988
f 7913/4656/2984 7912/4659/2983 7917/4660/2988
f 7911/4658/2982 7916/4655/2987 7917/4660/2988
f 7916/4655/2987 7915/4654/2986 7917/4660/2988
o Decoration_WallScons
v 0.144038 -0.381038 0.335407
v 0.144038 0.381038 0.335407
v 0.144038 -0.381038 -0.335407
v 0.144038 0.381038 -0.335407
v 0.000000 -0.437453 -0.390357
v 0.000000 0.449476 -0.390357
v 0.000000 -0.437453 0.390357
v 0.000000 0.449476 0.390357
v 0.144038 -0.601202 0.000000
v 0.144038 0.381038 0.000000
v 0.000000 0.449476 0.000000
v 0.000000 -0.693686 0.000000
v 0.144038 -0.081907 0.052773
v 0.144038 0.023639 0.052773
v 0.144038 -0.081907 -0.052772
v 0.144038 0.023639 -0.052772
v 0.323194 -0.081907 -0.052772
v 0.323194 0.023639 0.052773
v 0.323194 0.023639 -0.052772
v 0.323194 -0.081907 0.052773
v 0.534279 -0.127668 0.050748
v 0.486492 -0.127668 0.098535
v 0.486492 0.069400 0.098535
v 0.534279 0.069400 0.050748
v 0.486492 -0.127668 -0.098534
v 0.534279 -0.127668 -0.050747
v 0.534279 0.069400 -0.050747
v 0.486492 0.069400 -0.098534
v 0.349539 -0.127668 -0.065397
v 0.382675 -0.127668 -0.098534
v 0.382675 0.069400 -0.098534
v 0.349539 0.069400 -0.065397
v 0.382675 -0.127668 0.098535
v 0.349539 -0.127668 0.065398
v 0.349539 0.069400 0.065398
v 0.382675 0.069400 0.098535
vn 0.7835 -0.2648 0.5621
vn 0.7742 0.4297 0.4646
vn 0.7835 -0.2648 -0.5621
vn 0.7742 0.4297 -0.4646
vn 0.4664 -0.4480 -0.7627
vn 0.5188 0.6159 -0.5929
vn 0.4664 -0.4480 0.7627
vn 0.5188 0.6159 0.5929
vn 0.8057 -0.5924 -0.0000
vn 0.8453 0.5342 -0.0000
vn 0.4292 0.9032 -0.0000
vn 0.5403 -0.8415 -0.0000
vn -0.0000 -0.7071 0.7071
vn -0.0000 0.7071 0.7071
vn -0.0000 -0.7071 -0.7071
vn -0.0000 0.7071 -0.7071
vn -0.5021 -0.4636 -0.7300
vn -0.5021 0.4636 0.7300
vn -0.5021 0.4636 -0.7300
vn -0.5021 -0.4636 0.7300
vn 0.7173 -0.6303 0.2971
vn 0.2971 -0.6303 0.7173
vn 0.2971 0.6303 0.7173
vn 0.7173 0.6303 0.2971
vn 0.2971 -0.6303 -0.7173
vn 0.7173 -0.6303 -0.2971
vn 0.7173 0.6303 -0.2971
vn 0.2971 0.6303 -0.7173
vn -0.5911 -0.7106 -0.3816
vn -0.2971 -0.6303 -0.7173
vn -0.2971 0.6303 -0.7173
vn -0.5911 0.7106 -0.3816
vn -0.2971 -0.6303 0.7173
vn -0.5911 -0.7106 0.3816
vn -0.5911 0.7106 0.3816
vn -0.2971 0.6303 0.7173
vt 0.076848 0.414701
vt 0.076848 0.445747
vt 0.074924 0.443352
vt 0.074924 0.416676
vt 0.063184 0.408970
vt 0.063184 0.443352
vt 0.051443 0.443352
vt 0.051443 0.416676
vt 0.063184 0.405732
vt 0.049520 0.414701
vt 0.063184 0.445747
vt 0.049520 0.445747
vt 0.103854 0.426182
vt 0.103854 0.431182
vt 0.095368 0.431182
vt 0.095368 0.426182
vt 0.113853 0.424014
vt 0.113853 0.433349
vt 0.105102 0.433349
vt 0.105102 0.424014
vt 0.106672 0.424014
vt 0.106672 0.433349
vt 0.111590 0.433349
vt 0.111590 0.424014
s 1
usemtl M_DungeonEnviro
f 7922/4661/2993 7923/4662/2994 7921/4663/2992 7920/4664/2991
f 7926/4665/2997 7927/4666/2998 7919/4667/2990 7918/4668/2989
f 7929/4669/3000 7926/4665/2997 7918/4668/2989 7924/4670/2995
f 7927/4666/2998 7928/4671/2999 7925/4672/2996 7919/4667/2990
f 7918/4668/2989 7919/4667/2990 7925/4672/2996 7924/4670/2995
f 7921/4663/2992 7923/4662/2994 7928/4671/2999 7927/4666/2998
f 7922/4661/2993 7920/4664/2991 7926/4665/2997 7929/4669/3000
f 7920/4664/2991 7921/4663/2992 7927/4666/2998 7926/4665/2997
f 7937/4673/3008 7935/4674/3006 7931/4675/3002 7930/4676/3001
f 7943/4677/3014 7944/4678/3015 7941/4678/3012 7938/4677/3009
f 7936/4674/3007 7933/4675/3004 7931/4675/3002 7935/4674/3006
f 7934/4673/3005 7936/4674/3007 7949/4679/3020 7946/4680/3017
f 7947/4681/3018 7948/4682/3019 7945/4683/3016 7942/4684/3013
f 7951/4680/3022 7952/4679/3023 7935/4674/3006 7937/4673/3008
f 7949/4679/3020 7936/4674/3007 7935/4674/3006 7952/4679/3023
f 7932/4676/3003 7933/4675/3004 7936/4674/3007 7934/4673/3005
f 7932/4676/3003 7934/4673/3005 7937/4673/3008 7930/4676/3001
f 7944/4678/3015 7945/4683/3016 7948/4682/3019 7949/4679/3020 7952/4679/3023 7953/4682/3024 7940/4683/3011 7941/4678/3012
f 7939/4684/3010 7940/4683/3011 7953/4682/3024 7950/4681/3021
f 7944/4678/3015 7943/4677/3014 7942/4684/3013 7945/4683/3016
f 7940/4683/3011 7939/4684/3010 7938/4677/3009 7941/4678/3012
f 7934/4673/3005 7946/4680/3017 7951/4680/3022 7937/4673/3008
f 7952/4679/3023 7951/4680/3022 7950/4681/3021 7953/4682/3024
f 7948/4682/3019 7947/4681/3018 7946/4680/3017 7949/4679/3020
f 7946/4680/3017 7947/4681/3018 7942/4684/3013 7943/4677/3014 7938/4677/3009 7939/4684/3010 7950/4681/3021 7951/4680/3022
o Decoration_WallFountain_Water
v 1.255455 1.000000 1.000000
v 1.255455 1.000000 -1.000000
v 0.000000 0.000000 1.000000
v 0.000000 0.000000 -1.000000
v 1.255455 0.000000 -1.000000
v 1.255455 0.000000 1.000000
v 0.105430 1.000000 1.000000
v 0.105430 0.000000 1.000000
v 0.105430 0.000000 -1.000000
v 0.191379 1.000000 -0.850527
v 1.169506 1.000000 -0.850527
v 1.169506 1.000000 0.850527
v 0.191379 1.000000 0.850527
v 0.191379 0.788400 -0.850527
v 1.169506 0.788400 -0.850527
v 1.169506 0.788400 0.850527
v 0.191379 0.788400 0.850527
v 0.000000 1.813601 1.000000
v 0.000000 1.813601 -1.000000
v 0.105430 1.813601 1.000000
v 0.105430 1.813601 -1.000000
v 0.000000 1.000000 1.000000
v 0.000000 1.000000 -1.000000
v 0.105430 1.000000 -1.000000
v 0.347976 1.362933 0.085252
v 0.347976 1.438069 0.085252
v 0.347976 1.362933 -0.085252
v 0.347976 1.438069 -0.085252
v 0.105430 1.315879 -0.085252
v 0.105430 1.438069 -0.085252
v 0.105430 1.315879 0.085252
v 0.105430 1.438069 0.085252
v 0.347976 1.362933 0.042999
v 0.347976 1.362933 -0.042999
v 0.347976 1.438069 -0.042999
v 0.347976 1.438069 0.042999
v 0.105430 1.438069 -0.042999
v 0.105430 1.438069 0.042999
v 0.105430 1.315879 -0.042999
v 0.105430 1.315879 0.042999
v 0.105430 1.480106 -0.085252
v 0.347976 1.480106 -0.085252
v 0.347976 1.480106 0.042999
v 0.347976 1.480106 0.085252
v 0.105430 1.480106 0.085252
v 0.105430 1.480106 0.042999
v 0.347976 1.480106 -0.042999
v 0.105430 1.480106 -0.042999
v 1.255455 1.000000 0.379197
v 1.255455 1.000000 -0.379197
v 1.255455 0.000000 -0.379208
v 1.255455 0.000000 0.379208
v 1.169506 1.000000 -0.379162
v 1.169506 1.000000 0.379162
v 0.191379 1.000000 -0.378878
v 0.191379 1.000000 0.378878
v 1.169506 0.788400 0.379101
v 1.169506 0.788400 -0.379101
v 0.191379 0.788400 0.379009
v 0.191379 0.788400 -0.379009
v 0.000000 1.929467 -0.378397
v 0.000000 1.929467 0.378397
v 0.105430 1.929456 0.378456
v 0.105430 1.929456 -0.378456
v 0.105430 1.000000 0.378699
v 0.105430 1.000000 -0.378699
vn 0.5774 0.5773 0.5774
vn 0.5774 0.5773 -0.5774
vn -0.0000 -0.0000 1.0000
vn -0.0000 -0.0000 -1.0000
vn 0.7071 -0.0000 -0.7071
vn 0.7071 -0.0000 0.7071
vn 0.3015 0.3015 0.9045
vn 0.3015 0.9045 0.3015
vn -0.3015 0.9045 0.3015
vn -0.3015 0.9045 -0.3015
vn 0.3015 0.9045 -0.3015
vn 0.5774 0.5774 0.5774
vn -0.5774 0.5774 0.5774
vn -0.5774 0.5774 -0.5774
vn 0.5774 0.5774 -0.5774
vn -0.0000 0.6390 0.7692
vn -0.0000 0.6390 -0.7692
vn 0.5877 0.5171 0.6223
vn 0.5877 0.5171 -0.6223
vn 0.3015 0.3015 -0.9045
vn 0.6240 -0.5146 0.5881
vn 0.6240 -0.5146 -0.5881
vn 0.1431 -0.7377 -0.6598
vn 0.1431 -0.7377 0.6598
vn 0.7715 -0.6362 -0.0000
vn 0.9045 0.3015 0.3015
vn 0.9045 0.3015 -0.3015
vn -0.0000 0.7071 0.7071
vn -0.0000 0.7071 -0.7071
vn 0.1904 -0.9817 -0.0000
vn 0.7071 0.7071 -0.0000
vn 1.0000 -0.0000 -0.0000
vn -0.7071 0.7071 -0.0000
vn 0.0001 0.9958 -0.0920
vn 0.0001 0.9958 0.0920
vn 0.6870 0.7236 0.0669
vn 0.6870 0.7236 -0.0669
vt 0.024018 0.287211
vt 0.053748 0.287211
vt 0.053748 0.341678
vt 0.024018 0.341678
vt 0.053748 0.360134
vt 0.053748 0.358154
vt 0.024018 0.455604
vt 0.053748 0.455604
vt 0.053748 0.460597
vt 0.024018 0.460597
vt 0.622247 0.328804
vt 0.534423 0.328816
vt 0.534423 0.267454
vt 0.622247 0.267454
vt 0.024018 0.401137
vt 0.053748 0.401137
vt 0.024018 0.282218
vt 0.053748 0.282218
vt 0.108215 0.384651
vt 0.108215 0.401137
vt 0.108215 0.384656
vt 0.622247 0.488825
vt 0.534423 0.488825
vt 0.534423 0.427463
vt 0.622247 0.427475
vt 0.108215 0.341678
vt 0.108215 0.360149
vt 0.108215 0.358164
vt 0.053748 0.382659
vt 0.113208 0.382657
vt 0.113208 0.401137
vt 0.148386 0.332867
vt 0.148386 0.368269
vt 0.121341 0.373310
vt 0.121351 0.332867
vt 0.088395 0.332867
vt 0.088405 0.373310
vt 0.061360 0.368269
vt 0.061360 0.332867
vt 0.013596 0.337106
vt 0.013596 0.345559
vt 0.013596 0.340361
vt 0.004724 0.340361
vt 0.004724 0.345559
vt 0.001801 0.345559
vt 0.001801 0.340361
vt 0.004724 0.337106
vt 0.001801 0.337106
vt 0.010673 0.345559
vt 0.010673 0.348466
vt 0.108215 0.382666
vt 0.113208 0.341678
vt 0.113208 0.360158
vt 0.053748 0.360156
vt 0.024018 0.360134
vt 0.053748 0.358156
vt 0.108215 0.358159
vt 0.024018 0.382681
vt 0.053748 0.382681
vt 0.053748 0.384661
vt 0.053748 0.384659
vt 0.004724 0.348466
vt 0.001801 0.348466
vt 0.010673 0.340361
vt 0.010673 0.337106
vt 0.013596 0.348466
s 1
usemtl M_DungeonEnviro
f 7962/4685/3028 7977/4686/3044 7955/4687/3026 7958/4688/3029
f 8003/4689/3055 7955/4687/3026 7964/4687/3033 8006/4690/3057
f 7961/4691/3027 7960/4692/3031 7975/4693/3027 7956/4694/3027
f 8010/4695/3057 8012/4696/3055 7970/4697/3039 7969/4698/3038
f 7959/4699/3030 7954/4700/3025 7960/4692/3031 7961/4691/3027
f 7957/4701/3028 7976/4702/3028 7977/4686/3044 7962/4685/3028
f 8009/4703/3055 7966/4704/3035 7970/4704/3039 8012/4705/3055
f 7955/4687/3026 7977/4686/3044 7963/4686/3032 7964/4687/3033
f 7960/4692/3031 7954/4700/3025 7965/4700/3034 7966/4692/3035
f 7968/4706/3037 7967/4707/3036 8013/4708/3055 8011/4709/3057
f 7966/4692/3035 7965/4700/3034 7969/4700/3038 7970/4692/3039
f 7964/4687/3033 7963/4686/3032 7967/4686/3036 7968/4687/3037
f 7977/4710/3044 8019/4711/3055 8008/4712/3055 7963/4710/3032
f 8016/4713/3060 8015/4714/3059 7971/4715/3040 7973/4700/3042
f 7976/4701/3028 7972/4702/3041 7974/4687/3043 7977/4688/3044
f 7977/4716/3044 7974/4717/3043 8017/4718/3061 8019/4719/3055
f 7960/4699/3031 7973/4700/3042 7971/4693/3040 7975/4694/3027
f 8018/4720/3055 8016/4721/3060 7973/4722/3042 7960/4723/3031
f 7982/4724/3047 7983/4725/3028 7981/4725/3029 7980/4726/3046
f 7986/4727/3049 7989/4728/3051 7979/4729/3030 7978/4730/3045
f 7993/4731/3054 7986/4727/3049 7978/4730/3045 7984/4732/3048
f 7990/4733/3052 7988/4733/3050 8000/4734/3036 8001/4734/3052
f 7978/4730/3045 7979/4729/3030 7985/4729/3027 7984/4732/3048
f 8018/4735/3055 7960/4704/3031 7966/4704/3035 8009/4703/3055
f 7974/4687/3043 7972/4736/3041 8014/4737/3058 8017/4738/3061
f 7958/4688/3029 7955/4687/3026 8003/4689/3055 8004/4739/3056
f 8006/4690/3057 7964/4687/3033 7968/4687/3037 8011/4740/3057
f 7963/4710/3032 8008/4712/3055 8013/4741/3055 7967/4710/3036
f 8005/4742/3056 8002/4743/3055 7954/4700/3025 7959/4699/3030
f 7965/4700/3034 8007/4744/3057 8010/4745/3057 7969/4700/3038
f 7979/4729/3030 7989/4728/3051 7996/4746/3039 7997/4747/3036
f 7988/4733/3050 7990/4733/3052 7991/4728/3053 7989/4728/3051
f 7982/4724/3047 7980/4726/3046 7987/4748/3049 7992/4749/3054
f 7992/4749/3054 7987/4748/3049 7986/4727/3049 7993/4731/3054
f 7980/4726/3046 7981/4725/3029 7988/4733/3050 7987/4748/3049
f 7987/4748/3049 7988/4733/3050 7989/4728/3051 7986/4727/3049
f 7996/4746/3039 7999/4746/3053 7998/4747/3052 7997/4747/3036
f 7995/4750/3039 7994/4750/3053 8001/4734/3052 8000/4734/3036
f 7988/4733/3050 7981/4725/3029 7995/4750/3039 8000/4734/3036
f 7981/4725/3029 7983/4725/3028 7994/4750/3053 7995/4750/3039
f 7989/4728/3051 7991/4728/3053 7999/4746/3053 7996/4746/3039
f 7985/4729/3027 7979/4729/3030 7997/4747/3036 7998/4747/3052
f 8015/4714/3059 8016/4713/3060 8017/4738/3061 8014/4737/3058
f 8016/4721/3060 8018/4720/3055 8019/4719/3055 8017/4718/3061
f 8009/4703/3055 8012/4705/3055 8013/4741/3055 8008/4712/3055
f 8012/4696/3055 8010/4695/3057 8011/4709/3057 8013/4708/3055
f 8003/4689/3055 8006/4690/3057 8007/4744/3057 8002/4743/3055
f 8006/4690/3057 8011/4740/3057 8010/4745/3057 8007/4744/3057
f 8018/4735/3055 8009/4703/3055 8008/4712/3055 8019/4711/3055
f 8002/4743/3055 8005/4742/3056 8004/4739/3056 8003/4689/3055
f 7954/4700/3025 8002/4743/3055 8007/4744/3057 7965/4700/3034
o Decoration_WallSlit
v -0.019205 -1.194661 0.535697
v -0.019205 1.145108 0.535697
v -0.019205 -1.194661 -0.536927
v -0.019205 1.145108 -0.536927
v 0.086225 -1.024777 0.277147
v 0.086225 0.975223 0.277147
v 0.086225 -1.024777 -0.278377
v 0.086225 0.975223 -0.278377
v 0.086225 0.871603 -0.116635
v 0.086225 -0.921157 -0.116635
v 0.086225 -0.921157 0.115406
v 0.086225 0.871603 0.115406
v 0.000000 0.850446 -0.078340
v 0.000000 -0.900000 -0.078340
v 0.000000 -0.900000 0.077110
v 0.000000 0.850446 0.077110
vn 0.9454 -0.2177 0.2425
vn 0.9454 0.2177 0.2425
vn 0.9454 -0.2177 -0.2425
vn 0.9454 0.2177 -0.2425
vn 0.9650 -0.2240 0.1368
vn 0.9650 0.2240 0.1368
vn 0.9650 -0.2240 -0.1368
vn 0.9650 0.2240 -0.1368
vn 0.9573 -0.1953 0.2133
vn 0.9573 0.1953 0.2133
vn 0.9573 0.1953 -0.2133
vn 0.9573 -0.1953 -0.2133
vn 0.7391 -0.5127 0.4369
vn 0.7391 0.5127 0.4369
vn 0.7391 0.5127 -0.4369
vn 0.7391 -0.5127 -0.4369
vt 0.320141 0.867204
vt 0.320141 0.966534
vt 0.309165 0.959322
vt 0.309165 0.874416
vt 0.302298 0.954923
vt 0.302298 0.878815
vt 0.285581 0.874416
vt 0.285581 0.959322
vt 0.274605 0.966534
vt 0.274605 0.867204
vt 0.292448 0.954923
vt 0.292448 0.878815
vt 0.294073 0.879713
vt 0.294073 0.954025
vt 0.767495 0.522680
vt 0.767495 0.619106
vt 0.758932 0.619106
vt 0.758932 0.522680
vt 0.300673 0.879713
vt 0.300673 0.954025
s 1
usemtl M_DungeonEnviro
f 8022/4751/3064 8023/4752/3065 8027/4753/3069 8026/4754/3068
f 8026/4754/3068 8027/4753/3069 8028/4755/3070 8029/4756/3071
f 8024/4757/3066 8025/4758/3067 8021/4759/3063 8020/4760/3062
f 8022/4751/3064 8026/4754/3068 8024/4757/3066 8020/4760/3062
f 8027/4753/3069 8023/4752/3065 8021/4759/3063 8025/4758/3067
f 8031/4761/3073 8030/4762/3072 8034/4763/3076 8035/4764/3077
f 8025/4758/3067 8024/4757/3066 8030/4762/3072 8031/4761/3073
f 8024/4757/3066 8026/4754/3068 8029/4756/3071 8030/4762/3072
f 8027/4753/3069 8025/4758/3067 8031/4761/3073 8028/4755/3070
f 8033/4765/3075 8032/4766/3074 8035/4767/3077 8034/4768/3076
f 8030/4762/3072 8029/4756/3071 8033/4769/3075 8034/4763/3076
f 8028/4755/3070 8031/4761/3073 8035/4764/3077 8032/4770/3074
f 8029/4756/3071 8028/4755/3070 8032/4770/3074 8033/4769/3075
o S_Door
v -0.054911 0.200000 0.100000
v -0.054911 4.236920 0.100000
v -0.054911 0.200000 -0.100000
v -0.054911 4.236920 -0.100000
v 1.654911 0.200000 0.100000
v 1.654911 4.236920 0.100000
v 1.654911 0.200000 -0.100000
v 1.654911 4.236920 -0.100000
vn -0.5774 -0.5774 0.5774
vn -0.5774 0.5774 0.5774
vn -0.5774 -0.5774 -0.5774
vn -0.5774 0.5774 -0.5774
vn 0.5774 -0.5774 0.5774
vn 0.5774 0.5774 0.5774
vn 0.5774 -0.5774 -0.5774
vn 0.5774 0.5774 -0.5774
vt 0.890533 0.751814
vt 0.890533 0.998869
vt 0.902414 0.998869
vt 0.902414 0.751814
vt 0.876907 0.751814
vt 0.876907 0.998869
vt 0.998671 0.998869
vt 0.998671 0.751814
vt 0.945707 0.755248
vt 0.945707 0.995438
vt 0.933807 0.995438
vt 0.933807 0.755248
vt 0.998671 0.998869
vt 0.876907 0.751814
vt 0.875698 0.771054
vt 0.997882 0.771054
vt 0.997882 0.756762
vt 0.875698 0.756762
s 1
usemtl M_DungeonEnviro
f 8036/4771/3078 8037/4772/3079 8039/4773/3081 8038/4774/3080
f 8038/4775/3080 8039/4776/3081 8043/4777/3085 8042/4778/3084
f 8042/4779/3084 8043/4780/3085 8041/4781/3083 8040/4782/3082
f 8040/4778/3082 8041/4783/3083 8037/4776/3079 8036/4784/3078
f 8038/4785/3080 8042/4786/3084 8040/4787/3082 8036/4788/3078
f 8043/4786/3085 8039/4785/3081 8037/4788/3079 8041/4787/3083
o L_Gate
v -0.100000 0.000000 0.150000
v -0.100000 4.412624 0.150000
v 2.000000 0.000000 0.150000
v 2.000000 5.212625 0.150000
v 0.346447 0.000000 0.150000
v 0.346447 4.859071 0.150000
v 1.200000 0.000000 0.150000
v 1.200000 5.212625 0.150000
v 2.000000 4.412624 0.000000
v 0.346447 4.412624 0.150000
v -0.100000 0.000000 0.000000
v -0.100000 4.412624 0.000000
v 2.000000 0.000000 0.000000
v 2.000000 5.212625 0.000000
v 0.346447 4.859071 0.000000
v 0.346447 0.000000 0.000000
v 1.200000 5.212625 0.000000
v 1.200000 0.000000 0.000000
v 1.200000 4.412624 0.150000
v 2.000000 4.412624 0.150000
v -0.100000 0.000000 -0.150000
v -0.100000 4.412624 -0.150000
v 2.000000 0.000000 -0.150000
v 2.000000 5.212625 -0.150000
v 0.346447 0.000000 -0.150000
v 0.346447 4.859071 -0.150000
v 1.200000 0.000000 -0.150000
v 1.200000 5.212625 -0.150000
v 0.346447 4.412624 -0.150000
v 1.200000 4.412624 -0.150000
v 2.000000 4.412624 -0.150000
vn -0.5774 -0.5774 0.5774
vn -0.7173 0.2971 0.6303
vn 0.5774 -0.5774 0.5774
vn 0.5774 0.5774 0.5774
vn -0.0000 -0.7071 0.7071
vn -0.4146 0.6204 0.6657
vn -0.1456 0.7319 0.6657
vn 1.0000 -0.0000 -0.0000
vn -0.0000 -0.0000 1.0000
vn -0.7071 -0.7071 -0.0000
vn -0.9239 0.3827 -0.0000
vn 0.7071 -0.7071 -0.0000
vn 0.7071 0.7071 -0.0000
vn -0.5556 0.8315 -0.0000
vn -0.0000 -1.0000 -0.0000
vn -0.1951 0.9808 -0.0000
vn 0.7071 -0.0000 0.7071
vn -0.5774 -0.5774 -0.5774
vn -0.7173 0.2971 -0.6303
vn 0.5774 -0.5774 -0.5774
vn 0.5774 0.5774 -0.5774
vn -0.0000 -0.7071 -0.7071
vn -0.4146 0.6204 -0.6657
vn -0.1456 0.7319 -0.6657
vn -0.0000 -0.0000 -1.0000
vn 0.7071 -0.0000 -0.7071
vt 0.998328 0.503271
vt 0.952221 0.503271
vt 0.952221 0.740892
vt 0.998328 0.740892
vt 0.876759 0.741336
vt 0.881209 0.741336
vt 0.881209 0.503947
vt 0.876759 0.503947
vt 0.952942 0.514850
vt 0.998047 0.514850
vt 0.998047 0.506393
vt 0.952942 0.506393
vt 0.944932 0.675883
vt 0.944932 0.716100
vt 0.938229 0.716100
vt 0.938229 0.675883
vt 0.944932 0.598992
vt 0.938229 0.598992
vt 0.879648 0.514850
vt 0.904819 0.514850
vt 0.904819 0.506393
vt 0.879648 0.506393
vt 0.944380 0.503947
vt 0.944380 0.741336
vt 0.939929 0.741336
vt 0.939929 0.503947
vt 0.903028 0.503271
vt 0.903028 0.740892
vt 0.877298 0.740892
vt 0.877298 0.503271
vt 0.944932 0.526925
vt 0.938229 0.526925
vt 0.939929 0.676422
vt 0.944380 0.676422
vt 0.944380 0.713487
vt 0.939929 0.713487
vt 0.952221 0.648268
vt 0.998328 0.648268
vt 0.998328 0.691395
vt 0.952221 0.691395
vt 0.877298 0.648268
vt 0.903028 0.648268
vt 0.903028 0.677420
vt 0.952942 0.523307
vt 0.998047 0.523307
vt 0.879648 0.523307
vt 0.904819 0.523307
s 1
usemtl M_DungeonEnviro
f 8066/4789/3105 8070/4790/3107 8073/4791/3110 8074/4792/3111
f 8045/4793/3087 8055/4794/3096 8054/4795/3095 8044/4796/3086
f 8061/4797/3100 8056/4798/3097 8046/4799/3088 8050/4800/3090
f 8058/4801/3099 8055/4802/3096 8045/4803/3087 8049/4804/3091
f 8060/4805/3101 8058/4801/3099 8049/4804/3091 8051/4806/3092
f 8054/4807/3095 8059/4808/3100 8048/4809/3090 8044/4810/3086
f 8056/4811/3097 8052/4812/3093 8063/4813/3102 8046/4814/3088
f 8048/4815/3090 8053/4816/3094 8045/4817/3087 8044/4818/3086
f 8057/4819/3098 8060/4805/3101 8051/4806/3092 8047/4820/3089
f 8059/4808/3100 8061/4797/3100 8050/4800/3090 8048/4809/3090
f 8063/4821/3102 8052/4822/3093 8057/4823/3098 8047/4824/3089
f 8062/4825/3094 8063/4826/3102 8047/4827/3089 8051/4828/3092
f 8045/4829/3087 8053/4830/3094 8049/4831/3091
f 8053/4830/3094 8062/4825/3094 8051/4828/3092 8049/4831/3091
f 8050/4790/3090 8062/4791/3094 8053/4816/3094 8048/4815/3090
f 8065/4793/3104 8064/4796/3103 8054/4795/3095 8055/4794/3096
f 8061/4797/3100 8070/4832/3107 8066/4833/3105 8056/4798/3097
f 8058/4801/3099 8069/4804/3108 8065/4803/3104 8055/4802/3096
f 8060/4805/3101 8071/4806/3109 8069/4804/3108 8058/4801/3099
f 8054/4807/3095 8064/4834/3103 8068/4835/3107 8059/4808/3100
f 8056/4811/3097 8066/4814/3105 8074/4813/3111 8052/4812/3093
f 8068/4815/3107 8064/4818/3103 8065/4817/3104 8072/4816/3110
f 8057/4819/3098 8067/4820/3106 8071/4806/3109 8060/4805/3101
f 8059/4808/3100 8068/4835/3107 8070/4832/3107 8061/4797/3100
f 8074/4821/3111 8067/4824/3106 8057/4823/3098 8052/4822/3093
f 8073/4825/3110 8071/4828/3109 8067/4827/3106 8074/4826/3111
f 8065/4829/3104 8069/4831/3108 8072/4830/3110
f 8072/4830/3110 8069/4831/3108 8071/4828/3109 8073/4825/3110
f 8070/4790/3107 8068/4815/3107 8072/4816/3110 8073/4791/3110
f 8046/4789/3088 8063/4792/3102 8062/4791/3094 8050/4790/3090
o Decoration_WallFountain_Empty
v 1.255455 1.000000 1.000000
v 1.255455 1.000000 -1.000000
v 0.000000 0.000000 1.000000
v 0.000000 0.000000 -1.000000
v 1.255455 0.000000 -1.000000
v 1.255455 0.000000 1.000000
v 0.105430 1.000000 1.000000
v 0.105430 0.000000 1.000000
v 0.105430 0.000000 -1.000000
v 0.191379 1.000000 -0.850527
v 1.169506 1.000000 -0.850527
v 1.169506 1.000000 0.850527
v 0.191379 1.000000 0.850527
v 0.191379 0.227162 -0.850527
v 1.169506 0.227162 -0.850527
v 1.169506 0.227162 0.850527
v 0.191379 0.227162 0.850527
v 0.000000 1.813601 1.000000
v 0.000000 1.813601 -1.000000
v 0.105430 1.813601 1.000000
v 0.105430 1.813601 -1.000000
v 0.000000 1.000000 1.000000
v 0.000000 1.000000 -1.000000
v 0.105430 1.000000 -1.000000
v 0.347976 1.362933 0.085252
v 0.347976 1.438069 0.085252
v 0.347976 1.362933 -0.085252
v 0.347976 1.438069 -0.085252
v 0.105430 1.315879 -0.085252
v 0.105430 1.438069 -0.085252
v 0.105430 1.315879 0.085252
v 0.105430 1.438069 0.085252
v 0.347976 1.362933 0.042999
v 0.347976 1.362933 -0.042999
v 0.347976 1.438069 -0.042999
v 0.347976 1.438069 0.042999
v 0.105430 1.438069 -0.042999
v 0.105430 1.438069 0.042999
v 0.105430 1.315879 -0.042999
v 0.105430 1.315879 0.042999
v 0.105430 1.480106 -0.085252
v 0.347976 1.480106 -0.085252
v 0.347976 1.480106 0.042999
v 0.347976 1.480106 0.085252
v 0.105430 1.480106 0.085252
v 0.105430 1.480106 0.042999
v 0.347976 1.480106 -0.042999
v 0.105430 1.480106 -0.042999
v 1.255455 1.000000 0.379197
v 1.255455 1.000000 -0.379197
v 1.255455 0.000000 -0.379208
v 1.255455 0.000000 0.379208
v 1.169506 1.000000 -0.379162
v 1.169506 1.000000 0.379162
v 0.191379 1.000000 -0.378878
v 0.191379 1.000000 0.378878
v 1.169506 0.227162 0.379101
v 1.169506 0.227162 -0.379101
v 0.191379 0.227162 0.379009
v 0.191379 0.227162 -0.379009
v 0.000000 1.929467 -0.378397
v 0.000000 1.929467 0.378397
v 0.105430 1.929456 0.378456
v 0.105430 1.929456 -0.378456
v 0.105430 1.000000 0.378699
v 0.105430 1.000000 -0.378699
vn 0.5774 0.5773 0.5774
vn 0.5774 0.5773 -0.5774
vn -0.0000 -0.0000 1.0000
vn -0.0000 -0.0000 -1.0000
vn 0.7071 -0.0000 -0.7071
vn 0.7071 -0.0000 0.7071
vn 0.3015 0.3015 0.9045
vn 0.3015 0.9045 0.3015
vn -0.3015 0.9045 0.3015
vn -0.3015 0.9045 -0.3015
vn 0.3015 0.9045 -0.3015
vn 0.5774 0.5774 0.5774
vn -0.5774 0.5774 0.5774
vn -0.5774 0.5774 -0.5774
vn 0.5774 0.5774 -0.5774
vn -0.0000 0.6390 0.7692
vn -0.0000 0.6390 -0.7692
vn 0.5877 0.5171 0.6223
vn 0.5877 0.5171 -0.6223
vn 0.3015 0.3015 -0.9045
vn 0.6240 -0.5146 0.5881
vn 0.6240 -0.5146 -0.5881
vn 0.1431 -0.7377 -0.6598
vn 0.1431 -0.7377 0.6598
vn 0.7715 -0.6362 -0.0000
vn 0.9045 0.3015 0.3015
vn 0.9045 0.3015 -0.3015
vn -0.0000 0.7071 0.7071
vn -0.0000 0.7071 -0.7071
vn 0.1904 -0.9817 -0.0000
vn 0.7071 0.7071 -0.0000
vn 1.0000 -0.0000 -0.0000
vn -0.7071 0.7071 -0.0000
vn 0.0001 0.9958 -0.0920
vn 0.0001 0.9958 0.0920
vn 0.6870 0.7236 0.0669
vn 0.6870 0.7236 -0.0669
vt 0.024018 0.287211
vt 0.053748 0.287211
vt 0.053748 0.341678
vt 0.024018 0.341678
vt 0.053748 0.360134
vt 0.053748 0.358154
vt 0.024018 0.455604
vt 0.053748 0.455604
vt 0.053748 0.460597
vt 0.024018 0.460597
vt 0.203189 0.356358
vt 0.173412 0.356362
vt 0.173412 0.335557
vt 0.203189 0.335557
vt 0.024018 0.401137
vt 0.053748 0.401137
vt 0.024018 0.282218
vt 0.053748 0.282218
vt 0.032216 0.297639
vt 0.032216 0.311477
vt 0.009540 0.311477
vt 0.009540 0.297642
vt 0.203189 0.410615
vt 0.173412 0.410615
vt 0.173412 0.389809
vt 0.203189 0.389813
vt 0.032216 0.340177
vt 0.009540 0.340177
vt 0.032216 0.390088
vt 0.032216 0.418787
vt 0.009540 0.418787
vt 0.009540 0.390088
vt 0.108215 0.341678
vt 0.108215 0.360149
vt 0.108215 0.358164
vt 0.053748 0.382659
vt 0.113208 0.382657
vt 0.113208 0.401137
vt 0.148386 0.332867
vt 0.148386 0.368269
vt 0.121341 0.373310
vt 0.121351 0.332867
vt 0.088395 0.332867
vt 0.088405 0.373310
vt 0.061360 0.368269
vt 0.061360 0.332867
vt 0.013596 0.337106
vt 0.013596 0.345559
vt 0.013596 0.340361
vt 0.004724 0.340361
vt 0.004724 0.345559
vt 0.001801 0.345559
vt 0.001801 0.340361
vt 0.004724 0.337106
vt 0.001801 0.337106
vt 0.010673 0.345559
vt 0.010673 0.348466
vt 0.108215 0.382666
vt 0.108215 0.401137
vt 0.108215 0.384651
vt 0.113208 0.341678
vt 0.113208 0.360158
vt 0.053748 0.360156
vt 0.024018 0.360134
vt 0.032216 0.376257
vt 0.009540 0.376256
vt 0.032216 0.261566
vt 0.032216 0.275405
vt 0.009540 0.275401
vt 0.009540 0.261566
vt 0.024018 0.382681
vt 0.053748 0.382681
vt 0.032216 0.354007
vt 0.009540 0.354009
vt 0.004724 0.348466
vt 0.001801 0.348466
vt 0.010673 0.340361
vt 0.010673 0.337106
vt 0.013596 0.348466
vt 0.053748 0.384661
s 1
usemtl M_DungeonEnviro
f 8083/4836/3115 8098/4837/3131 8076/4838/3113 8079/4839/3116
f 8124/4840/3142 8076/4838/3113 8085/4838/3120 8127/4841/3144
f 8082/4842/3114 8081/4843/3118 8096/4844/3114 8077/4845/3114
f 8131/4846/3144 8133/4847/3142 8091/4848/3126 8090/4849/3125
f 8080/4850/3117 8075/4851/3112 8081/4843/3118 8082/4842/3114
f 8078/4852/3115 8097/4853/3115 8098/4837/3131 8083/4836/3115
f 8130/4854/3142 8087/4855/3122 8091/4856/3126 8133/4857/3142
f 8076/4838/3113 8098/4837/3131 8084/4837/3119 8085/4838/3120
f 8081/4843/3118 8075/4851/3112 8086/4851/3121 8087/4843/3122
f 8089/4858/3124 8088/4859/3123 8134/4860/3142 8132/4861/3144
f 8087/4855/3122 8086/4862/3121 8090/4863/3125 8091/4856/3126
f 8085/4864/3120 8084/4865/3119 8088/4866/3123 8089/4867/3124
f 8098/4868/3131 8140/4869/3142 8129/4870/3142 8084/4868/3119
f 8137/4871/3147 8136/4872/3146 8092/4873/3127 8094/4851/3129
f 8097/4852/3115 8093/4853/3128 8095/4838/3130 8098/4839/3131
f 8098/4874/3131 8095/4875/3130 8138/4876/3148 8140/4877/3142
f 8081/4850/3118 8094/4851/3129 8092/4844/3127 8096/4845/3114
f 8139/4878/3142 8137/4879/3147 8094/4880/3129 8081/4881/3118
f 8103/4882/3134 8104/4883/3115 8102/4883/3116 8101/4884/3133
f 8107/4885/3136 8110/4886/3138 8100/4887/3117 8099/4888/3132
f 8114/4889/3141 8107/4885/3136 8099/4888/3132 8105/4890/3135
f 8111/4891/3139 8109/4891/3137 8121/4892/3123 8122/4892/3139
f 8099/4888/3132 8100/4887/3117 8106/4887/3114 8105/4890/3135
f 8139/4893/3142 8081/4894/3118 8087/4894/3122 8130/4895/3142
f 8095/4838/3130 8093/4896/3128 8135/4897/3145 8138/4898/3148
f 8079/4839/3116 8076/4838/3113 8124/4840/3142 8125/4899/3143
f 8127/4900/3144 8085/4864/3120 8089/4867/3124 8132/4901/3144
f 8084/4902/3119 8129/4903/3142 8134/4904/3142 8088/4905/3123
f 8126/4906/3143 8123/4907/3142 8075/4851/3112 8080/4850/3117
f 8086/4862/3121 8128/4908/3144 8131/4909/3144 8090/4863/3125
f 8100/4887/3117 8110/4886/3138 8117/4910/3126 8118/4911/3123
f 8109/4891/3137 8111/4891/3139 8112/4886/3140 8110/4886/3138
f 8103/4882/3134 8101/4884/3133 8108/4912/3136 8113/4913/3141
f 8113/4913/3141 8108/4912/3136 8107/4885/3136 8114/4889/3141
f 8101/4884/3133 8102/4883/3116 8109/4891/3137 8108/4912/3136
f 8108/4912/3136 8109/4891/3137 8110/4886/3138 8107/4885/3136
f 8117/4910/3126 8120/4910/3140 8119/4911/3139 8118/4911/3123
f 8116/4914/3126 8115/4914/3140 8122/4892/3139 8121/4892/3123
f 8109/4891/3137 8102/4883/3116 8116/4914/3126 8121/4892/3123
f 8102/4883/3116 8104/4883/3115 8115/4914/3140 8116/4914/3126
f 8110/4886/3138 8112/4886/3140 8120/4910/3140 8117/4910/3126
f 8106/4887/3114 8100/4887/3117 8118/4911/3123 8119/4911/3139
f 8136/4872/3146 8137/4871/3147 8138/4898/3148 8135/4897/3145
f 8137/4879/3147 8139/4878/3142 8140/4877/3142 8138/4876/3148
f 8130/4854/3142 8133/4857/3142 8134/4904/3142 8129/4903/3142
f 8133/4847/3142 8131/4846/3144 8132/4861/3144 8134/4860/3142
f 8124/4840/3142 8127/4841/3144 8128/4915/3144 8123/4907/3142
f 8127/4900/3144 8132/4901/3144 8131/4909/3144 8128/4908/3144
f 8139/4893/3142 8130/4895/3142 8129/4870/3142 8140/4869/3142
f 8123/4907/3142 8126/4906/3143 8125/4899/3143 8124/4840/3142
f 8075/4851/3112 8123/4907/3142 8128/4915/3144 8086/4851/3121
